2025-12-27 13:18:03.649 [main] INFO  org.example.zalu.server.ChatServer - ⚠ BỎ QUA KIỂM TRA LICENSE (yêu cầu bảo mật đã tắt cho bản dev).
2025-12-27 13:18:03.698 [main] INFO  org.example.zalu.server.ChatServer - ✓ Tất cả DAO đã khởi tạo thành công với HikariCP!
2025-12-27 13:18:03.699 [main] INFO  org.example.zalu.server.ChatServer - === Kiểm tra cấu hình MySQL ===
2025-12-27 13:18:04.139 [main] INFO  o.e.z.u.database.MySQLConfigHelper - MySQL max_allowed_packet hiện tại: 1048576 bytes (1 MB)
2025-12-27 13:18:04.142 [main] WARN  o.e.z.u.database.MySQLConfigHelper - max_allowed_packet quá nhỏ, đang thử set GLOBAL...
2025-12-27 13:18:04.144 [main] INFO  o.e.z.u.database.MySQLConfigHelper - ✓ Đã set GLOBAL max_allowed_packet=16MB thành công!
2025-12-27 13:18:04.144 [main] INFO  o.e.z.u.database.MySQLConfigHelper -   Lưu ý: Giá trị này sẽ mất khi restart MySQL.
2025-12-27 13:18:04.145 [main] INFO  o.e.z.u.database.MySQLConfigHelper -   Để cấu hình vĩnh viễn, xem file SETUP_MYSQL.md
2025-12-27 13:18:04.157 [main] INFO  org.example.zalu.server.ChatServer - ================================

2025-12-27 13:18:09.174 [Thread-5] INFO  org.example.zalu.server.ChatServer - 🚀 Zalu Server đang chạy trên port 5000
2025-12-27 13:18:09.180 [Discovery-Listener] INFO  o.e.z.server.ServerDiscoveryListener - === UDP Discovery Listener Starting ===
2025-12-27 13:18:09.182 [Discovery-Listener] INFO  o.e.z.server.ServerDiscoveryListener - TCP Port to advertise: 5000
2025-12-27 13:18:09.183 [Discovery-Listener] INFO  o.e.z.server.ServerDiscoveryListener - UDP Discovery Port: 8888
2025-12-27 13:18:09.199 [Discovery-Listener] INFO  o.e.z.server.ServerDiscoveryListener - ✓ Server Discovery đang lắng nghe UDP trên port 8888
2025-12-27 13:18:09.200 [Discovery-Listener] INFO  o.e.z.server.ServerDiscoveryListener - ✓ Broadcast mode: ENABLED
2025-12-27 13:18:09.202 [Discovery-Listener] INFO  o.e.z.server.ServerDiscoveryListener - ✓ Sẵn sàng nhận discovery requests từ clients...
2025-12-27 13:18:09.818 [JavaFX Application Thread] INFO  org.example.zalu.ZaluApplication - === Khởi động Zalu Client ===
2025-12-27 13:18:09.823 [JavaFX Application Thread] INFO  org.example.zalu.ZaluApplication - ⚠ License check đã bị vô hiệu hóa – dùng cho môi trường phát triển.
2025-12-27 13:18:09.824 [JavaFX Application Thread] INFO  org.example.zalu.ZaluApplication - ℹ Sẽ tìm kiếm server tự động qua UDP Discovery...
2025-12-27 13:18:10.393 [JavaFX Application Thread] INFO  o.e.z.c.auth.LoginController - === Khởi động Auto-Discovery ===
2025-12-27 13:18:10.396 [ServerDiscovery-Thread] INFO  o.e.z.c.auth.LoginController - Bắt đầu quá trình tìm kiếm server tự động...
2025-12-27 13:18:10.399 [ServerDiscovery-Thread] INFO  o.e.z.client.ServerDiscoveryClient - === Bắt đầu tìm kiếm Server trong mạng LAN ===
2025-12-27 13:18:10.400 [ServerDiscovery-Thread] INFO  o.e.z.client.ServerDiscoveryClient - Discovery Port: 8888
2025-12-27 13:18:10.402 [ServerDiscovery-Thread] INFO  o.e.z.client.ServerDiscoveryClient - Timeout: 3000ms
2025-12-27 13:18:10.415 [ServerDiscovery-Thread] INFO  o.e.z.client.ServerDiscoveryClient - ✓ UDP Socket đã khởi tạo
2025-12-27 13:18:10.415 [ServerDiscovery-Thread] INFO  o.e.z.client.ServerDiscoveryClient - ✓ Broadcast mode: ENABLED
2025-12-27 13:18:10.416 [ServerDiscovery-Thread] INFO  o.e.z.client.ServerDiscoveryClient - ✓ Timeout: 3000ms
2025-12-27 13:18:10.419 [ServerDiscovery-Thread] INFO  o.e.z.client.ServerDiscoveryClient - >>> [Broadcast #1] Sent to 255.255.255.255:8888
2025-12-27 13:18:10.419 [Discovery-Listener] INFO  o.e.z.server.ServerDiscoveryListener - >>> [Request #1] Discovery request từ 10.219.179.108:51550
2025-12-27 13:18:10.419 [ServerDiscovery-Thread] INFO  o.e.z.client.ServerDiscoveryClient - Đang quét các network interfaces...
2025-12-27 13:18:10.421 [Discovery-Listener] INFO  o.e.z.server.ServerDiscoveryListener - <<< [Response #1] Đã gửi response tới 10.219.179.108:51550 - TCP Port: 5000
2025-12-27 13:18:10.425 [ServerDiscovery-Thread] INFO  o.e.z.client.ServerDiscoveryClient -   [Interface #1] WAN Miniport (IP)-WFP Native MAC Layer LightWeight Filter-0000 - ACTIVE
2025-12-27 13:18:10.426 [ServerDiscovery-Thread] INFO  o.e.z.client.ServerDiscoveryClient -   [Interface #2] WAN Miniport (IP)-QoS Packet Scheduler-0000 - ACTIVE
2025-12-27 13:18:10.426 [ServerDiscovery-Thread] INFO  o.e.z.client.ServerDiscoveryClient -   [Interface #3] WAN Miniport (IPv6)-WFP Native MAC Layer LightWeight Filter-0000 - ACTIVE
2025-12-27 13:18:10.427 [ServerDiscovery-Thread] INFO  o.e.z.client.ServerDiscoveryClient -   [Interface #4] WAN Miniport (IPv6)-QoS Packet Scheduler-0000 - ACTIVE
2025-12-27 13:18:10.427 [ServerDiscovery-Thread] INFO  o.e.z.client.ServerDiscoveryClient -   [Interface #5] WAN Miniport (Network Monitor)-WFP Native MAC Layer LightWeight Filter-0000 - ACTIVE
2025-12-27 13:18:10.427 [ServerDiscovery-Thread] INFO  o.e.z.client.ServerDiscoveryClient -   [Interface #6] WAN Miniport (Network Monitor)-QoS Packet Scheduler-0000 - ACTIVE
2025-12-27 13:18:10.429 [ServerDiscovery-Thread] INFO  o.e.z.client.ServerDiscoveryClient -   [Interface #8] WAN Miniport (IP) - ACTIVE
2025-12-27 13:18:10.429 [ServerDiscovery-Thread] INFO  o.e.z.client.ServerDiscoveryClient -   [Interface #9] WAN Miniport (IPv6) - ACTIVE
2025-12-27 13:18:10.430 [ServerDiscovery-Thread] INFO  o.e.z.client.ServerDiscoveryClient -   [Interface #10] WAN Miniport (Network Monitor) - ACTIVE
2025-12-27 13:18:10.431 [ServerDiscovery-Thread] INFO  o.e.z.client.ServerDiscoveryClient -   [Interface #14] Intel(R) Wi-Fi 6E AX211 160MHz-WFP Native MAC Layer LightWeight Filter-0000 - ACTIVE
2025-12-27 13:18:10.432 [ServerDiscovery-Thread] INFO  o.e.z.client.ServerDiscoveryClient -   [Interface #15] Intel(R) Wi-Fi 6E AX211 160MHz-Virtual WiFi Filter Driver-0000 - ACTIVE
2025-12-27 13:18:10.432 [ServerDiscovery-Thread] INFO  o.e.z.client.ServerDiscoveryClient -   [Interface #16] Intel(R) Wi-Fi 6E AX211 160MHz-Native WiFi Filter Driver-0000 - ACTIVE
2025-12-27 13:18:10.432 [ServerDiscovery-Thread] INFO  o.e.z.client.ServerDiscoveryClient -   [Interface #17] Intel(R) Wi-Fi 6E AX211 160MHz-QoS Packet Scheduler-0000 - ACTIVE
2025-12-27 13:18:10.433 [ServerDiscovery-Thread] INFO  o.e.z.client.ServerDiscoveryClient -   [Interface #18] Intel(R) Wi-Fi 6E AX211 160MHz-WFP 802.3 MAC Layer LightWeight Filter-0000 - ACTIVE
2025-12-27 13:18:10.436 [ServerDiscovery-Thread] INFO  o.e.z.client.ServerDiscoveryClient -   [Interface #27] Intel(R) Wi-Fi 6E AX211 160MHz - ACTIVE
2025-12-27 13:18:10.436 [Discovery-Listener] INFO  o.e.z.server.ServerDiscoveryListener - >>> [Request #2] Discovery request từ 10.219.179.108:51550
2025-12-27 13:18:10.436 [ServerDiscovery-Thread] INFO  o.e.z.client.ServerDiscoveryClient -     >>> [Broadcast #2] Sent to 10.219.179.255 (Intel(R) Wi-Fi 6E AX211 160MHz)
2025-12-27 13:18:10.438 [Discovery-Listener] INFO  o.e.z.server.ServerDiscoveryListener - <<< [Response #2] Đã gửi response tới 10.219.179.108:51550 - TCP Port: 5000
2025-12-27 13:18:10.440 [ServerDiscovery-Thread] INFO  o.e.z.client.ServerDiscoveryClient - ✓ Đã quét 36 network interfaces
2025-12-27 13:18:10.441 [ServerDiscovery-Thread] INFO  o.e.z.client.ServerDiscoveryClient - === Tổng số broadcast packets gửi đi: 2 ===
2025-12-27 13:18:10.442 [ServerDiscovery-Thread] INFO  o.e.z.client.ServerDiscoveryClient - Đang chờ nhận phản hồi từ server (timeout: 3000ms)...
2025-12-27 13:18:10.444 [ServerDiscovery-Thread] INFO  o.e.z.client.ServerDiscoveryClient - <<< Nhận phản hồi từ 10.219.179.108:8888 (2ms)
2025-12-27 13:18:10.444 [ServerDiscovery-Thread] INFO  o.e.z.client.ServerDiscoveryClient - === ✓ TÌM THẤY SERVER ===
2025-12-27 13:18:10.444 [ServerDiscovery-Thread] INFO  o.e.z.client.ServerDiscoveryClient - Server Address: 10.219.179.108
2025-12-27 13:18:10.444 [ServerDiscovery-Thread] INFO  o.e.z.client.ServerDiscoveryClient - TCP Port: 5000
2025-12-27 13:18:10.445 [ServerDiscovery-Thread] INFO  o.e.z.client.ServerDiscoveryClient - Response Time: 2ms
2025-12-27 13:18:10.944 [JavaFX Application Thread] INFO  org.example.zalu.ZaluApplication - ✓ Zalu Client đã khởi động thành công!
2025-12-27 13:18:10.946 [JavaFX Application Thread] INFO  org.example.zalu.ZaluApplication -    Kích thước cố định: 1200.0 x 777.0
2025-12-27 13:18:10.946 [JavaFX Application Thread] INFO  org.example.zalu.ZaluApplication -    UDP Auto-Discovery: ENABLED
2025-12-27 13:18:10.946 [JavaFX Application Thread] INFO  o.e.z.c.auth.LoginController - === ✓ Auto-Discovery Thành Công ===
2025-12-27 13:18:10.948 [JavaFX Application Thread] INFO  o.e.z.c.auth.LoginController - Server được tìm thấy: 10.219.179.108:5000
2025-12-27 13:18:10.949 [JavaFX Application Thread] INFO  o.e.z.c.auth.LoginController - Thời gian tìm kiếm: 50ms
2025-12-27 13:18:10.953 [JavaFX Application Thread] INFO  org.example.zalu.client.ChatClient - ✓ Đã đọc cấu hình từ server.properties: localhost:5000
2025-12-27 13:18:10.954 [JavaFX Application Thread] INFO  org.example.zalu.client.ChatClient - ℹ Sử dụng IP mặc định: localhost (để kết nối từ máy khác, cấu hình trong server.properties hoặc dùng -Dserver.address=IP)
2025-12-27 13:18:10.956 [JavaFX Application Thread] INFO  org.example.zalu.client.ChatClient - Đã cập nhật cấu hình server: 10.219.179.108:5000
2025-12-27 13:18:10.957 [JavaFX Application Thread] INFO  org.example.zalu.client.ChatClient - Đã ngắt kết nối sạch sẽ – không reconnect tự động
2025-12-27 13:18:10.959 [JavaFX Application Thread] INFO  o.e.z.c.auth.LoginController - Đã cấu hình ChatClient với server: 10.219.179.108:5000
2025-12-27 13:18:10.960 [JavaFX Application Thread] INFO  o.e.z.c.auth.LoginController - === Kết thúc Auto-Discovery ===
2025-12-27 13:18:16.140 [JavaFX Application Thread] INFO  org.example.zalu.ZaluApplication - === Khởi động Zalu Client ===
2025-12-27 13:18:16.143 [JavaFX Application Thread] INFO  org.example.zalu.ZaluApplication - ⚠ License check đã bị vô hiệu hóa – dùng cho môi trường phát triển.
2025-12-27 13:18:16.143 [JavaFX Application Thread] INFO  org.example.zalu.ZaluApplication - ℹ Sẽ tìm kiếm server tự động qua UDP Discovery...
2025-12-27 13:18:16.435 [JavaFX Application Thread] INFO  o.e.z.c.auth.LoginController - === Khởi động Auto-Discovery ===
2025-12-27 13:18:16.438 [ServerDiscovery-Thread] INFO  o.e.z.c.auth.LoginController - Bắt đầu quá trình tìm kiếm server tự động...
2025-12-27 13:18:16.442 [ServerDiscovery-Thread] INFO  o.e.z.client.ServerDiscoveryClient - === Bắt đầu tìm kiếm Server trong mạng LAN ===
2025-12-27 13:18:16.443 [ServerDiscovery-Thread] INFO  o.e.z.client.ServerDiscoveryClient - Discovery Port: 8888
2025-12-27 13:18:16.445 [ServerDiscovery-Thread] INFO  o.e.z.client.ServerDiscoveryClient - Timeout: 3000ms
2025-12-27 13:18:16.457 [ServerDiscovery-Thread] INFO  o.e.z.client.ServerDiscoveryClient - ✓ UDP Socket đã khởi tạo
2025-12-27 13:18:16.458 [ServerDiscovery-Thread] INFO  o.e.z.client.ServerDiscoveryClient - ✓ Broadcast mode: ENABLED
2025-12-27 13:18:16.458 [ServerDiscovery-Thread] INFO  o.e.z.client.ServerDiscoveryClient - ✓ Timeout: 3000ms
2025-12-27 13:18:16.461 [Discovery-Listener] INFO  o.e.z.server.ServerDiscoveryListener - >>> [Request #3] Discovery request từ 10.219.179.108:63279
2025-12-27 13:18:16.461 [ServerDiscovery-Thread] INFO  o.e.z.client.ServerDiscoveryClient - >>> [Broadcast #1] Sent to 255.255.255.255:8888
2025-12-27 13:18:16.462 [ServerDiscovery-Thread] INFO  o.e.z.client.ServerDiscoveryClient - Đang quét các network interfaces...
2025-12-27 13:18:16.462 [Discovery-Listener] INFO  o.e.z.server.ServerDiscoveryListener - <<< [Response #3] Đã gửi response tới 10.219.179.108:63279 - TCP Port: 5000
2025-12-27 13:18:16.469 [ServerDiscovery-Thread] INFO  o.e.z.client.ServerDiscoveryClient -   [Interface #1] WAN Miniport (IP)-WFP Native MAC Layer LightWeight Filter-0000 - ACTIVE
2025-12-27 13:18:16.470 [ServerDiscovery-Thread] INFO  o.e.z.client.ServerDiscoveryClient -   [Interface #2] WAN Miniport (IP)-QoS Packet Scheduler-0000 - ACTIVE
2025-12-27 13:18:16.470 [ServerDiscovery-Thread] INFO  o.e.z.client.ServerDiscoveryClient -   [Interface #3] WAN Miniport (IPv6)-WFP Native MAC Layer LightWeight Filter-0000 - ACTIVE
2025-12-27 13:18:16.471 [ServerDiscovery-Thread] INFO  o.e.z.client.ServerDiscoveryClient -   [Interface #4] WAN Miniport (IPv6)-QoS Packet Scheduler-0000 - ACTIVE
2025-12-27 13:18:16.471 [ServerDiscovery-Thread] INFO  o.e.z.client.ServerDiscoveryClient -   [Interface #5] WAN Miniport (Network Monitor)-WFP Native MAC Layer LightWeight Filter-0000 - ACTIVE
2025-12-27 13:18:16.472 [ServerDiscovery-Thread] INFO  o.e.z.client.ServerDiscoveryClient -   [Interface #6] WAN Miniport (Network Monitor)-QoS Packet Scheduler-0000 - ACTIVE
2025-12-27 13:18:16.474 [ServerDiscovery-Thread] INFO  o.e.z.client.ServerDiscoveryClient -   [Interface #8] WAN Miniport (IP) - ACTIVE
2025-12-27 13:18:16.475 [ServerDiscovery-Thread] INFO  o.e.z.client.ServerDiscoveryClient -   [Interface #9] WAN Miniport (IPv6) - ACTIVE
2025-12-27 13:18:16.476 [ServerDiscovery-Thread] INFO  o.e.z.client.ServerDiscoveryClient -   [Interface #10] WAN Miniport (Network Monitor) - ACTIVE
2025-12-27 13:18:16.478 [ServerDiscovery-Thread] INFO  o.e.z.client.ServerDiscoveryClient -   [Interface #14] Intel(R) Wi-Fi 6E AX211 160MHz-WFP Native MAC Layer LightWeight Filter-0000 - ACTIVE
2025-12-27 13:18:16.479 [ServerDiscovery-Thread] INFO  o.e.z.client.ServerDiscoveryClient -   [Interface #15] Intel(R) Wi-Fi 6E AX211 160MHz-Virtual WiFi Filter Driver-0000 - ACTIVE
2025-12-27 13:18:16.480 [ServerDiscovery-Thread] INFO  o.e.z.client.ServerDiscoveryClient -   [Interface #16] Intel(R) Wi-Fi 6E AX211 160MHz-Native WiFi Filter Driver-0000 - ACTIVE
2025-12-27 13:18:16.481 [ServerDiscovery-Thread] INFO  o.e.z.client.ServerDiscoveryClient -   [Interface #17] Intel(R) Wi-Fi 6E AX211 160MHz-QoS Packet Scheduler-0000 - ACTIVE
2025-12-27 13:18:16.481 [ServerDiscovery-Thread] INFO  o.e.z.client.ServerDiscoveryClient -   [Interface #18] Intel(R) Wi-Fi 6E AX211 160MHz-WFP 802.3 MAC Layer LightWeight Filter-0000 - ACTIVE
2025-12-27 13:18:16.486 [ServerDiscovery-Thread] INFO  o.e.z.client.ServerDiscoveryClient -   [Interface #27] Intel(R) Wi-Fi 6E AX211 160MHz - ACTIVE
2025-12-27 13:18:16.488 [ServerDiscovery-Thread] INFO  o.e.z.client.ServerDiscoveryClient -     >>> [Broadcast #2] Sent to 10.219.179.255 (Intel(R) Wi-Fi 6E AX211 160MHz)
2025-12-27 13:18:16.488 [Discovery-Listener] INFO  o.e.z.server.ServerDiscoveryListener - >>> [Request #4] Discovery request từ 10.219.179.108:63279
2025-12-27 13:18:16.489 [Discovery-Listener] INFO  o.e.z.server.ServerDiscoveryListener - <<< [Response #4] Đã gửi response tới 10.219.179.108:63279 - TCP Port: 5000
2025-12-27 13:18:16.490 [ServerDiscovery-Thread] INFO  o.e.z.client.ServerDiscoveryClient - ✓ Đã quét 36 network interfaces
2025-12-27 13:18:16.491 [ServerDiscovery-Thread] INFO  o.e.z.client.ServerDiscoveryClient - === Tổng số broadcast packets gửi đi: 2 ===
2025-12-27 13:18:16.491 [ServerDiscovery-Thread] INFO  o.e.z.client.ServerDiscoveryClient - Đang chờ nhận phản hồi từ server (timeout: 3000ms)...
2025-12-27 13:18:16.494 [ServerDiscovery-Thread] INFO  o.e.z.client.ServerDiscoveryClient - <<< Nhận phản hồi từ 10.219.179.108:8888 (1ms)
2025-12-27 13:18:16.494 [ServerDiscovery-Thread] INFO  o.e.z.client.ServerDiscoveryClient - === ✓ TÌM THẤY SERVER ===
2025-12-27 13:18:16.494 [ServerDiscovery-Thread] INFO  o.e.z.client.ServerDiscoveryClient - Server Address: 10.219.179.108
2025-12-27 13:18:16.495 [ServerDiscovery-Thread] INFO  o.e.z.client.ServerDiscoveryClient - TCP Port: 5000
2025-12-27 13:18:16.496 [ServerDiscovery-Thread] INFO  o.e.z.client.ServerDiscoveryClient - Response Time: 1ms
2025-12-27 13:18:17.104 [JavaFX Application Thread] INFO  org.example.zalu.ZaluApplication - ✓ Zalu Client đã khởi động thành công!
2025-12-27 13:18:17.106 [JavaFX Application Thread] INFO  org.example.zalu.ZaluApplication -    Kích thước cố định: 1200.0 x 777.0
2025-12-27 13:18:17.107 [JavaFX Application Thread] INFO  org.example.zalu.ZaluApplication -    UDP Auto-Discovery: ENABLED
2025-12-27 13:18:17.119 [JavaFX Application Thread] INFO  o.e.z.c.auth.LoginController - === ✓ Auto-Discovery Thành Công ===
2025-12-27 13:18:17.120 [JavaFX Application Thread] INFO  o.e.z.c.auth.LoginController - Server được tìm thấy: 10.219.179.108:5000
2025-12-27 13:18:17.121 [JavaFX Application Thread] INFO  o.e.z.c.auth.LoginController - Thời gian tìm kiếm: 58ms
2025-12-27 13:18:17.124 [JavaFX Application Thread] INFO  org.example.zalu.client.ChatClient - ✓ Đã đọc cấu hình từ server.properties: localhost:5000
2025-12-27 13:18:17.125 [JavaFX Application Thread] INFO  org.example.zalu.client.ChatClient - ℹ Sử dụng IP mặc định: localhost (để kết nối từ máy khác, cấu hình trong server.properties hoặc dùng -Dserver.address=IP)
2025-12-27 13:18:17.126 [JavaFX Application Thread] INFO  org.example.zalu.client.ChatClient - Đã cập nhật cấu hình server: 10.219.179.108:5000
2025-12-27 13:18:17.127 [JavaFX Application Thread] INFO  org.example.zalu.client.ChatClient - Đã ngắt kết nối sạch sẽ – không reconnect tự động
2025-12-27 13:18:17.130 [JavaFX Application Thread] INFO  o.e.z.c.auth.LoginController - Đã cấu hình ChatClient với server: 10.219.179.108:5000
2025-12-27 13:18:17.130 [JavaFX Application Thread] INFO  o.e.z.c.auth.LoginController - === Kết thúc Auto-Discovery ===
2025-12-27 13:18:22.258 [JavaFX Application Thread] INFO  org.example.zalu.client.ChatClient - Chưa kết nối server, đang thử kết nối...
2025-12-27 13:18:22.259 [JavaFX Application Thread] INFO  org.example.zalu.client.ChatClient - === Đang kết nối đến Server ===
2025-12-27 13:18:22.261 [JavaFX Application Thread] INFO  org.example.zalu.client.ChatClient - Server Address: 10.219.179.108
2025-12-27 13:18:22.261 [JavaFX Application Thread] INFO  org.example.zalu.client.ChatClient - Server Port: 5000
2025-12-27 13:18:22.275 [Thread-5] INFO  org.example.zalu.server.ChatServer - ✅ Client mới kết nối: /10.219.179.108
2025-12-27 13:18:22.294 [JavaFX Application Thread] INFO  org.example.zalu.client.ChatClient - === ✓ Kết nối thành công ===
2025-12-27 13:18:22.296 [JavaFX Application Thread] INFO  org.example.zalu.client.ChatClient - Connected to: 10.219.179.108:5000
2025-12-27 13:18:22.296 [JavaFX Application Thread] INFO  org.example.zalu.client.ChatClient - Socket timeout: 120s
2025-12-27 13:18:22.296 [JavaFX Application Thread] INFO  org.example.zalu.client.ChatClient - Buffer size: 2MB
2025-12-27 13:18:22.299 [Global-Listener] INFO  org.example.zalu.client.ChatClient - Global listener đã khởi động
2025-12-27 13:18:22.423 [pool-2-thread-1] INFO  org.example.zalu.client.ChatClient - Gửi: LOGIN_REQUEST|hylee|123456
2025-12-27 13:18:22.424 [Thread-7] INFO  o.example.zalu.server.ClientHandler - Server: Xử lý LOGIN_REQUEST: LOGIN_REQUEST|hylee|123456
2025-12-27 13:18:23.023 [Thread-7] INFO  o.example.zalu.server.ClientHandler - Server: Login thành công, gửi LOGIN_RESPONSE cho user 1
2025-12-27 13:18:23.081 [Global-Listener] INFO  o.e.zalu.client.ChatEventManager - Received string message: LOGIN_RESPONSE|SUCCESS|1
2025-12-27 13:18:23.083 [Global-Listener] INFO  o.e.zalu.client.ChatEventManager - ChatEventManager: Current userId set to 1
2025-12-27 13:18:23.094 [JavaFX Application Thread] INFO  o.e.z.c.auth.LoginController - Login successful for user: hylee
2025-12-27 13:18:23.122 [Global-Listener] INFO  o.e.zalu.client.ChatEventManager - Received List<Integer> #1: [2, 17, 22, 23, 24, 25] (friends, pending, or online users?)
2025-12-27 13:18:23.185 [JavaFX Application Thread] INFO  o.e.zalu.controller.MainController - DAOs and Managers initialized
2025-12-27 13:18:23.258 [Global-Listener] INFO  o.e.zalu.client.ChatEventManager - Received 127 messages total, grouped into 8 conversations
2025-12-27 13:18:23.297 [Global-Listener] INFO  org.example.zalu.client.ClientCache - Client cache loaded from disk: 7 users, 9 conversations
2025-12-27 13:18:23.327 [Thread-7] INFO  o.example.zalu.server.ClientHandler - ✓ hylee (ID: 1) đăng nhập thành công
2025-12-27 13:18:23.341 [Global-Listener] INFO  org.example.zalu.client.ClientCache - Client cache saved to disk.
2025-12-27 13:18:23.354 [JavaFX Application Thread] INFO  o.e.zalu.controller.MainController - Sub-controllers loaded for the first time
2025-12-27 13:18:23.364 [JavaFX Application Thread] INFO  o.e.zalu.controller.MainController - Welcome view (welcome-view.fxml) displayed successfully
2025-12-27 13:18:23.364 [JavaFX Application Thread] INFO  o.e.zalu.controller.MainController - MainController stage set
2025-12-27 13:18:23.366 [JavaFX Application Thread] INFO  o.e.zalu.controller.MainController - MainController currentUserId set to: 1
2025-12-27 13:18:23.366 [Global-Listener] INFO  org.example.zalu.client.ClientCache - Client cache saved to disk.
2025-12-27 13:18:23.366 [JavaFX Application Thread] INFO  o.e.zalu.controller.ChatListManager - Refreshing friend list for userId: 1
2025-12-27 13:18:23.367 [pool-2-thread-1] INFO  org.example.zalu.client.ChatClient - Gửi: GET_FRIENDS_LIST_FULL|1
2025-12-27 13:18:23.368 [pool-2-thread-1] INFO  org.example.zalu.client.ChatClient - Gửi: GET_GROUPS|1
2025-12-27 13:18:23.369 [pool-2-thread-1] INFO  org.example.zalu.client.ChatClient - Gửi: GET_USER_BY_ID|1
2025-12-27 13:18:23.385 [Global-Listener] INFO  org.example.zalu.client.ClientCache - Client cache saved to disk.
2025-12-27 13:18:23.406 [Global-Listener] INFO  org.example.zalu.client.ClientCache - Client cache saved to disk.
2025-12-27 13:18:23.415 [Global-Listener] INFO  org.example.zalu.client.ClientCache - Client cache saved to disk.
2025-12-27 13:18:23.422 [Global-Listener] INFO  org.example.zalu.client.ClientCache - Client cache saved to disk.
2025-12-27 13:18:23.431 [Global-Listener] INFO  org.example.zalu.client.ClientCache - Client cache saved to disk.
2025-12-27 13:18:23.439 [Global-Listener] INFO  org.example.zalu.client.ClientCache - Client cache saved to disk.
2025-12-27 13:18:23.443 [Global-Listener] INFO  o.e.zalu.client.ChatEventManager - Received List<GroupInfo>: 2 groups
2025-12-27 13:18:23.444 [Global-Listener] INFO  o.e.zalu.client.ChatEventManager - Received List<Integer> #2: [1] (friends, pending, or online users?)
2025-12-27 13:18:23.446 [Global-Listener] INFO  o.e.zalu.client.ChatEventManager - Received List<GroupInfo>: 2 groups
2025-12-27 13:18:23.778 [JavaFX Application Thread] INFO  o.e.zalu.controller.MainController - DAOs and Managers initialized
2025-12-27 13:18:23.816 [JavaFX Application Thread] INFO  o.e.zalu.controller.MainController - Sub-controllers loaded for the first time
2025-12-27 13:18:23.819 [JavaFX Application Thread] INFO  o.e.zalu.controller.MainController - Welcome view (welcome-view.fxml) displayed successfully
2025-12-27 13:18:23.821 [JavaFX Application Thread] INFO  o.e.zalu.controller.MainController - MainController stage set
2025-12-27 13:18:23.821 [JavaFX Application Thread] INFO  o.e.zalu.controller.MainController - MainController currentUserId set to: 1
2025-12-27 13:18:23.822 [JavaFX Application Thread] INFO  o.e.zalu.controller.ChatListManager - Refreshing friend list for userId: 1
2025-12-27 13:18:23.822 [pool-2-thread-1] INFO  org.example.zalu.client.ChatClient - Gửi: GET_FRIENDS_LIST_FULL|1
2025-12-27 13:18:23.824 [pool-2-thread-1] INFO  org.example.zalu.client.ChatClient - Gửi: GET_GROUPS|1
2025-12-27 13:18:23.825 [pool-2-thread-1] INFO  org.example.zalu.client.ChatClient - Gửi: GET_USER_BY_ID|1
2025-12-27 13:18:23.844 [Global-Listener] INFO  o.e.zalu.client.ChatEventManager - Received List<GroupInfo>: 2 groups
2025-12-27 13:18:23.889 [JavaFX Application Thread] INFO  o.e.zalu.client.ChatEventManager - ✓ Đăng nhập thành công! UserID = 1
2025-12-27 13:18:23.899 [JavaFX Application Thread] INFO  o.e.zalu.controller.MainController - onMessagesReceived: 127 messages
2025-12-27 13:18:23.919 [JavaFX Application Thread] INFO  o.e.zalu.controller.ChatListManager - Received groups update: 2 groups
2025-12-27 13:18:23.924 [JavaFX Application Thread] INFO  o.e.zalu.controller.ChatListManager - Pre-fetched top 2 conversations in background
2025-12-27 13:18:23.925 [pool-2-thread-1] INFO  org.example.zalu.client.ChatClient - Gửi: GET_GROUP_CONVERSATION|1|1
2025-12-27 13:18:23.925 [JavaFX Application Thread] INFO  o.e.zalu.controller.ChatListManager - Friend list refreshed with 0 friends and 2 groups
2025-12-27 13:18:23.926 [pool-2-thread-1] INFO  org.example.zalu.client.ChatClient - Gửi: GET_GROUP_CONVERSATION|1|2
2025-12-27 13:18:23.926 [JavaFX Application Thread] INFO  o.e.zalu.controller.ChatListManager - Received online users list: 1 users
2025-12-27 13:18:23.927 [JavaFX Application Thread] INFO  o.e.zalu.controller.ChatListManager - Received full friend list: 6 friends
2025-12-27 13:18:23.929 [pool-2-thread-1] INFO  org.example.zalu.client.ChatClient - Gửi: GET_USER_AVATAR|2
2025-12-27 13:18:23.929 [pool-2-thread-1] INFO  org.example.zalu.client.ChatClient - Gửi: GET_USER_AVATAR|17
2025-12-27 13:18:23.930 [pool-2-thread-1] INFO  org.example.zalu.client.ChatClient - Gửi: GET_USER_AVATAR|22
2025-12-27 13:18:23.930 [JavaFX Application Thread] INFO  o.e.zalu.controller.ChatListManager - Pre-fetched top 5 conversations in background
2025-12-27 13:18:23.931 [JavaFX Application Thread] INFO  o.e.zalu.controller.ChatListManager - Friend list refreshed with 6 friends and 2 groups
2025-12-27 13:18:23.931 [pool-2-thread-1] INFO  org.example.zalu.client.ChatClient - Gửi: GET_USER_AVATAR|23
2025-12-27 13:18:23.932 [pool-2-thread-1] INFO  org.example.zalu.client.ChatClient - Gửi: GET_USER_AVATAR|24
2025-12-27 13:18:23.932 [pool-2-thread-1] INFO  org.example.zalu.client.ChatClient - Gửi: GET_USER_AVATAR|25
2025-12-27 13:18:23.932 [JavaFX Application Thread] INFO  o.e.zalu.controller.ChatListManager - Received groups update: 2 groups
2025-12-27 13:18:23.932 [pool-2-thread-1] INFO  org.example.zalu.client.ChatClient - Gửi: GET_CONVERSATION|1|22
2025-12-27 13:18:23.933 [pool-2-thread-1] INFO  org.example.zalu.client.ChatClient - Gửi: GET_CONVERSATION|1|17
2025-12-27 13:18:23.934 [pool-2-thread-1] INFO  org.example.zalu.client.ChatClient - Gửi: GET_GROUP_CONVERSATION|1|1
2025-12-27 13:18:23.934 [JavaFX Application Thread] INFO  o.e.zalu.controller.ChatListManager - Pre-fetched top 5 conversations in background
2025-12-27 13:18:23.934 [JavaFX Application Thread] INFO  o.e.zalu.controller.ChatListManager - Friend list refreshed with 6 friends and 2 groups
2025-12-27 13:18:23.934 [pool-2-thread-1] INFO  org.example.zalu.client.ChatClient - Gửi: GET_CONVERSATION|1|2
2025-12-27 13:18:23.935 [pool-2-thread-1] INFO  org.example.zalu.client.ChatClient - Gửi: GET_GROUP_CONVERSATION|1|2
2025-12-27 13:18:23.935 [pool-2-thread-1] INFO  org.example.zalu.client.ChatClient - Gửi: GET_CONVERSATION|1|22
2025-12-27 13:18:23.936 [pool-2-thread-1] INFO  org.example.zalu.client.ChatClient - Gửi: GET_CONVERSATION|1|17
2025-12-27 13:18:23.936 [pool-2-thread-1] INFO  org.example.zalu.client.ChatClient - Gửi: GET_GROUP_CONVERSATION|1|1
2025-12-27 13:18:23.936 [pool-2-thread-1] INFO  org.example.zalu.client.ChatClient - Gửi: GET_CONVERSATION|1|2
2025-12-27 13:18:23.937 [pool-2-thread-1] INFO  org.example.zalu.client.ChatClient - Gửi: GET_GROUP_CONVERSATION|1|2
2025-12-27 13:18:23.967 [Global-Listener] INFO  o.e.zalu.client.ChatEventManager - Caching history for chatId -1: 7 messages
2025-12-27 13:18:23.974 [Global-Listener] INFO  org.example.zalu.client.ClientCache - Client cache saved to disk.
2025-12-27 13:18:23.977 [JavaFX Application Thread] INFO  o.e.zalu.controller.ChatListManager - Received full friend list: 6 friends
2025-12-27 13:18:23.977 [pool-2-thread-1] INFO  org.example.zalu.client.ChatClient - Gửi: GET_USER_AVATAR|2
2025-12-27 13:18:23.978 [pool-2-thread-1] INFO  org.example.zalu.client.ChatClient - Gửi: GET_USER_AVATAR|17
2025-12-27 13:18:23.978 [JavaFX Application Thread] INFO  o.e.zalu.controller.ChatListManager - Pre-fetched top 5 conversations in background
2025-12-27 13:18:23.978 [pool-2-thread-1] INFO  org.example.zalu.client.ChatClient - Gửi: GET_USER_AVATAR|22
2025-12-27 13:18:23.978 [JavaFX Application Thread] INFO  o.e.zalu.controller.ChatListManager - Friend list refreshed with 6 friends and 2 groups
2025-12-27 13:18:23.980 [pool-2-thread-1] INFO  org.example.zalu.client.ChatClient - Gửi: GET_USER_AVATAR|23
2025-12-27 13:18:23.980 [JavaFX Application Thread] INFO  o.e.zalu.controller.ChatListManager - Received groups update: 2 groups
2025-12-27 13:18:23.981 [pool-2-thread-1] INFO  org.example.zalu.client.ChatClient - Gửi: GET_USER_AVATAR|24
2025-12-27 13:18:23.981 [pool-2-thread-1] INFO  org.example.zalu.client.ChatClient - Gửi: GET_USER_AVATAR|25
2025-12-27 13:18:23.982 [JavaFX Application Thread] INFO  o.e.zalu.controller.ChatListManager - Pre-fetched top 5 conversations in background
2025-12-27 13:18:23.982 [pool-2-thread-1] INFO  org.example.zalu.client.ChatClient - Gửi: GET_CONVERSATION|1|22
2025-12-27 13:18:23.982 [JavaFX Application Thread] INFO  o.e.zalu.controller.ChatListManager - Friend list refreshed with 6 friends and 2 groups
2025-12-27 13:18:23.982 [pool-2-thread-1] INFO  org.example.zalu.client.ChatClient - Gửi: GET_CONVERSATION|1|17
2025-12-27 13:18:23.983 [pool-2-thread-1] INFO  org.example.zalu.client.ChatClient - Gửi: GET_GROUP_CONVERSATION|1|1
2025-12-27 13:18:23.984 [pool-2-thread-1] INFO  org.example.zalu.client.ChatClient - Gửi: GET_CONVERSATION|1|2
2025-12-27 13:18:23.985 [pool-2-thread-1] INFO  org.example.zalu.client.ChatClient - Gửi: GET_GROUP_CONVERSATION|1|2
2025-12-27 13:18:23.986 [pool-2-thread-1] INFO  org.example.zalu.client.ChatClient - Gửi: GET_CONVERSATION|1|22
2025-12-27 13:18:23.988 [pool-2-thread-1] INFO  org.example.zalu.client.ChatClient - Gửi: GET_CONVERSATION|1|17
2025-12-27 13:18:23.988 [pool-2-thread-1] INFO  org.example.zalu.client.ChatClient - Gửi: GET_GROUP_CONVERSATION|1|1
2025-12-27 13:18:23.988 [pool-2-thread-1] INFO  org.example.zalu.client.ChatClient - Gửi: GET_CONVERSATION|1|2
2025-12-27 13:18:23.989 [pool-2-thread-1] INFO  org.example.zalu.client.ChatClient - Gửi: GET_GROUP_CONVERSATION|1|2
2025-12-27 13:18:24.003 [Global-Listener] INFO  o.e.zalu.client.ChatEventManager - Caching history for chatId -2: 16 messages
2025-12-27 13:18:24.011 [Global-Listener] INFO  org.example.zalu.client.ClientCache - Client cache saved to disk.
2025-12-27 13:18:24.012 [Global-Listener] INFO  o.e.zalu.client.ChatEventManager - Received string message: USER_AVATAR|2|0
2025-12-27 13:18:24.014 [Global-Listener] INFO  o.e.zalu.client.ChatEventManager - Received string message: USER_AVATAR|17|0
2025-12-27 13:18:24.018 [Global-Listener] INFO  o.e.zalu.client.ChatEventManager - Received string message: USER_AVATAR|22|0
2025-12-27 13:18:24.023 [Global-Listener] INFO  o.e.zalu.client.ChatEventManager - Received string message: USER_AVATAR|23|0
2025-12-27 13:18:24.028 [Global-Listener] INFO  o.e.zalu.client.ChatEventManager - Received string message: USER_AVATAR|24|0
2025-12-27 13:18:24.077 [Thread-7] ERROR o.example.zalu.server.ClientHandler - Error getting avatar for user
org.example.zalu.exception.database.DatabaseException: Lỗi khi tải avatar
	at org.example.zalu/org.example.zalu.dao.UserDAO.getAvatarData(UserDAO.java:321)
	at org.example.zalu/org.example.zalu.server.ClientHandler.handleMessage(ClientHandler.java:1137)
	at org.example.zalu/org.example.zalu.server.ClientHandler.run(ClientHandler.java:129)
Caused by: com.mysql.cj.jdbc.exceptions.PacketTooBigException: Packet for query is too large (1,377,618 > 1,048,576). You can change this value on the server by setting the 'max_allowed_packet' variable.
	at mysql.connector.j@8.0.33/com.mysql.cj.jdbc.exceptions.SQLExceptionsMapping.translateException(SQLExceptionsMapping.java:107)
	at mysql.connector.j@8.0.33/com.mysql.cj.jdbc.ClientPreparedStatement.executeInternal(ClientPreparedStatement.java:916)
	at mysql.connector.j@8.0.33/com.mysql.cj.jdbc.ClientPreparedStatement.executeQuery(ClientPreparedStatement.java:972)
	at com.zaxxer.hikari@5.1.0/com.zaxxer.hikari.pool.ProxyPreparedStatement.executeQuery(ProxyPreparedStatement.java:52)
	at com.zaxxer.hikari@5.1.0/com.zaxxer.hikari.pool.HikariProxyPreparedStatement.executeQuery(HikariProxyPreparedStatement.java)
	at org.example.zalu/org.example.zalu.dao.UserDAO.getAvatarData(UserDAO.java:310)
	... 2 common frames omitted
2025-12-27 13:18:24.118 [Global-Listener] INFO  o.e.zalu.client.ChatEventManager - Received string message: USER_AVATAR|FAIL
2025-12-27 13:18:24.192 [Thread-7] ERROR o.example.zalu.server.ClientHandler - Error handling GET_CONVERSATION
org.example.zalu.exception.message.MessageException: Lỗi khi lấy tin nhắn: Packet for query is too large (1,166,050 > 1,048,576). You can change this value on the server by setting the 'max_allowed_packet' variable.
	at org.example.zalu/org.example.zalu.dao.MessageDAO.getMessagesBetween(MessageDAO.java:186)
	at org.example.zalu/org.example.zalu.server.ClientHandler.handleMessage(ClientHandler.java:914)
	at org.example.zalu/org.example.zalu.server.ClientHandler.run(ClientHandler.java:129)
Caused by: com.mysql.cj.jdbc.exceptions.PacketTooBigException: Packet for query is too large (1,166,050 > 1,048,576). You can change this value on the server by setting the 'max_allowed_packet' variable.
	at mysql.connector.j@8.0.33/com.mysql.cj.jdbc.exceptions.SQLExceptionsMapping.translateException(SQLExceptionsMapping.java:107)
	at mysql.connector.j@8.0.33/com.mysql.cj.jdbc.ClientPreparedStatement.executeInternal(ClientPreparedStatement.java:916)
	at mysql.connector.j@8.0.33/com.mysql.cj.jdbc.ClientPreparedStatement.executeQuery(ClientPreparedStatement.java:972)
	at com.zaxxer.hikari@5.1.0/com.zaxxer.hikari.pool.ProxyPreparedStatement.executeQuery(ProxyPreparedStatement.java:52)
	at com.zaxxer.hikari@5.1.0/com.zaxxer.hikari.pool.HikariProxyPreparedStatement.executeQuery(HikariProxyPreparedStatement.java)
	at org.example.zalu/org.example.zalu.dao.MessageDAO.getMessagesBetween(MessageDAO.java:141)
	... 2 common frames omitted
2025-12-27 13:18:24.194 [Global-Listener] WARN  o.e.zalu.client.ChatEventManager - Unknown event type: java.util.HashMap
2025-12-27 13:18:24.249 [Global-Listener] INFO  o.e.zalu.client.ChatEventManager - Caching history for chatId 17: 16 messages
2025-12-27 13:18:24.264 [Global-Listener] INFO  org.example.zalu.client.ClientCache - Client cache saved to disk.
2025-12-27 13:18:24.271 [Global-Listener] INFO  o.e.zalu.client.ChatEventManager - Caching history for chatId -1: 7 messages
2025-12-27 13:18:24.281 [Global-Listener] INFO  org.example.zalu.client.ClientCache - Client cache saved to disk.
2025-12-27 13:18:24.295 [Global-Listener] INFO  o.e.zalu.client.ChatEventManager - Caching history for chatId 2: 28 messages
2025-12-27 13:18:24.309 [Global-Listener] INFO  org.example.zalu.client.ClientCache - Client cache saved to disk.
2025-12-27 13:18:24.319 [Global-Listener] INFO  o.e.zalu.client.ChatEventManager - Caching history for chatId -2: 16 messages
2025-12-27 13:18:24.326 [Global-Listener] INFO  org.example.zalu.client.ClientCache - Client cache saved to disk.
2025-12-27 13:18:24.334 [Thread-7] ERROR o.example.zalu.server.ClientHandler - Error handling GET_CONVERSATION
org.example.zalu.exception.message.MessageException: Lỗi khi lấy tin nhắn: Packet for query is too large (1,166,050 > 1,048,576). You can change this value on the server by setting the 'max_allowed_packet' variable.
	at org.example.zalu/org.example.zalu.dao.MessageDAO.getMessagesBetween(MessageDAO.java:186)
	at org.example.zalu/org.example.zalu.server.ClientHandler.handleMessage(ClientHandler.java:914)
	at org.example.zalu/org.example.zalu.server.ClientHandler.run(ClientHandler.java:129)
Caused by: com.mysql.cj.jdbc.exceptions.PacketTooBigException: Packet for query is too large (1,166,050 > 1,048,576). You can change this value on the server by setting the 'max_allowed_packet' variable.
	at mysql.connector.j@8.0.33/com.mysql.cj.jdbc.exceptions.SQLExceptionsMapping.translateException(SQLExceptionsMapping.java:107)
	at mysql.connector.j@8.0.33/com.mysql.cj.jdbc.ClientPreparedStatement.executeInternal(ClientPreparedStatement.java:916)
	at mysql.connector.j@8.0.33/com.mysql.cj.jdbc.ClientPreparedStatement.executeQuery(ClientPreparedStatement.java:972)
	at com.zaxxer.hikari@5.1.0/com.zaxxer.hikari.pool.ProxyPreparedStatement.executeQuery(ProxyPreparedStatement.java:52)
	at com.zaxxer.hikari@5.1.0/com.zaxxer.hikari.pool.HikariProxyPreparedStatement.executeQuery(HikariProxyPreparedStatement.java)
	at org.example.zalu/org.example.zalu.dao.MessageDAO.getMessagesBetween(MessageDAO.java:141)
	... 2 common frames omitted
2025-12-27 13:18:24.338 [Global-Listener] WARN  o.e.zalu.client.ChatEventManager - Unknown event type: java.util.HashMap
2025-12-27 13:18:24.366 [Global-Listener] INFO  o.e.zalu.client.ChatEventManager - Caching history for chatId 17: 16 messages
2025-12-27 13:18:24.372 [Global-Listener] INFO  org.example.zalu.client.ClientCache - Client cache saved to disk.
2025-12-27 13:18:24.380 [Global-Listener] INFO  o.e.zalu.client.ChatEventManager - Caching history for chatId -1: 7 messages
2025-12-27 13:18:24.386 [Global-Listener] INFO  org.example.zalu.client.ClientCache - Client cache saved to disk.
2025-12-27 13:18:24.403 [Global-Listener] INFO  o.e.zalu.client.ChatEventManager - Caching history for chatId 2: 28 messages
2025-12-27 13:18:24.411 [Global-Listener] INFO  org.example.zalu.client.ClientCache - Client cache saved to disk.
2025-12-27 13:18:24.425 [Global-Listener] INFO  o.e.zalu.client.ChatEventManager - Caching history for chatId -2: 16 messages
2025-12-27 13:18:24.431 [Global-Listener] INFO  org.example.zalu.client.ClientCache - Client cache saved to disk.
2025-12-27 13:18:24.432 [Global-Listener] INFO  o.e.zalu.client.ChatEventManager - Received string message: USER_AVATAR|2|0
2025-12-27 13:18:24.433 [Global-Listener] INFO  o.e.zalu.client.ChatEventManager - Received string message: USER_AVATAR|17|0
2025-12-27 13:18:24.437 [Global-Listener] INFO  o.e.zalu.client.ChatEventManager - Received string message: USER_AVATAR|22|0
2025-12-27 13:18:24.441 [Global-Listener] INFO  o.e.zalu.client.ChatEventManager - Received string message: USER_AVATAR|23|0
2025-12-27 13:18:24.445 [Global-Listener] INFO  o.e.zalu.client.ChatEventManager - Received string message: USER_AVATAR|24|0
2025-12-27 13:18:24.453 [Thread-7] ERROR o.example.zalu.server.ClientHandler - Error getting avatar for user
org.example.zalu.exception.database.DatabaseException: Lỗi khi tải avatar
	at org.example.zalu/org.example.zalu.dao.UserDAO.getAvatarData(UserDAO.java:321)
	at org.example.zalu/org.example.zalu.server.ClientHandler.handleMessage(ClientHandler.java:1137)
	at org.example.zalu/org.example.zalu.server.ClientHandler.run(ClientHandler.java:129)
Caused by: com.mysql.cj.jdbc.exceptions.PacketTooBigException: Packet for query is too large (1,377,618 > 1,048,576). You can change this value on the server by setting the 'max_allowed_packet' variable.
	at mysql.connector.j@8.0.33/com.mysql.cj.jdbc.exceptions.SQLExceptionsMapping.translateException(SQLExceptionsMapping.java:107)
	at mysql.connector.j@8.0.33/com.mysql.cj.jdbc.ClientPreparedStatement.executeInternal(ClientPreparedStatement.java:916)
	at mysql.connector.j@8.0.33/com.mysql.cj.jdbc.ClientPreparedStatement.executeQuery(ClientPreparedStatement.java:972)
	at com.zaxxer.hikari@5.1.0/com.zaxxer.hikari.pool.ProxyPreparedStatement.executeQuery(ProxyPreparedStatement.java:52)
	at com.zaxxer.hikari@5.1.0/com.zaxxer.hikari.pool.HikariProxyPreparedStatement.executeQuery(HikariProxyPreparedStatement.java)
	at org.example.zalu/org.example.zalu.dao.UserDAO.getAvatarData(UserDAO.java:310)
	... 2 common frames omitted
2025-12-27 13:18:24.455 [Global-Listener] INFO  o.e.zalu.client.ChatEventManager - Received string message: USER_AVATAR|FAIL
2025-12-27 13:18:24.483 [Thread-7] ERROR o.example.zalu.server.ClientHandler - Error handling GET_CONVERSATION
org.example.zalu.exception.message.MessageException: Lỗi khi lấy tin nhắn: Packet for query is too large (1,166,050 > 1,048,576). You can change this value on the server by setting the 'max_allowed_packet' variable.
	at org.example.zalu/org.example.zalu.dao.MessageDAO.getMessagesBetween(MessageDAO.java:186)
	at org.example.zalu/org.example.zalu.server.ClientHandler.handleMessage(ClientHandler.java:914)
	at org.example.zalu/org.example.zalu.server.ClientHandler.run(ClientHandler.java:129)
Caused by: com.mysql.cj.jdbc.exceptions.PacketTooBigException: Packet for query is too large (1,166,050 > 1,048,576). You can change this value on the server by setting the 'max_allowed_packet' variable.
	at mysql.connector.j@8.0.33/com.mysql.cj.jdbc.exceptions.SQLExceptionsMapping.translateException(SQLExceptionsMapping.java:107)
	at mysql.connector.j@8.0.33/com.mysql.cj.jdbc.ClientPreparedStatement.executeInternal(ClientPreparedStatement.java:916)
	at mysql.connector.j@8.0.33/com.mysql.cj.jdbc.ClientPreparedStatement.executeQuery(ClientPreparedStatement.java:972)
	at com.zaxxer.hikari@5.1.0/com.zaxxer.hikari.pool.ProxyPreparedStatement.executeQuery(ProxyPreparedStatement.java:52)
	at com.zaxxer.hikari@5.1.0/com.zaxxer.hikari.pool.HikariProxyPreparedStatement.executeQuery(HikariProxyPreparedStatement.java)
	at org.example.zalu/org.example.zalu.dao.MessageDAO.getMessagesBetween(MessageDAO.java:141)
	... 2 common frames omitted
2025-12-27 13:18:24.488 [Global-Listener] WARN  o.e.zalu.client.ChatEventManager - Unknown event type: java.util.HashMap
2025-12-27 13:18:24.530 [Global-Listener] INFO  o.e.zalu.client.ChatEventManager - Caching history for chatId 17: 16 messages
2025-12-27 13:18:24.544 [Global-Listener] INFO  org.example.zalu.client.ClientCache - Client cache saved to disk.
2025-12-27 13:18:24.551 [Global-Listener] INFO  o.e.zalu.client.ChatEventManager - Caching history for chatId -1: 7 messages
2025-12-27 13:18:24.566 [Global-Listener] INFO  org.example.zalu.client.ClientCache - Client cache saved to disk.
2025-12-27 13:18:24.577 [Global-Listener] INFO  o.e.zalu.client.ChatEventManager - Caching history for chatId 2: 28 messages
2025-12-27 13:18:24.590 [Global-Listener] INFO  org.example.zalu.client.ClientCache - Client cache saved to disk.
2025-12-27 13:18:24.603 [Global-Listener] INFO  o.e.zalu.client.ChatEventManager - Caching history for chatId -2: 16 messages
2025-12-27 13:18:24.612 [Global-Listener] INFO  org.example.zalu.client.ClientCache - Client cache saved to disk.
2025-12-27 13:18:24.620 [Thread-7] ERROR o.example.zalu.server.ClientHandler - Error handling GET_CONVERSATION
org.example.zalu.exception.message.MessageException: Lỗi khi lấy tin nhắn: Packet for query is too large (1,166,050 > 1,048,576). You can change this value on the server by setting the 'max_allowed_packet' variable.
	at org.example.zalu/org.example.zalu.dao.MessageDAO.getMessagesBetween(MessageDAO.java:186)
	at org.example.zalu/org.example.zalu.server.ClientHandler.handleMessage(ClientHandler.java:914)
	at org.example.zalu/org.example.zalu.server.ClientHandler.run(ClientHandler.java:129)
Caused by: com.mysql.cj.jdbc.exceptions.PacketTooBigException: Packet for query is too large (1,166,050 > 1,048,576). You can change this value on the server by setting the 'max_allowed_packet' variable.
	at mysql.connector.j@8.0.33/com.mysql.cj.jdbc.exceptions.SQLExceptionsMapping.translateException(SQLExceptionsMapping.java:107)
	at mysql.connector.j@8.0.33/com.mysql.cj.jdbc.ClientPreparedStatement.executeInternal(ClientPreparedStatement.java:916)
	at mysql.connector.j@8.0.33/com.mysql.cj.jdbc.ClientPreparedStatement.executeQuery(ClientPreparedStatement.java:972)
	at com.zaxxer.hikari@5.1.0/com.zaxxer.hikari.pool.ProxyPreparedStatement.executeQuery(ProxyPreparedStatement.java:52)
	at com.zaxxer.hikari@5.1.0/com.zaxxer.hikari.pool.HikariProxyPreparedStatement.executeQuery(HikariProxyPreparedStatement.java)
	at org.example.zalu/org.example.zalu.dao.MessageDAO.getMessagesBetween(MessageDAO.java:141)
	... 2 common frames omitted
2025-12-27 13:18:24.624 [Global-Listener] WARN  o.e.zalu.client.ChatEventManager - Unknown event type: java.util.HashMap
2025-12-27 13:18:24.687 [Global-Listener] INFO  o.e.zalu.client.ChatEventManager - Caching history for chatId 17: 16 messages
2025-12-27 13:18:24.702 [Global-Listener] INFO  org.example.zalu.client.ClientCache - Client cache saved to disk.
2025-12-27 13:18:24.729 [Global-Listener] INFO  o.e.zalu.client.ChatEventManager - Caching history for chatId -1: 7 messages
2025-12-27 13:18:24.744 [Global-Listener] INFO  org.example.zalu.client.ClientCache - Client cache saved to disk.
2025-12-27 13:18:24.762 [Global-Listener] INFO  o.e.zalu.client.ChatEventManager - Caching history for chatId 2: 28 messages
2025-12-27 13:18:24.773 [Global-Listener] INFO  org.example.zalu.client.ClientCache - Client cache saved to disk.
2025-12-27 13:18:24.796 [Global-Listener] INFO  o.e.zalu.client.ChatEventManager - Caching history for chatId -2: 16 messages
2025-12-27 13:18:24.807 [Global-Listener] INFO  org.example.zalu.client.ClientCache - Client cache saved to disk.
2025-12-27 13:18:27.188 [JavaFX Application Thread] INFO  o.e.zalu.controller.MainController - Selection changed to: Nguyễn Danh Linh (isWelcomeMode: true)
2025-12-27 13:18:27.234 [JavaFX Application Thread] INFO  o.e.zalu.controller.MainController - Loading chat for: Nguyễn Danh Linh
2025-12-27 13:18:27.236 [JavaFX Application Thread] INFO  o.e.zalu.controller.MainController - Reloading chat for: Nguyễn Danh Linh
2025-12-27 13:18:27.237 [JavaFX Application Thread] INFO  o.e.zalu.controller.MainController - Using cached messages for friend 22: 36 messages
2025-12-27 13:18:27.244 [pool-2-thread-1] INFO  org.example.zalu.client.ChatClient - Gửi: GET_PINNED_MESSAGES|1|22|false
2025-12-27 13:18:27.529 [pool-2-thread-1] INFO  org.example.zalu.client.ChatClient - Gửi: MARK_AS_READ|1|22
2025-12-27 13:18:27.529 [pool-2-thread-1] INFO  org.example.zalu.client.ChatClient - Gửi: GET_CONVERSATION|1|22
2025-12-27 13:18:27.581 [Thread-7] ERROR o.example.zalu.server.ClientHandler - Error handling GET_CONVERSATION
org.example.zalu.exception.message.MessageException: Lỗi khi lấy tin nhắn: Packet for query is too large (1,166,050 > 1,048,576). You can change this value on the server by setting the 'max_allowed_packet' variable.
	at org.example.zalu/org.example.zalu.dao.MessageDAO.getMessagesBetween(MessageDAO.java:186)
	at org.example.zalu/org.example.zalu.server.ClientHandler.handleMessage(ClientHandler.java:914)
	at org.example.zalu/org.example.zalu.server.ClientHandler.run(ClientHandler.java:129)
Caused by: com.mysql.cj.jdbc.exceptions.PacketTooBigException: Packet for query is too large (1,166,050 > 1,048,576). You can change this value on the server by setting the 'max_allowed_packet' variable.
	at mysql.connector.j@8.0.33/com.mysql.cj.jdbc.exceptions.SQLExceptionsMapping.translateException(SQLExceptionsMapping.java:107)
	at mysql.connector.j@8.0.33/com.mysql.cj.jdbc.ClientPreparedStatement.executeInternal(ClientPreparedStatement.java:916)
	at mysql.connector.j@8.0.33/com.mysql.cj.jdbc.ClientPreparedStatement.executeQuery(ClientPreparedStatement.java:972)
	at com.zaxxer.hikari@5.1.0/com.zaxxer.hikari.pool.ProxyPreparedStatement.executeQuery(ProxyPreparedStatement.java:52)
	at com.zaxxer.hikari@5.1.0/com.zaxxer.hikari.pool.HikariProxyPreparedStatement.executeQuery(HikariProxyPreparedStatement.java)
	at org.example.zalu/org.example.zalu.dao.MessageDAO.getMessagesBetween(MessageDAO.java:141)
	... 2 common frames omitted
2025-12-27 13:18:27.585 [Global-Listener] WARN  o.e.zalu.client.ChatEventManager - Unknown event type: java.util.HashMap
2025-12-27 13:18:27.827 [JavaFX Application Thread] INFO  o.e.zalu.controller.ChatListManager - Refreshing friend list for userId: 1
2025-12-27 13:18:27.828 [pool-2-thread-1] INFO  org.example.zalu.client.ChatClient - Gửi: GET_FRIENDS_LIST_FULL|1
2025-12-27 13:18:27.828 [pool-2-thread-1] INFO  org.example.zalu.client.ChatClient - Gửi: GET_GROUPS|1
2025-12-27 13:18:27.854 [Global-Listener] INFO  o.e.zalu.client.ChatEventManager - Received List<GroupInfo>: 2 groups
2025-12-27 13:18:27.950 [JavaFX Application Thread] INFO  o.e.zalu.controller.ChatListManager - Received full friend list: 6 friends
2025-12-27 13:18:27.951 [pool-2-thread-1] INFO  org.example.zalu.client.ChatClient - Gửi: GET_USER_AVATAR|2
2025-12-27 13:18:27.953 [pool-2-thread-1] INFO  org.example.zalu.client.ChatClient - Gửi: GET_USER_AVATAR|17
2025-12-27 13:18:27.954 [pool-2-thread-1] INFO  org.example.zalu.client.ChatClient - Gửi: GET_USER_AVATAR|22
2025-12-27 13:18:27.954 [pool-2-thread-1] INFO  org.example.zalu.client.ChatClient - Gửi: GET_USER_AVATAR|23
2025-12-27 13:18:27.954 [pool-2-thread-1] INFO  org.example.zalu.client.ChatClient - Gửi: GET_USER_AVATAR|24
2025-12-27 13:18:27.954 [pool-2-thread-1] INFO  org.example.zalu.client.ChatClient - Gửi: GET_USER_AVATAR|25
2025-12-27 13:18:27.956 [Global-Listener] INFO  o.e.zalu.client.ChatEventManager - Received string message: USER_AVATAR|2|0
2025-12-27 13:18:27.959 [Global-Listener] INFO  o.e.zalu.client.ChatEventManager - Received string message: USER_AVATAR|17|0
2025-12-27 13:18:27.962 [Global-Listener] INFO  o.e.zalu.client.ChatEventManager - Received string message: USER_AVATAR|22|0
2025-12-27 13:18:27.966 [JavaFX Application Thread] INFO  o.e.zalu.controller.ChatListManager - Pre-fetched top 5 conversations in background
2025-12-27 13:18:27.966 [Global-Listener] INFO  o.e.zalu.client.ChatEventManager - Received string message: USER_AVATAR|23|0
2025-12-27 13:18:27.967 [JavaFX Application Thread] INFO  o.e.zalu.controller.ChatListManager - Friend list refreshed with 6 friends and 2 groups
2025-12-27 13:18:27.966 [pool-2-thread-1] INFO  org.example.zalu.client.ChatClient - Gửi: GET_CONVERSATION|1|22
2025-12-27 13:18:27.967 [pool-2-thread-1] INFO  org.example.zalu.client.ChatClient - Gửi: GET_CONVERSATION|1|17
2025-12-27 13:18:27.968 [pool-2-thread-1] INFO  org.example.zalu.client.ChatClient - Gửi: GET_GROUP_CONVERSATION|1|1
2025-12-27 13:18:27.969 [pool-2-thread-1] INFO  org.example.zalu.client.ChatClient - Gửi: GET_CONVERSATION|1|2
2025-12-27 13:18:27.969 [pool-2-thread-1] INFO  org.example.zalu.client.ChatClient - Gửi: GET_GROUP_CONVERSATION|1|2
2025-12-27 13:18:27.969 [JavaFX Application Thread] INFO  o.e.zalu.controller.ChatListManager - Received groups update: 2 groups
2025-12-27 13:18:27.970 [Global-Listener] INFO  o.e.zalu.client.ChatEventManager - Received string message: USER_AVATAR|24|0
2025-12-27 13:18:27.988 [JavaFX Application Thread] INFO  o.e.zalu.controller.ChatListManager - Pre-fetched top 5 conversations in background
2025-12-27 13:18:27.988 [pool-2-thread-1] INFO  org.example.zalu.client.ChatClient - Gửi: GET_CONVERSATION|1|22
2025-12-27 13:18:27.988 [JavaFX Application Thread] INFO  o.e.zalu.controller.ChatListManager - Friend list refreshed with 6 friends and 2 groups
2025-12-27 13:18:27.989 [pool-2-thread-1] INFO  org.example.zalu.client.ChatClient - Gửi: GET_CONVERSATION|1|17
2025-12-27 13:18:27.989 [pool-2-thread-1] INFO  org.example.zalu.client.ChatClient - Gửi: GET_GROUP_CONVERSATION|1|1
2025-12-27 13:18:27.989 [pool-2-thread-1] INFO  org.example.zalu.client.ChatClient - Gửi: GET_CONVERSATION|1|2
2025-12-27 13:18:27.990 [pool-2-thread-1] INFO  org.example.zalu.client.ChatClient - Gửi: GET_GROUP_CONVERSATION|1|2
2025-12-27 13:18:27.991 [Thread-7] ERROR o.example.zalu.server.ClientHandler - Error getting avatar for user
org.example.zalu.exception.database.DatabaseException: Lỗi khi tải avatar
	at org.example.zalu/org.example.zalu.dao.UserDAO.getAvatarData(UserDAO.java:321)
	at org.example.zalu/org.example.zalu.server.ClientHandler.handleMessage(ClientHandler.java:1137)
	at org.example.zalu/org.example.zalu.server.ClientHandler.run(ClientHandler.java:129)
Caused by: com.mysql.cj.jdbc.exceptions.PacketTooBigException: Packet for query is too large (1,377,618 > 1,048,576). You can change this value on the server by setting the 'max_allowed_packet' variable.
	at mysql.connector.j@8.0.33/com.mysql.cj.jdbc.exceptions.SQLExceptionsMapping.translateException(SQLExceptionsMapping.java:107)
	at mysql.connector.j@8.0.33/com.mysql.cj.jdbc.ClientPreparedStatement.executeInternal(ClientPreparedStatement.java:916)
	at mysql.connector.j@8.0.33/com.mysql.cj.jdbc.ClientPreparedStatement.executeQuery(ClientPreparedStatement.java:972)
	at com.zaxxer.hikari@5.1.0/com.zaxxer.hikari.pool.ProxyPreparedStatement.executeQuery(ProxyPreparedStatement.java:52)
	at com.zaxxer.hikari@5.1.0/com.zaxxer.hikari.pool.HikariProxyPreparedStatement.executeQuery(HikariProxyPreparedStatement.java)
	at org.example.zalu/org.example.zalu.dao.UserDAO.getAvatarData(UserDAO.java:310)
	... 2 common frames omitted
2025-12-27 13:18:27.993 [Global-Listener] INFO  o.e.zalu.client.ChatEventManager - Received string message: USER_AVATAR|FAIL
2025-12-27 13:18:28.015 [Thread-7] ERROR o.example.zalu.server.ClientHandler - Error handling GET_CONVERSATION
org.example.zalu.exception.message.MessageException: Lỗi khi lấy tin nhắn: Packet for query is too large (1,166,050 > 1,048,576). You can change this value on the server by setting the 'max_allowed_packet' variable.
	at org.example.zalu/org.example.zalu.dao.MessageDAO.getMessagesBetween(MessageDAO.java:186)
	at org.example.zalu/org.example.zalu.server.ClientHandler.handleMessage(ClientHandler.java:914)
	at org.example.zalu/org.example.zalu.server.ClientHandler.run(ClientHandler.java:129)
Caused by: com.mysql.cj.jdbc.exceptions.PacketTooBigException: Packet for query is too large (1,166,050 > 1,048,576). You can change this value on the server by setting the 'max_allowed_packet' variable.
	at mysql.connector.j@8.0.33/com.mysql.cj.jdbc.exceptions.SQLExceptionsMapping.translateException(SQLExceptionsMapping.java:107)
	at mysql.connector.j@8.0.33/com.mysql.cj.jdbc.ClientPreparedStatement.executeInternal(ClientPreparedStatement.java:916)
	at mysql.connector.j@8.0.33/com.mysql.cj.jdbc.ClientPreparedStatement.executeQuery(ClientPreparedStatement.java:972)
	at com.zaxxer.hikari@5.1.0/com.zaxxer.hikari.pool.ProxyPreparedStatement.executeQuery(ProxyPreparedStatement.java:52)
	at com.zaxxer.hikari@5.1.0/com.zaxxer.hikari.pool.HikariProxyPreparedStatement.executeQuery(HikariProxyPreparedStatement.java)
	at org.example.zalu/org.example.zalu.dao.MessageDAO.getMessagesBetween(MessageDAO.java:141)
	... 2 common frames omitted
2025-12-27 13:18:28.017 [Global-Listener] WARN  o.e.zalu.client.ChatEventManager - Unknown event type: java.util.HashMap
2025-12-27 13:18:28.049 [Global-Listener] INFO  o.e.zalu.client.ChatEventManager - Caching history for chatId 17: 16 messages
2025-12-27 13:18:28.059 [Global-Listener] INFO  org.example.zalu.client.ClientCache - Client cache saved to disk.
2025-12-27 13:18:28.061 [Global-Listener] INFO  o.e.zalu.client.ChatEventManager - Caching history for chatId -1: 7 messages
2025-12-27 13:18:28.069 [Global-Listener] INFO  org.example.zalu.client.ClientCache - Client cache saved to disk.
2025-12-27 13:18:28.078 [Global-Listener] INFO  o.e.zalu.client.ChatEventManager - Caching history for chatId 2: 28 messages
2025-12-27 13:18:28.089 [Global-Listener] INFO  org.example.zalu.client.ClientCache - Client cache saved to disk.
2025-12-27 13:18:28.100 [Global-Listener] INFO  o.e.zalu.client.ChatEventManager - Caching history for chatId -2: 16 messages
2025-12-27 13:18:28.109 [Global-Listener] INFO  org.example.zalu.client.ClientCache - Client cache saved to disk.
2025-12-27 13:18:28.114 [Thread-7] ERROR o.example.zalu.server.ClientHandler - Error handling GET_CONVERSATION
org.example.zalu.exception.message.MessageException: Lỗi khi lấy tin nhắn: Packet for query is too large (1,166,050 > 1,048,576). You can change this value on the server by setting the 'max_allowed_packet' variable.
	at org.example.zalu/org.example.zalu.dao.MessageDAO.getMessagesBetween(MessageDAO.java:186)
	at org.example.zalu/org.example.zalu.server.ClientHandler.handleMessage(ClientHandler.java:914)
	at org.example.zalu/org.example.zalu.server.ClientHandler.run(ClientHandler.java:129)
Caused by: com.mysql.cj.jdbc.exceptions.PacketTooBigException: Packet for query is too large (1,166,050 > 1,048,576). You can change this value on the server by setting the 'max_allowed_packet' variable.
	at mysql.connector.j@8.0.33/com.mysql.cj.jdbc.exceptions.SQLExceptionsMapping.translateException(SQLExceptionsMapping.java:107)
	at mysql.connector.j@8.0.33/com.mysql.cj.jdbc.ClientPreparedStatement.executeInternal(ClientPreparedStatement.java:916)
	at mysql.connector.j@8.0.33/com.mysql.cj.jdbc.ClientPreparedStatement.executeQuery(ClientPreparedStatement.java:972)
	at com.zaxxer.hikari@5.1.0/com.zaxxer.hikari.pool.ProxyPreparedStatement.executeQuery(ProxyPreparedStatement.java:52)
	at com.zaxxer.hikari@5.1.0/com.zaxxer.hikari.pool.HikariProxyPreparedStatement.executeQuery(HikariProxyPreparedStatement.java)
	at org.example.zalu/org.example.zalu.dao.MessageDAO.getMessagesBetween(MessageDAO.java:141)
	... 2 common frames omitted
2025-12-27 13:18:28.115 [Global-Listener] WARN  o.e.zalu.client.ChatEventManager - Unknown event type: java.util.HashMap
2025-12-27 13:18:28.140 [Global-Listener] INFO  o.e.zalu.client.ChatEventManager - Caching history for chatId 17: 16 messages
2025-12-27 13:18:28.151 [Global-Listener] INFO  org.example.zalu.client.ClientCache - Client cache saved to disk.
2025-12-27 13:18:28.153 [Global-Listener] INFO  o.e.zalu.client.ChatEventManager - Caching history for chatId -1: 7 messages
2025-12-27 13:18:28.162 [Global-Listener] INFO  org.example.zalu.client.ClientCache - Client cache saved to disk.
2025-12-27 13:18:28.166 [Global-Listener] INFO  o.e.zalu.client.ChatEventManager - Caching history for chatId 2: 28 messages
2025-12-27 13:18:28.174 [Global-Listener] INFO  org.example.zalu.client.ClientCache - Client cache saved to disk.
2025-12-27 13:18:28.186 [Global-Listener] INFO  o.e.zalu.client.ChatEventManager - Caching history for chatId -2: 16 messages
2025-12-27 13:18:28.198 [Global-Listener] INFO  org.example.zalu.client.ClientCache - Client cache saved to disk.
2025-12-27 13:20:20.493 [JavaFX Application Thread] INFO  o.e.zalu.controller.MainController - Selection changed to: Đoàn Trọng Mỹ (isWelcomeMode: false)
2025-12-27 13:20:20.521 [JavaFX Application Thread] INFO  o.e.zalu.controller.MainController - Loading chat for: Đoàn Trọng Mỹ
2025-12-27 13:20:20.521 [JavaFX Application Thread] INFO  o.e.zalu.controller.MainController - Reloading chat for: Đoàn Trọng Mỹ
2025-12-27 13:20:20.524 [JavaFX Application Thread] INFO  o.e.zalu.controller.MainController - Using cached messages for friend 17: 16 messages
2025-12-27 13:20:20.570 [pool-2-thread-1] INFO  org.example.zalu.client.ChatClient - Gửi: GET_PINNED_MESSAGES|1|17|false
2025-12-27 13:20:20.739 [pool-2-thread-1] INFO  org.example.zalu.client.ChatClient - Gửi: MARK_AS_READ|1|17
2025-12-27 13:20:20.740 [pool-2-thread-1] INFO  org.example.zalu.client.ChatClient - Gửi: GET_CONVERSATION|1|17
2025-12-27 13:20:20.828 [Global-Listener] INFO  o.e.zalu.client.ChatEventManager - Caching history for chatId 17: 16 messages
2025-12-27 13:20:20.835 [Global-Listener] INFO  org.example.zalu.client.ClientCache - Client cache saved to disk.
2025-12-27 13:20:20.843 [JavaFX Application Thread] INFO  o.e.zalu.controller.ChatListManager - Refreshing friend list for userId: 1
2025-12-27 13:20:20.844 [pool-2-thread-1] INFO  org.example.zalu.client.ChatClient - Gửi: GET_FRIENDS_LIST_FULL|1
2025-12-27 13:20:20.845 [pool-2-thread-1] INFO  org.example.zalu.client.ChatClient - Gửi: GET_GROUPS|1
2025-12-27 13:20:20.896 [Global-Listener] INFO  o.e.zalu.client.ChatEventManager - Received List<GroupInfo>: 2 groups
2025-12-27 13:20:20.916 [JavaFX Application Thread] INFO  o.e.zalu.controller.ChatListManager - Received full friend list: 6 friends
2025-12-27 13:20:20.916 [pool-2-thread-1] INFO  org.example.zalu.client.ChatClient - Gửi: GET_USER_AVATAR|2
2025-12-27 13:20:20.917 [pool-2-thread-1] INFO  org.example.zalu.client.ChatClient - Gửi: GET_USER_AVATAR|17
2025-12-27 13:20:20.917 [pool-2-thread-1] INFO  org.example.zalu.client.ChatClient - Gửi: GET_USER_AVATAR|22
2025-12-27 13:20:20.918 [pool-2-thread-1] INFO  org.example.zalu.client.ChatClient - Gửi: GET_USER_AVATAR|23
2025-12-27 13:20:20.919 [pool-2-thread-1] INFO  org.example.zalu.client.ChatClient - Gửi: GET_USER_AVATAR|24
2025-12-27 13:20:20.919 [pool-2-thread-1] INFO  org.example.zalu.client.ChatClient - Gửi: GET_USER_AVATAR|25
2025-12-27 13:20:20.919 [Global-Listener] INFO  o.e.zalu.client.ChatEventManager - Received string message: USER_AVATAR|2|0
2025-12-27 13:20:20.923 [Global-Listener] INFO  o.e.zalu.client.ChatEventManager - Received string message: USER_AVATAR|17|0
2025-12-27 13:20:20.926 [Global-Listener] INFO  o.e.zalu.client.ChatEventManager - Received string message: USER_AVATAR|22|0
2025-12-27 13:20:20.929 [JavaFX Application Thread] INFO  o.e.zalu.controller.ChatListManager - Pre-fetched top 5 conversations in background
2025-12-27 13:20:20.929 [pool-2-thread-1] INFO  org.example.zalu.client.ChatClient - Gửi: GET_CONVERSATION|1|22
2025-12-27 13:20:20.929 [JavaFX Application Thread] INFO  o.e.zalu.controller.ChatListManager - Friend list refreshed with 6 friends and 2 groups
2025-12-27 13:20:20.929 [Global-Listener] INFO  o.e.zalu.client.ChatEventManager - Received string message: USER_AVATAR|23|0
2025-12-27 13:20:20.930 [JavaFX Application Thread] INFO  o.e.zalu.controller.ChatListManager - Received groups update: 2 groups
2025-12-27 13:20:20.929 [pool-2-thread-1] INFO  org.example.zalu.client.ChatClient - Gửi: GET_CONVERSATION|1|17
2025-12-27 13:20:20.930 [pool-2-thread-1] INFO  org.example.zalu.client.ChatClient - Gửi: GET_GROUP_CONVERSATION|1|1
2025-12-27 13:20:20.932 [pool-2-thread-1] INFO  org.example.zalu.client.ChatClient - Gửi: GET_CONVERSATION|1|2
2025-12-27 13:20:20.932 [pool-2-thread-1] INFO  org.example.zalu.client.ChatClient - Gửi: GET_GROUP_CONVERSATION|1|2
2025-12-27 13:20:20.932 [Global-Listener] INFO  o.e.zalu.client.ChatEventManager - Received string message: USER_AVATAR|24|0
2025-12-27 13:20:20.940 [JavaFX Application Thread] INFO  o.e.zalu.controller.ChatListManager - Pre-fetched top 5 conversations in background
2025-12-27 13:20:20.940 [pool-2-thread-1] INFO  org.example.zalu.client.ChatClient - Gửi: GET_CONVERSATION|1|22
2025-12-27 13:20:20.941 [JavaFX Application Thread] INFO  o.e.zalu.controller.ChatListManager - Friend list refreshed with 6 friends and 2 groups
2025-12-27 13:20:20.941 [pool-2-thread-1] INFO  org.example.zalu.client.ChatClient - Gửi: GET_CONVERSATION|1|17
2025-12-27 13:20:20.941 [pool-2-thread-1] INFO  org.example.zalu.client.ChatClient - Gửi: GET_GROUP_CONVERSATION|1|1
2025-12-27 13:20:20.942 [pool-2-thread-1] INFO  org.example.zalu.client.ChatClient - Gửi: GET_CONVERSATION|1|2
2025-12-27 13:20:20.942 [pool-2-thread-1] INFO  org.example.zalu.client.ChatClient - Gửi: GET_GROUP_CONVERSATION|1|2
2025-12-27 13:20:20.954 [Thread-7] ERROR o.example.zalu.server.ClientHandler - Error getting avatar for user
org.example.zalu.exception.database.DatabaseException: Lỗi khi tải avatar
	at org.example.zalu/org.example.zalu.dao.UserDAO.getAvatarData(UserDAO.java:321)
	at org.example.zalu/org.example.zalu.server.ClientHandler.handleMessage(ClientHandler.java:1137)
	at org.example.zalu/org.example.zalu.server.ClientHandler.run(ClientHandler.java:129)
Caused by: com.mysql.cj.jdbc.exceptions.PacketTooBigException: Packet for query is too large (1,377,618 > 1,048,576). You can change this value on the server by setting the 'max_allowed_packet' variable.
	at mysql.connector.j@8.0.33/com.mysql.cj.jdbc.exceptions.SQLExceptionsMapping.translateException(SQLExceptionsMapping.java:107)
	at mysql.connector.j@8.0.33/com.mysql.cj.jdbc.ClientPreparedStatement.executeInternal(ClientPreparedStatement.java:916)
	at mysql.connector.j@8.0.33/com.mysql.cj.jdbc.ClientPreparedStatement.executeQuery(ClientPreparedStatement.java:972)
	at com.zaxxer.hikari@5.1.0/com.zaxxer.hikari.pool.ProxyPreparedStatement.executeQuery(ProxyPreparedStatement.java:52)
	at com.zaxxer.hikari@5.1.0/com.zaxxer.hikari.pool.HikariProxyPreparedStatement.executeQuery(HikariProxyPreparedStatement.java)
	at org.example.zalu/org.example.zalu.dao.UserDAO.getAvatarData(UserDAO.java:310)
	... 2 common frames omitted
2025-12-27 13:20:20.982 [Global-Listener] INFO  o.e.zalu.client.ChatEventManager - Received string message: USER_AVATAR|FAIL
2025-12-27 13:20:21.089 [Thread-7] ERROR o.example.zalu.server.ClientHandler - Error handling GET_CONVERSATION
org.example.zalu.exception.message.MessageException: Lỗi khi lấy tin nhắn: Packet for query is too large (1,166,050 > 1,048,576). You can change this value on the server by setting the 'max_allowed_packet' variable.
	at org.example.zalu/org.example.zalu.dao.MessageDAO.getMessagesBetween(MessageDAO.java:186)
	at org.example.zalu/org.example.zalu.server.ClientHandler.handleMessage(ClientHandler.java:914)
	at org.example.zalu/org.example.zalu.server.ClientHandler.run(ClientHandler.java:129)
Caused by: com.mysql.cj.jdbc.exceptions.PacketTooBigException: Packet for query is too large (1,166,050 > 1,048,576). You can change this value on the server by setting the 'max_allowed_packet' variable.
	at mysql.connector.j@8.0.33/com.mysql.cj.jdbc.exceptions.SQLExceptionsMapping.translateException(SQLExceptionsMapping.java:107)
	at mysql.connector.j@8.0.33/com.mysql.cj.jdbc.ClientPreparedStatement.executeInternal(ClientPreparedStatement.java:916)
	at mysql.connector.j@8.0.33/com.mysql.cj.jdbc.ClientPreparedStatement.executeQuery(ClientPreparedStatement.java:972)
	at com.zaxxer.hikari@5.1.0/com.zaxxer.hikari.pool.ProxyPreparedStatement.executeQuery(ProxyPreparedStatement.java:52)
	at com.zaxxer.hikari@5.1.0/com.zaxxer.hikari.pool.HikariProxyPreparedStatement.executeQuery(HikariProxyPreparedStatement.java)
	at org.example.zalu/org.example.zalu.dao.MessageDAO.getMessagesBetween(MessageDAO.java:141)
	... 2 common frames omitted
2025-12-27 13:20:21.093 [Global-Listener] WARN  o.e.zalu.client.ChatEventManager - Unknown event type: java.util.HashMap
2025-12-27 13:20:21.121 [Global-Listener] INFO  o.e.zalu.client.ChatEventManager - Caching history for chatId 17: 16 messages
2025-12-27 13:20:21.128 [Global-Listener] INFO  org.example.zalu.client.ClientCache - Client cache saved to disk.
2025-12-27 13:20:21.130 [Global-Listener] INFO  o.e.zalu.client.ChatEventManager - Caching history for chatId -1: 7 messages
2025-12-27 13:20:21.138 [Global-Listener] INFO  org.example.zalu.client.ClientCache - Client cache saved to disk.
2025-12-27 13:20:21.149 [Global-Listener] INFO  o.e.zalu.client.ChatEventManager - Caching history for chatId 2: 28 messages
2025-12-27 13:20:21.157 [Global-Listener] INFO  org.example.zalu.client.ClientCache - Client cache saved to disk.
2025-12-27 13:20:21.166 [Global-Listener] INFO  o.e.zalu.client.ChatEventManager - Caching history for chatId -2: 16 messages
2025-12-27 13:20:21.173 [Global-Listener] INFO  org.example.zalu.client.ClientCache - Client cache saved to disk.
2025-12-27 13:20:21.193 [Thread-7] ERROR o.example.zalu.server.ClientHandler - Error handling GET_CONVERSATION
org.example.zalu.exception.message.MessageException: Lỗi khi lấy tin nhắn: Packet for query is too large (1,166,050 > 1,048,576). You can change this value on the server by setting the 'max_allowed_packet' variable.
	at org.example.zalu/org.example.zalu.dao.MessageDAO.getMessagesBetween(MessageDAO.java:186)
	at org.example.zalu/org.example.zalu.server.ClientHandler.handleMessage(ClientHandler.java:914)
	at org.example.zalu/org.example.zalu.server.ClientHandler.run(ClientHandler.java:129)
Caused by: com.mysql.cj.jdbc.exceptions.PacketTooBigException: Packet for query is too large (1,166,050 > 1,048,576). You can change this value on the server by setting the 'max_allowed_packet' variable.
	at mysql.connector.j@8.0.33/com.mysql.cj.jdbc.exceptions.SQLExceptionsMapping.translateException(SQLExceptionsMapping.java:107)
	at mysql.connector.j@8.0.33/com.mysql.cj.jdbc.ClientPreparedStatement.executeInternal(ClientPreparedStatement.java:916)
	at mysql.connector.j@8.0.33/com.mysql.cj.jdbc.ClientPreparedStatement.executeQuery(ClientPreparedStatement.java:972)
	at com.zaxxer.hikari@5.1.0/com.zaxxer.hikari.pool.ProxyPreparedStatement.executeQuery(ProxyPreparedStatement.java:52)
	at com.zaxxer.hikari@5.1.0/com.zaxxer.hikari.pool.HikariProxyPreparedStatement.executeQuery(HikariProxyPreparedStatement.java)
	at org.example.zalu/org.example.zalu.dao.MessageDAO.getMessagesBetween(MessageDAO.java:141)
	... 2 common frames omitted
2025-12-27 13:20:21.194 [Global-Listener] WARN  o.e.zalu.client.ChatEventManager - Unknown event type: java.util.HashMap
2025-12-27 13:20:21.220 [Global-Listener] INFO  o.e.zalu.client.ChatEventManager - Caching history for chatId 17: 16 messages
2025-12-27 13:20:21.227 [Global-Listener] INFO  org.example.zalu.client.ClientCache - Client cache saved to disk.
2025-12-27 13:20:21.232 [Global-Listener] INFO  o.e.zalu.client.ChatEventManager - Caching history for chatId -1: 7 messages
2025-12-27 13:20:21.243 [Global-Listener] INFO  org.example.zalu.client.ClientCache - Client cache saved to disk.
2025-12-27 13:20:21.251 [Global-Listener] INFO  o.e.zalu.client.ChatEventManager - Caching history for chatId 2: 28 messages
2025-12-27 13:20:21.259 [Global-Listener] INFO  org.example.zalu.client.ClientCache - Client cache saved to disk.
2025-12-27 13:20:21.266 [Global-Listener] INFO  o.e.zalu.client.ChatEventManager - Caching history for chatId -2: 16 messages
2025-12-27 13:20:21.275 [Global-Listener] INFO  org.example.zalu.client.ClientCache - Client cache saved to disk.
2025-12-27 13:20:35.354 [pool-2-thread-1] INFO  org.example.zalu.client.ChatClient - Gửi: TYPING|1|17
2025-12-27 13:20:35.693 [pool-2-thread-1] INFO  org.example.zalu.client.ChatClient - Gửi: TYPING_STOP|1|17
2025-12-27 13:20:35.723 [pool-2-thread-1] INFO  org.example.zalu.client.ChatClient - Gửi: SEND_MESSAGE|17|1|😂|TEMP_ID|0f550414-50da-43e7-87f7-250905d72b4f
2025-12-27 13:20:35.733 [pool-2-thread-1] INFO  org.example.zalu.client.ChatClient - Gửi: TYPING_STOP|1|17
2025-12-27 13:20:35.738 [JavaFX Application Thread] INFO  o.example.zalu.util.ui.ChatRenderer - Rendering text msg: '😂' (length: 2, own: true)
2025-12-27 13:20:35.958 [Global-Listener] INFO  o.e.zalu.client.ChatEventManager - Received string message: NEW_MESSAGE|1|17|😂|TEMP_ID|0f550414-50da-43e7-87f7-250905d72b4f
2025-12-27 13:20:35.961 [Global-Listener] WARN  o.e.zalu.client.ChatEventManager - Unknown event type: java.lang.String
2025-12-27 13:20:35.962 [JavaFX Application Thread] INFO  o.e.zalu.controller.MainController - onMessagesReceived: 1 messages
2025-12-27 13:20:35.979 [Global-Listener] INFO  o.e.zalu.client.ChatEventManager - Received string message: MESSAGE_SENT|OK|144|0f550414-50da-43e7-87f7-250905d72b4f
2025-12-27 13:20:35.985 [Global-Listener] WARN  o.e.zalu.client.ChatEventManager - Unknown event type: java.lang.String
2025-12-27 13:20:36.112 [JavaFX Application Thread] INFO  o.e.zalu.controller.MainController - Received MESSAGE_SENT|OK, message confirmed by server
2025-12-27 13:20:36.114 [JavaFX Application Thread] WARN  o.e.z.c.chat.MessageListController - tempId not found in pendingMessageNodes: tempId=0f550414-50da-43e7-87f7-250905d72b4f
2025-12-27 13:22:36.064 [Global-Listener] WARN  org.example.zalu.client.ChatClient - Mất kết nối bất ngờ → thử reconnect...
2025-12-27 13:22:36.216 [JavaFX Application Thread] INFO  org.example.zalu.client.ChatClient - Đang thử kết nối lại...
2025-12-27 13:22:36.253 [JavaFX Application Thread] INFO  org.example.zalu.client.ChatClient - === Đang kết nối đến Server ===
2025-12-27 13:22:36.254 [JavaFX Application Thread] INFO  org.example.zalu.client.ChatClient - Server Address: 10.219.179.108
2025-12-27 13:22:36.258 [JavaFX Application Thread] INFO  org.example.zalu.client.ChatClient - Server Port: 5000
2025-12-27 13:22:36.244 [Thread-7] INFO  o.example.zalu.server.ClientHandler - Server: Client 1 đã đóng kết nối (EOF)
2025-12-27 13:22:36.275 [Thread-7] INFO  o.example.zalu.server.ClientHandler - User 1 đã thoát
2025-12-27 13:22:36.294 [Thread-5] INFO  org.example.zalu.server.ChatServer - ✅ Client mới kết nối: /10.219.179.108
2025-12-27 13:22:36.338 [JavaFX Application Thread] INFO  org.example.zalu.client.ChatClient - === ✓ Kết nối thành công ===
2025-12-27 13:22:36.339 [JavaFX Application Thread] INFO  org.example.zalu.client.ChatClient - Connected to: 10.219.179.108:5000
2025-12-27 13:22:36.339 [JavaFX Application Thread] INFO  org.example.zalu.client.ChatClient - Socket timeout: 120s
2025-12-27 13:22:36.339 [JavaFX Application Thread] INFO  org.example.zalu.client.ChatClient - Buffer size: 2MB
2025-12-27 13:22:36.340 [JavaFX Application Thread] INFO  org.example.zalu.client.ChatClient - ✓ Kết nối lại thành công sau 1 lần thử!
2025-12-27 13:22:36.351 [Global-Listener] INFO  org.example.zalu.client.ChatClient - Global listener đã khởi động
2025-12-27 13:22:36.365 [JavaFX Application Thread] INFO  org.example.zalu.client.ChatClient - Đã gửi yêu cầu khôi phục session cho userId=1
2025-12-27 13:22:36.414 [Thread-8] INFO  o.example.zalu.server.ClientHandler - Khôi phục session thành công cho userId 1
2025-12-27 13:22:36.418 [Global-Listener] INFO  o.e.zalu.client.ChatEventManager - Received string message: RESUME_SESSION|OK
2025-12-27 13:22:36.422 [Global-Listener] INFO  o.e.zalu.client.ChatEventManager - ✓ Khôi phục session thành công, yêu cầu tải lại nhóm
2025-12-27 13:22:36.430 [Global-Listener] INFO  o.e.zalu.client.ChatEventManager - Received string message: FRIENDS_UPDATE
2025-12-27 13:22:36.432 [pool-2-thread-1] INFO  org.example.zalu.client.ChatClient - Gửi: GET_GROUPS|1
2025-12-27 13:22:36.442 [Global-Listener] WARN  o.e.zalu.client.ChatEventManager - Unknown event type: java.lang.String
2025-12-27 13:22:36.444 [Global-Listener] INFO  o.e.zalu.client.ChatEventManager - Received string message: GROUPS_UPDATE
2025-12-27 13:22:36.445 [Global-Listener] WARN  o.e.zalu.client.ChatEventManager - Unknown event type: java.lang.String
2025-12-27 13:22:36.446 [pool-2-thread-1] INFO  org.example.zalu.client.ChatClient - Gửi: GET_GROUPS|1
2025-12-27 13:22:36.477 [Global-Listener] INFO  o.e.zalu.client.ChatEventManager - Received List<GroupInfo>: 2 groups
2025-12-27 13:22:36.480 [Global-Listener] INFO  o.e.zalu.client.ChatEventManager - Received List<GroupInfo>: 2 groups
2025-12-27 13:22:36.485 [JavaFX Application Thread] INFO  o.e.zalu.controller.ChatListManager - Received groups update: 2 groups
2025-12-27 13:22:36.705 [JavaFX Application Thread] INFO  o.e.zalu.controller.ChatListManager - Pre-fetched top 5 conversations in background
2025-12-27 13:22:36.708 [JavaFX Application Thread] INFO  o.e.zalu.controller.ChatListManager - Friend list refreshed with 6 friends and 2 groups
2025-12-27 13:22:36.708 [pool-2-thread-1] INFO  org.example.zalu.client.ChatClient - Gửi: GET_CONVERSATION|1|22
2025-12-27 13:22:36.710 [JavaFX Application Thread] INFO  o.e.zalu.controller.ChatListManager - Received groups update: 2 groups
2025-12-27 13:22:36.711 [pool-2-thread-1] INFO  org.example.zalu.client.ChatClient - Gửi: GET_CONVERSATION|1|17
2025-12-27 13:22:36.712 [pool-2-thread-1] INFO  org.example.zalu.client.ChatClient - Gửi: GET_GROUP_CONVERSATION|1|1
2025-12-27 13:22:36.713 [pool-2-thread-1] INFO  org.example.zalu.client.ChatClient - Gửi: GET_CONVERSATION|1|2
2025-12-27 13:22:36.714 [pool-2-thread-1] INFO  org.example.zalu.client.ChatClient - Gửi: GET_GROUP_CONVERSATION|1|2
2025-12-27 13:22:36.750 [JavaFX Application Thread] INFO  o.e.zalu.controller.ChatListManager - Pre-fetched top 5 conversations in background
2025-12-27 13:22:36.750 [pool-2-thread-1] INFO  org.example.zalu.client.ChatClient - Gửi: GET_CONVERSATION|1|22
2025-12-27 13:22:36.752 [JavaFX Application Thread] INFO  o.e.zalu.controller.ChatListManager - Friend list refreshed with 6 friends and 2 groups
2025-12-27 13:22:36.753 [pool-2-thread-1] INFO  org.example.zalu.client.ChatClient - Gửi: GET_CONVERSATION|1|17
2025-12-27 13:22:36.756 [pool-2-thread-1] INFO  org.example.zalu.client.ChatClient - Gửi: GET_GROUP_CONVERSATION|1|1
2025-12-27 13:22:36.758 [pool-2-thread-1] INFO  org.example.zalu.client.ChatClient - Gửi: GET_CONVERSATION|1|2
2025-12-27 13:22:36.761 [pool-2-thread-1] INFO  org.example.zalu.client.ChatClient - Gửi: GET_GROUP_CONVERSATION|1|2
2025-12-27 13:22:36.797 [Thread-8] ERROR o.example.zalu.server.ClientHandler - Error handling GET_CONVERSATION
org.example.zalu.exception.message.MessageException: Lỗi khi lấy tin nhắn: Packet for query is too large (1,166,050 > 1,048,576). You can change this value on the server by setting the 'max_allowed_packet' variable.
	at org.example.zalu/org.example.zalu.dao.MessageDAO.getMessagesBetween(MessageDAO.java:186)
	at org.example.zalu/org.example.zalu.server.ClientHandler.handleMessage(ClientHandler.java:914)
	at org.example.zalu/org.example.zalu.server.ClientHandler.run(ClientHandler.java:129)
Caused by: com.mysql.cj.jdbc.exceptions.PacketTooBigException: Packet for query is too large (1,166,050 > 1,048,576). You can change this value on the server by setting the 'max_allowed_packet' variable.
	at mysql.connector.j@8.0.33/com.mysql.cj.jdbc.exceptions.SQLExceptionsMapping.translateException(SQLExceptionsMapping.java:107)
	at mysql.connector.j@8.0.33/com.mysql.cj.jdbc.ClientPreparedStatement.executeInternal(ClientPreparedStatement.java:916)
	at mysql.connector.j@8.0.33/com.mysql.cj.jdbc.ClientPreparedStatement.executeQuery(ClientPreparedStatement.java:972)
	at com.zaxxer.hikari@5.1.0/com.zaxxer.hikari.pool.ProxyPreparedStatement.executeQuery(ProxyPreparedStatement.java:52)
	at com.zaxxer.hikari@5.1.0/com.zaxxer.hikari.pool.HikariProxyPreparedStatement.executeQuery(HikariProxyPreparedStatement.java)
	at org.example.zalu/org.example.zalu.dao.MessageDAO.getMessagesBetween(MessageDAO.java:141)
	... 2 common frames omitted
2025-12-27 13:22:36.826 [Global-Listener] WARN  o.e.zalu.client.ChatEventManager - Unknown event type: java.util.HashMap
2025-12-27 13:22:36.908 [Global-Listener] INFO  o.e.zalu.client.ChatEventManager - Caching history for chatId 17: 17 messages
2025-12-27 13:22:36.930 [Global-Listener] INFO  org.example.zalu.client.ClientCache - Client cache saved to disk.
2025-12-27 13:22:36.932 [Global-Listener] INFO  o.e.zalu.client.ChatEventManager - Caching history for chatId -1: 7 messages
2025-12-27 13:22:36.946 [pool-2-thread-1] INFO  org.example.zalu.client.ChatClient - Gửi: GET_PINNED_MESSAGES|1|17|false
2025-12-27 13:22:36.946 [Global-Listener] INFO  org.example.zalu.client.ClientCache - Client cache saved to disk.
2025-12-27 13:22:36.950 [Global-Listener] INFO  o.e.zalu.client.ChatEventManager - Caching history for chatId 2: 28 messages
2025-12-27 13:22:36.965 [Global-Listener] INFO  org.example.zalu.client.ClientCache - Client cache saved to disk.
2025-12-27 13:22:36.969 [Global-Listener] INFO  o.e.zalu.client.ChatEventManager - Caching history for chatId -2: 16 messages
2025-12-27 13:22:36.984 [Global-Listener] INFO  org.example.zalu.client.ClientCache - Client cache saved to disk.
2025-12-27 13:22:36.996 [Thread-8] ERROR o.example.zalu.server.ClientHandler - Error handling GET_CONVERSATION
org.example.zalu.exception.message.MessageException: Lỗi khi lấy tin nhắn: Packet for query is too large (1,166,050 > 1,048,576). You can change this value on the server by setting the 'max_allowed_packet' variable.
	at org.example.zalu/org.example.zalu.dao.MessageDAO.getMessagesBetween(MessageDAO.java:186)
	at org.example.zalu/org.example.zalu.server.ClientHandler.handleMessage(ClientHandler.java:914)
	at org.example.zalu/org.example.zalu.server.ClientHandler.run(ClientHandler.java:129)
Caused by: com.mysql.cj.jdbc.exceptions.PacketTooBigException: Packet for query is too large (1,166,050 > 1,048,576). You can change this value on the server by setting the 'max_allowed_packet' variable.
	at mysql.connector.j@8.0.33/com.mysql.cj.jdbc.exceptions.SQLExceptionsMapping.translateException(SQLExceptionsMapping.java:107)
	at mysql.connector.j@8.0.33/com.mysql.cj.jdbc.ClientPreparedStatement.executeInternal(ClientPreparedStatement.java:916)
	at mysql.connector.j@8.0.33/com.mysql.cj.jdbc.ClientPreparedStatement.executeQuery(ClientPreparedStatement.java:972)
	at com.zaxxer.hikari@5.1.0/com.zaxxer.hikari.pool.ProxyPreparedStatement.executeQuery(ProxyPreparedStatement.java:52)
	at com.zaxxer.hikari@5.1.0/com.zaxxer.hikari.pool.HikariProxyPreparedStatement.executeQuery(HikariProxyPreparedStatement.java)
	at org.example.zalu/org.example.zalu.dao.MessageDAO.getMessagesBetween(MessageDAO.java:141)
	... 2 common frames omitted
2025-12-27 13:22:37.000 [Global-Listener] WARN  o.e.zalu.client.ChatEventManager - Unknown event type: java.util.HashMap
2025-12-27 13:22:37.027 [Global-Listener] INFO  o.e.zalu.client.ChatEventManager - Caching history for chatId 17: 17 messages
2025-12-27 13:22:37.045 [Global-Listener] INFO  org.example.zalu.client.ClientCache - Client cache saved to disk.
2025-12-27 13:22:37.046 [Global-Listener] INFO  o.e.zalu.client.ChatEventManager - Caching history for chatId -1: 7 messages
2025-12-27 13:22:37.063 [Global-Listener] INFO  org.example.zalu.client.ClientCache - Client cache saved to disk.
2025-12-27 13:22:37.068 [Global-Listener] INFO  o.e.zalu.client.ChatEventManager - Caching history for chatId 2: 28 messages
2025-12-27 13:22:37.083 [Global-Listener] INFO  org.example.zalu.client.ClientCache - Client cache saved to disk.
2025-12-27 13:22:37.086 [Global-Listener] INFO  o.e.zalu.client.ChatEventManager - Caching history for chatId -2: 16 messages
2025-12-27 13:22:37.109 [Global-Listener] INFO  org.example.zalu.client.ClientCache - Client cache saved to disk.
2025-12-27 13:22:37.125 [pool-2-thread-1] INFO  org.example.zalu.client.ChatClient - Gửi: MARK_AS_READ|1|17
2025-12-27 13:22:37.270 [JavaFX Application Thread] INFO  o.e.zalu.controller.ChatListManager - Refreshing friend list for userId: 1
2025-12-27 13:22:37.270 [pool-2-thread-1] INFO  org.example.zalu.client.ChatClient - Gửi: GET_FRIENDS_LIST_FULL|1
2025-12-27 13:22:37.270 [pool-2-thread-1] INFO  org.example.zalu.client.ChatClient - Gửi: GET_GROUPS|1
2025-12-27 13:22:37.288 [Global-Listener] INFO  o.e.zalu.client.ChatEventManager - Received List<GroupInfo>: 2 groups
2025-12-27 13:22:37.446 [JavaFX Application Thread] INFO  o.e.zalu.controller.ChatListManager - Received full friend list: 6 friends
2025-12-27 13:22:37.448 [pool-2-thread-1] INFO  org.example.zalu.client.ChatClient - Gửi: GET_USER_AVATAR|2
2025-12-27 13:22:37.449 [pool-2-thread-1] INFO  org.example.zalu.client.ChatClient - Gửi: GET_USER_AVATAR|17
2025-12-27 13:22:37.450 [pool-2-thread-1] INFO  org.example.zalu.client.ChatClient - Gửi: GET_USER_AVATAR|22
2025-12-27 13:22:37.450 [pool-2-thread-1] INFO  org.example.zalu.client.ChatClient - Gửi: GET_USER_AVATAR|23
2025-12-27 13:22:37.450 [pool-2-thread-1] INFO  org.example.zalu.client.ChatClient - Gửi: GET_USER_AVATAR|24
2025-12-27 13:22:37.450 [pool-2-thread-1] INFO  org.example.zalu.client.ChatClient - Gửi: GET_USER_AVATAR|25
2025-12-27 13:22:37.451 [Global-Listener] INFO  o.e.zalu.client.ChatEventManager - Received string message: USER_AVATAR|2|0
2025-12-27 13:22:37.453 [Global-Listener] INFO  o.e.zalu.client.ChatEventManager - Received string message: USER_AVATAR|17|0
2025-12-27 13:22:37.456 [Global-Listener] INFO  o.e.zalu.client.ChatEventManager - Received string message: USER_AVATAR|22|0
2025-12-27 13:22:37.459 [Global-Listener] INFO  o.e.zalu.client.ChatEventManager - Received string message: USER_AVATAR|23|0
2025-12-27 13:22:37.461 [Global-Listener] INFO  o.e.zalu.client.ChatEventManager - Received string message: USER_AVATAR|24|0
2025-12-27 13:22:37.464 [JavaFX Application Thread] INFO  o.e.zalu.controller.ChatListManager - Pre-fetched top 5 conversations in background
2025-12-27 13:22:37.464 [pool-2-thread-1] INFO  org.example.zalu.client.ChatClient - Gửi: GET_CONVERSATION|1|17
2025-12-27 13:22:37.464 [JavaFX Application Thread] INFO  o.e.zalu.controller.ChatListManager - Friend list refreshed with 6 friends and 2 groups
2025-12-27 13:22:37.466 [JavaFX Application Thread] INFO  o.e.zalu.controller.ChatListManager - Received groups update: 2 groups
2025-12-27 13:22:37.464 [pool-2-thread-1] INFO  org.example.zalu.client.ChatClient - Gửi: GET_CONVERSATION|1|22
2025-12-27 13:22:37.466 [pool-2-thread-1] INFO  org.example.zalu.client.ChatClient - Gửi: GET_GROUP_CONVERSATION|1|1
2025-12-27 13:22:37.467 [pool-2-thread-1] INFO  org.example.zalu.client.ChatClient - Gửi: GET_CONVERSATION|1|2
2025-12-27 13:22:37.467 [pool-2-thread-1] INFO  org.example.zalu.client.ChatClient - Gửi: GET_GROUP_CONVERSATION|1|2
2025-12-27 13:22:37.483 [JavaFX Application Thread] INFO  o.e.zalu.controller.ChatListManager - Pre-fetched top 5 conversations in background
2025-12-27 13:22:37.483 [JavaFX Application Thread] INFO  o.e.zalu.controller.ChatListManager - Friend list refreshed with 6 friends and 2 groups
2025-12-27 13:22:37.483 [pool-2-thread-1] INFO  org.example.zalu.client.ChatClient - Gửi: GET_CONVERSATION|1|17
2025-12-27 13:22:37.483 [pool-2-thread-1] INFO  org.example.zalu.client.ChatClient - Gửi: GET_CONVERSATION|1|22
2025-12-27 13:22:37.483 [pool-2-thread-1] INFO  org.example.zalu.client.ChatClient - Gửi: GET_GROUP_CONVERSATION|1|1
2025-12-27 13:22:37.485 [pool-2-thread-1] INFO  org.example.zalu.client.ChatClient - Gửi: GET_CONVERSATION|1|2
2025-12-27 13:22:37.486 [pool-2-thread-1] INFO  org.example.zalu.client.ChatClient - Gửi: GET_GROUP_CONVERSATION|1|2
2025-12-27 13:22:37.490 [Thread-8] ERROR o.example.zalu.server.ClientHandler - Error getting avatar for user
org.example.zalu.exception.database.DatabaseException: Lỗi khi tải avatar
	at org.example.zalu/org.example.zalu.dao.UserDAO.getAvatarData(UserDAO.java:321)
	at org.example.zalu/org.example.zalu.server.ClientHandler.handleMessage(ClientHandler.java:1137)
	at org.example.zalu/org.example.zalu.server.ClientHandler.run(ClientHandler.java:129)
Caused by: com.mysql.cj.jdbc.exceptions.PacketTooBigException: Packet for query is too large (1,377,618 > 1,048,576). You can change this value on the server by setting the 'max_allowed_packet' variable.
	at mysql.connector.j@8.0.33/com.mysql.cj.jdbc.exceptions.SQLExceptionsMapping.translateException(SQLExceptionsMapping.java:107)
	at mysql.connector.j@8.0.33/com.mysql.cj.jdbc.ClientPreparedStatement.executeInternal(ClientPreparedStatement.java:916)
	at mysql.connector.j@8.0.33/com.mysql.cj.jdbc.ClientPreparedStatement.executeQuery(ClientPreparedStatement.java:972)
	at com.zaxxer.hikari@5.1.0/com.zaxxer.hikari.pool.ProxyPreparedStatement.executeQuery(ProxyPreparedStatement.java:52)
	at com.zaxxer.hikari@5.1.0/com.zaxxer.hikari.pool.HikariProxyPreparedStatement.executeQuery(HikariProxyPreparedStatement.java)
	at org.example.zalu/org.example.zalu.dao.UserDAO.getAvatarData(UserDAO.java:310)
	... 2 common frames omitted
2025-12-27 13:22:37.493 [Global-Listener] INFO  o.e.zalu.client.ChatEventManager - Received string message: USER_AVATAR|FAIL
2025-12-27 13:22:37.516 [Global-Listener] INFO  o.e.zalu.client.ChatEventManager - Caching history for chatId 17: 17 messages
2025-12-27 13:22:37.530 [Global-Listener] INFO  org.example.zalu.client.ClientCache - Client cache saved to disk.
2025-12-27 13:22:37.553 [Thread-8] ERROR o.example.zalu.server.ClientHandler - Error handling GET_CONVERSATION
org.example.zalu.exception.message.MessageException: Lỗi khi lấy tin nhắn: Packet for query is too large (1,166,050 > 1,048,576). You can change this value on the server by setting the 'max_allowed_packet' variable.
	at org.example.zalu/org.example.zalu.dao.MessageDAO.getMessagesBetween(MessageDAO.java:186)
	at org.example.zalu/org.example.zalu.server.ClientHandler.handleMessage(ClientHandler.java:914)
	at org.example.zalu/org.example.zalu.server.ClientHandler.run(ClientHandler.java:129)
Caused by: com.mysql.cj.jdbc.exceptions.PacketTooBigException: Packet for query is too large (1,166,050 > 1,048,576). You can change this value on the server by setting the 'max_allowed_packet' variable.
	at mysql.connector.j@8.0.33/com.mysql.cj.jdbc.exceptions.SQLExceptionsMapping.translateException(SQLExceptionsMapping.java:107)
	at mysql.connector.j@8.0.33/com.mysql.cj.jdbc.ClientPreparedStatement.executeInternal(ClientPreparedStatement.java:916)
	at mysql.connector.j@8.0.33/com.mysql.cj.jdbc.ClientPreparedStatement.executeQuery(ClientPreparedStatement.java:972)
	at com.zaxxer.hikari@5.1.0/com.zaxxer.hikari.pool.ProxyPreparedStatement.executeQuery(ProxyPreparedStatement.java:52)
	at com.zaxxer.hikari@5.1.0/com.zaxxer.hikari.pool.HikariProxyPreparedStatement.executeQuery(HikariProxyPreparedStatement.java)
	at org.example.zalu/org.example.zalu.dao.MessageDAO.getMessagesBetween(MessageDAO.java:141)
	... 2 common frames omitted
2025-12-27 13:22:37.558 [Global-Listener] WARN  o.e.zalu.client.ChatEventManager - Unknown event type: java.util.HashMap
2025-12-27 13:22:37.580 [Global-Listener] INFO  o.e.zalu.client.ChatEventManager - Caching history for chatId -1: 7 messages
2025-12-27 13:22:37.601 [Global-Listener] INFO  org.example.zalu.client.ClientCache - Client cache saved to disk.
2025-12-27 13:22:37.608 [Global-Listener] INFO  o.e.zalu.client.ChatEventManager - Caching history for chatId 2: 28 messages
2025-12-27 13:22:37.630 [Global-Listener] INFO  org.example.zalu.client.ClientCache - Client cache saved to disk.
2025-12-27 13:22:37.636 [Global-Listener] INFO  o.e.zalu.client.ChatEventManager - Caching history for chatId -2: 16 messages
2025-12-27 13:22:37.655 [Global-Listener] INFO  org.example.zalu.client.ClientCache - Client cache saved to disk.
2025-12-27 13:22:37.662 [Global-Listener] INFO  o.e.zalu.client.ChatEventManager - Caching history for chatId 17: 17 messages
2025-12-27 13:22:37.688 [Thread-8] ERROR o.example.zalu.server.ClientHandler - Error handling GET_CONVERSATION
org.example.zalu.exception.message.MessageException: Lỗi khi lấy tin nhắn: Packet for query is too large (1,166,050 > 1,048,576). You can change this value on the server by setting the 'max_allowed_packet' variable.
	at org.example.zalu/org.example.zalu.dao.MessageDAO.getMessagesBetween(MessageDAO.java:186)
	at org.example.zalu/org.example.zalu.server.ClientHandler.handleMessage(ClientHandler.java:914)
	at org.example.zalu/org.example.zalu.server.ClientHandler.run(ClientHandler.java:129)
Caused by: com.mysql.cj.jdbc.exceptions.PacketTooBigException: Packet for query is too large (1,166,050 > 1,048,576). You can change this value on the server by setting the 'max_allowed_packet' variable.
	at mysql.connector.j@8.0.33/com.mysql.cj.jdbc.exceptions.SQLExceptionsMapping.translateException(SQLExceptionsMapping.java:107)
	at mysql.connector.j@8.0.33/com.mysql.cj.jdbc.ClientPreparedStatement.executeInternal(ClientPreparedStatement.java:916)
	at mysql.connector.j@8.0.33/com.mysql.cj.jdbc.ClientPreparedStatement.executeQuery(ClientPreparedStatement.java:972)
	at com.zaxxer.hikari@5.1.0/com.zaxxer.hikari.pool.ProxyPreparedStatement.executeQuery(ProxyPreparedStatement.java:52)
	at com.zaxxer.hikari@5.1.0/com.zaxxer.hikari.pool.HikariProxyPreparedStatement.executeQuery(HikariProxyPreparedStatement.java)
	at org.example.zalu/org.example.zalu.dao.MessageDAO.getMessagesBetween(MessageDAO.java:141)
	... 2 common frames omitted
2025-12-27 13:22:37.691 [Global-Listener] INFO  org.example.zalu.client.ClientCache - Client cache saved to disk.
2025-12-27 13:22:37.693 [Global-Listener] WARN  o.e.zalu.client.ChatEventManager - Unknown event type: java.util.HashMap
2025-12-27 13:22:37.714 [Global-Listener] INFO  o.e.zalu.client.ChatEventManager - Caching history for chatId -1: 7 messages
2025-12-27 13:22:37.731 [Global-Listener] INFO  org.example.zalu.client.ClientCache - Client cache saved to disk.
2025-12-27 13:22:37.739 [Global-Listener] INFO  o.e.zalu.client.ChatEventManager - Caching history for chatId 2: 28 messages
2025-12-27 13:22:37.754 [Global-Listener] INFO  org.example.zalu.client.ClientCache - Client cache saved to disk.
2025-12-27 13:22:37.762 [Global-Listener] INFO  o.e.zalu.client.ChatEventManager - Caching history for chatId -2: 16 messages
2025-12-27 13:22:37.777 [Global-Listener] INFO  org.example.zalu.client.ClientCache - Client cache saved to disk.
2025-12-27 13:23:51.882 [Thread-8] INFO  o.example.zalu.server.ClientHandler - Server: Client 1 đã đóng kết nối (Socket): Connection reset
2025-12-27 13:23:51.912 [Thread-8] INFO  o.example.zalu.server.ClientHandler - User 1 đã thoát
2025-12-27 13:24:00.528 [JavaFX Application Thread] INFO  org.example.zalu.ZaluApplication - === Khởi động Zalu Client ===
2025-12-27 13:24:00.532 [JavaFX Application Thread] INFO  org.example.zalu.ZaluApplication - ⚠ License check đã bị vô hiệu hóa – dùng cho môi trường phát triển.
2025-12-27 13:24:00.533 [JavaFX Application Thread] INFO  org.example.zalu.ZaluApplication - ℹ Sẽ tìm kiếm server tự động qua UDP Discovery...
2025-12-27 13:24:01.147 [JavaFX Application Thread] INFO  o.e.z.c.auth.LoginController - === Khởi động Auto-Discovery ===
2025-12-27 13:24:01.150 [ServerDiscovery-Thread] INFO  o.e.z.c.auth.LoginController - Bắt đầu quá trình tìm kiếm server tự động...
2025-12-27 13:24:01.154 [ServerDiscovery-Thread] INFO  o.e.z.client.ServerDiscoveryClient - === Bắt đầu tìm kiếm Server trong mạng LAN ===
2025-12-27 13:24:01.155 [ServerDiscovery-Thread] INFO  o.e.z.client.ServerDiscoveryClient - Discovery Port: 8888
2025-12-27 13:24:01.158 [ServerDiscovery-Thread] INFO  o.e.z.client.ServerDiscoveryClient - Timeout: 3000ms
2025-12-27 13:24:01.185 [ServerDiscovery-Thread] INFO  o.e.z.client.ServerDiscoveryClient - ✓ UDP Socket đã khởi tạo
2025-12-27 13:24:01.186 [ServerDiscovery-Thread] INFO  o.e.z.client.ServerDiscoveryClient - ✓ Broadcast mode: ENABLED
2025-12-27 13:24:01.188 [ServerDiscovery-Thread] INFO  o.e.z.client.ServerDiscoveryClient - ✓ Timeout: 3000ms
2025-12-27 13:24:01.192 [ServerDiscovery-Thread] INFO  o.e.z.client.ServerDiscoveryClient - >>> [Broadcast #1] Sent to 255.255.255.255:8888
2025-12-27 13:24:01.192 [ServerDiscovery-Thread] INFO  o.e.z.client.ServerDiscoveryClient - Đang quét các network interfaces...
2025-12-27 13:24:01.200 [ServerDiscovery-Thread] INFO  o.e.z.client.ServerDiscoveryClient -   [Interface #1] WAN Miniport (IP)-WFP Native MAC Layer LightWeight Filter-0000 - ACTIVE
2025-12-27 13:24:01.202 [ServerDiscovery-Thread] INFO  o.e.z.client.ServerDiscoveryClient -   [Interface #2] WAN Miniport (IP)-QoS Packet Scheduler-0000 - ACTIVE
2025-12-27 13:24:01.202 [Discovery-Listener] INFO  o.e.z.server.ServerDiscoveryListener - >>> [Request #5] Discovery request từ 10.219.179.108:60416
2025-12-27 13:24:01.203 [ServerDiscovery-Thread] INFO  o.e.z.client.ServerDiscoveryClient -   [Interface #3] WAN Miniport (IPv6)-WFP Native MAC Layer LightWeight Filter-0000 - ACTIVE
2025-12-27 13:24:01.204 [ServerDiscovery-Thread] INFO  o.e.z.client.ServerDiscoveryClient -   [Interface #4] WAN Miniport (IPv6)-QoS Packet Scheduler-0000 - ACTIVE
2025-12-27 13:24:01.204 [ServerDiscovery-Thread] INFO  o.e.z.client.ServerDiscoveryClient -   [Interface #5] WAN Miniport (Network Monitor)-WFP Native MAC Layer LightWeight Filter-0000 - ACTIVE
2025-12-27 13:24:01.206 [ServerDiscovery-Thread] INFO  o.e.z.client.ServerDiscoveryClient -   [Interface #6] WAN Miniport (Network Monitor)-QoS Packet Scheduler-0000 - ACTIVE
2025-12-27 13:24:01.207 [ServerDiscovery-Thread] INFO  o.e.z.client.ServerDiscoveryClient -   [Interface #8] WAN Miniport (IP) - ACTIVE
2025-12-27 13:24:01.209 [ServerDiscovery-Thread] INFO  o.e.z.client.ServerDiscoveryClient -   [Interface #9] WAN Miniport (IPv6) - ACTIVE
2025-12-27 13:24:01.209 [Discovery-Listener] INFO  o.e.z.server.ServerDiscoveryListener - <<< [Response #5] Đã gửi response tới 10.219.179.108:60416 - TCP Port: 5000
2025-12-27 13:24:01.210 [ServerDiscovery-Thread] INFO  o.e.z.client.ServerDiscoveryClient -   [Interface #10] WAN Miniport (Network Monitor) - ACTIVE
2025-12-27 13:24:01.211 [ServerDiscovery-Thread] INFO  o.e.z.client.ServerDiscoveryClient -   [Interface #14] Intel(R) Wi-Fi 6E AX211 160MHz-WFP Native MAC Layer LightWeight Filter-0000 - ACTIVE
2025-12-27 13:24:01.213 [ServerDiscovery-Thread] INFO  o.e.z.client.ServerDiscoveryClient -   [Interface #15] Intel(R) Wi-Fi 6E AX211 160MHz-Virtual WiFi Filter Driver-0000 - ACTIVE
2025-12-27 13:24:01.214 [ServerDiscovery-Thread] INFO  o.e.z.client.ServerDiscoveryClient -   [Interface #16] Intel(R) Wi-Fi 6E AX211 160MHz-Native WiFi Filter Driver-0000 - ACTIVE
2025-12-27 13:24:01.216 [ServerDiscovery-Thread] INFO  o.e.z.client.ServerDiscoveryClient -   [Interface #17] Intel(R) Wi-Fi 6E AX211 160MHz-QoS Packet Scheduler-0000 - ACTIVE
2025-12-27 13:24:01.217 [ServerDiscovery-Thread] INFO  o.e.z.client.ServerDiscoveryClient -   [Interface #18] Intel(R) Wi-Fi 6E AX211 160MHz-WFP 802.3 MAC Layer LightWeight Filter-0000 - ACTIVE
2025-12-27 13:24:01.220 [ServerDiscovery-Thread] INFO  o.e.z.client.ServerDiscoveryClient -   [Interface #27] Intel(R) Wi-Fi 6E AX211 160MHz - ACTIVE
2025-12-27 13:24:01.221 [ServerDiscovery-Thread] INFO  o.e.z.client.ServerDiscoveryClient -     >>> [Broadcast #2] Sent to 10.219.179.255 (Intel(R) Wi-Fi 6E AX211 160MHz)
2025-12-27 13:24:01.221 [Discovery-Listener] INFO  o.e.z.server.ServerDiscoveryListener - >>> [Request #6] Discovery request từ 10.219.179.108:60416
2025-12-27 13:24:01.224 [Discovery-Listener] INFO  o.e.z.server.ServerDiscoveryListener - <<< [Response #6] Đã gửi response tới 10.219.179.108:60416 - TCP Port: 5000
2025-12-27 13:24:01.224 [ServerDiscovery-Thread] INFO  o.e.z.client.ServerDiscoveryClient - ✓ Đã quét 36 network interfaces
2025-12-27 13:24:01.224 [ServerDiscovery-Thread] INFO  o.e.z.client.ServerDiscoveryClient - === Tổng số broadcast packets gửi đi: 2 ===
2025-12-27 13:24:01.224 [ServerDiscovery-Thread] INFO  o.e.z.client.ServerDiscoveryClient - Đang chờ nhận phản hồi từ server (timeout: 3000ms)...
2025-12-27 13:24:01.227 [ServerDiscovery-Thread] INFO  o.e.z.client.ServerDiscoveryClient - <<< Nhận phản hồi từ 10.219.179.108:8888 (1ms)
2025-12-27 13:24:01.229 [ServerDiscovery-Thread] INFO  o.e.z.client.ServerDiscoveryClient - === ✓ TÌM THẤY SERVER ===
2025-12-27 13:24:01.230 [ServerDiscovery-Thread] INFO  o.e.z.client.ServerDiscoveryClient - Server Address: 10.219.179.108
2025-12-27 13:24:01.230 [ServerDiscovery-Thread] INFO  o.e.z.client.ServerDiscoveryClient - TCP Port: 5000
2025-12-27 13:24:01.230 [ServerDiscovery-Thread] INFO  o.e.z.client.ServerDiscoveryClient - Response Time: 1ms
2025-12-27 13:24:02.386 [JavaFX Application Thread] INFO  org.example.zalu.ZaluApplication - ✓ Zalu Client đã khởi động thành công!
2025-12-27 13:24:02.388 [JavaFX Application Thread] INFO  org.example.zalu.ZaluApplication -    Kích thước cố định: 1200.0 x 777.0
2025-12-27 13:24:02.389 [JavaFX Application Thread] INFO  org.example.zalu.ZaluApplication -    UDP Auto-Discovery: ENABLED
2025-12-27 13:24:02.391 [JavaFX Application Thread] INFO  o.e.z.c.auth.LoginController - === ✓ Auto-Discovery Thành Công ===
2025-12-27 13:24:02.392 [JavaFX Application Thread] INFO  o.e.z.c.auth.LoginController - Server được tìm thấy: 10.219.179.108:5000
2025-12-27 13:24:02.393 [JavaFX Application Thread] INFO  o.e.z.c.auth.LoginController - Thời gian tìm kiếm: 81ms
2025-12-27 13:24:02.398 [JavaFX Application Thread] INFO  org.example.zalu.client.ChatClient - ✓ Đã đọc cấu hình từ server.properties: localhost:5000
2025-12-27 13:24:02.399 [JavaFX Application Thread] INFO  org.example.zalu.client.ChatClient - ℹ Sử dụng IP mặc định: localhost (để kết nối từ máy khác, cấu hình trong server.properties hoặc dùng -Dserver.address=IP)
2025-12-27 13:24:02.401 [JavaFX Application Thread] INFO  org.example.zalu.client.ChatClient - Đã cập nhật cấu hình server: 10.219.179.108:5000
2025-12-27 13:24:02.401 [JavaFX Application Thread] INFO  org.example.zalu.client.ChatClient - Đã ngắt kết nối sạch sẽ – không reconnect tự động
2025-12-27 13:24:02.405 [JavaFX Application Thread] INFO  o.e.z.c.auth.LoginController - Đã cấu hình ChatClient với server: 10.219.179.108:5000
2025-12-27 13:24:02.405 [JavaFX Application Thread] INFO  o.e.z.c.auth.LoginController - === Kết thúc Auto-Discovery ===
2025-12-27 13:27:12.758 [JavaFX Application Thread] INFO  org.example.zalu.ZaluApplication - === Khởi động Zalu Client ===
2025-12-27 13:27:12.761 [JavaFX Application Thread] INFO  org.example.zalu.ZaluApplication - ⚠ License check đã bị vô hiệu hóa – dùng cho môi trường phát triển.
2025-12-27 13:27:12.762 [JavaFX Application Thread] INFO  org.example.zalu.ZaluApplication - ℹ Sẽ tìm kiếm server tự động qua UDP Discovery...
2025-12-27 13:27:13.157 [JavaFX Application Thread] INFO  o.e.z.c.auth.LoginController - === Khởi động Auto-Discovery ===
2025-12-27 13:27:13.159 [ServerDiscovery-Thread] INFO  o.e.z.c.auth.LoginController - Bắt đầu quá trình tìm kiếm server tự động...
2025-12-27 13:27:13.162 [ServerDiscovery-Thread] INFO  o.e.z.client.ServerDiscoveryClient - === Bắt đầu tìm kiếm Server trong mạng LAN ===
2025-12-27 13:27:13.163 [ServerDiscovery-Thread] INFO  o.e.z.client.ServerDiscoveryClient - Discovery Port: 8888
2025-12-27 13:27:13.165 [ServerDiscovery-Thread] INFO  o.e.z.client.ServerDiscoveryClient - Timeout: 3000ms
2025-12-27 13:27:13.189 [ServerDiscovery-Thread] INFO  o.e.z.client.ServerDiscoveryClient - ✓ UDP Socket đã khởi tạo
2025-12-27 13:27:13.190 [ServerDiscovery-Thread] INFO  o.e.z.client.ServerDiscoveryClient - ✓ Broadcast mode: ENABLED
2025-12-27 13:27:13.190 [ServerDiscovery-Thread] INFO  o.e.z.client.ServerDiscoveryClient - ✓ Timeout: 3000ms
2025-12-27 13:27:13.193 [ServerDiscovery-Thread] INFO  o.e.z.client.ServerDiscoveryClient - >>> [Broadcast #1] Sent to 255.255.255.255:8888
2025-12-27 13:27:13.194 [ServerDiscovery-Thread] INFO  o.e.z.client.ServerDiscoveryClient - Đang quét các network interfaces...
2025-12-27 13:27:13.200 [ServerDiscovery-Thread] INFO  o.e.z.client.ServerDiscoveryClient -   [Interface #1] WAN Miniport (IP)-WFP Native MAC Layer LightWeight Filter-0000 - ACTIVE
2025-12-27 13:27:13.201 [ServerDiscovery-Thread] INFO  o.e.z.client.ServerDiscoveryClient -   [Interface #2] WAN Miniport (IP)-QoS Packet Scheduler-0000 - ACTIVE
2025-12-27 13:27:13.201 [ServerDiscovery-Thread] INFO  o.e.z.client.ServerDiscoveryClient -   [Interface #3] WAN Miniport (IPv6)-WFP Native MAC Layer LightWeight Filter-0000 - ACTIVE
2025-12-27 13:27:13.201 [ServerDiscovery-Thread] INFO  o.e.z.client.ServerDiscoveryClient -   [Interface #4] WAN Miniport (IPv6)-QoS Packet Scheduler-0000 - ACTIVE
2025-12-27 13:27:13.203 [ServerDiscovery-Thread] INFO  o.e.z.client.ServerDiscoveryClient -   [Interface #5] WAN Miniport (Network Monitor)-WFP Native MAC Layer LightWeight Filter-0000 - ACTIVE
2025-12-27 13:27:13.203 [ServerDiscovery-Thread] INFO  o.e.z.client.ServerDiscoveryClient -   [Interface #6] WAN Miniport (Network Monitor)-QoS Packet Scheduler-0000 - ACTIVE
2025-12-27 13:27:13.205 [ServerDiscovery-Thread] INFO  o.e.z.client.ServerDiscoveryClient -   [Interface #8] WAN Miniport (IP) - ACTIVE
2025-12-27 13:27:13.206 [ServerDiscovery-Thread] INFO  o.e.z.client.ServerDiscoveryClient -   [Interface #9] WAN Miniport (IPv6) - ACTIVE
2025-12-27 13:27:13.206 [ServerDiscovery-Thread] INFO  o.e.z.client.ServerDiscoveryClient -   [Interface #10] WAN Miniport (Network Monitor) - ACTIVE
2025-12-27 13:27:13.207 [ServerDiscovery-Thread] INFO  o.e.z.client.ServerDiscoveryClient -   [Interface #14] Intel(R) Wi-Fi 6E AX211 160MHz-WFP Native MAC Layer LightWeight Filter-0000 - ACTIVE
2025-12-27 13:27:13.208 [ServerDiscovery-Thread] INFO  o.e.z.client.ServerDiscoveryClient -   [Interface #15] Intel(R) Wi-Fi 6E AX211 160MHz-Virtual WiFi Filter Driver-0000 - ACTIVE
2025-12-27 13:27:13.209 [ServerDiscovery-Thread] INFO  o.e.z.client.ServerDiscoveryClient -   [Interface #16] Intel(R) Wi-Fi 6E AX211 160MHz-Native WiFi Filter Driver-0000 - ACTIVE
2025-12-27 13:27:13.209 [ServerDiscovery-Thread] INFO  o.e.z.client.ServerDiscoveryClient -   [Interface #17] Intel(R) Wi-Fi 6E AX211 160MHz-QoS Packet Scheduler-0000 - ACTIVE
2025-12-27 13:27:13.211 [ServerDiscovery-Thread] INFO  o.e.z.client.ServerDiscoveryClient -   [Interface #18] Intel(R) Wi-Fi 6E AX211 160MHz-WFP 802.3 MAC Layer LightWeight Filter-0000 - ACTIVE
2025-12-27 13:27:13.215 [ServerDiscovery-Thread] INFO  o.e.z.client.ServerDiscoveryClient -   [Interface #27] Intel(R) Wi-Fi 6E AX211 160MHz - ACTIVE
2025-12-27 13:27:13.217 [ServerDiscovery-Thread] INFO  o.e.z.client.ServerDiscoveryClient -     >>> [Broadcast #2] Sent to 10.219.179.255 (Intel(R) Wi-Fi 6E AX211 160MHz)
2025-12-27 13:27:13.219 [ServerDiscovery-Thread] INFO  o.e.z.client.ServerDiscoveryClient - ✓ Đã quét 36 network interfaces
2025-12-27 13:27:13.219 [ServerDiscovery-Thread] INFO  o.e.z.client.ServerDiscoveryClient - === Tổng số broadcast packets gửi đi: 2 ===
2025-12-27 13:27:13.220 [ServerDiscovery-Thread] INFO  o.e.z.client.ServerDiscoveryClient - Đang chờ nhận phản hồi từ server (timeout: 3000ms)...
2025-12-27 13:27:13.215 [Discovery-Listener] INFO  o.e.z.server.ServerDiscoveryListener - >>> [Request #7] Discovery request từ 10.219.179.108:62971
2025-12-27 13:27:13.252 [Discovery-Listener] INFO  o.e.z.server.ServerDiscoveryListener - <<< [Response #7] Đã gửi response tới 10.219.179.108:62971 - TCP Port: 5000
2025-12-27 13:27:13.253 [ServerDiscovery-Thread] INFO  o.e.z.client.ServerDiscoveryClient - <<< Nhận phản hồi từ 10.219.179.108:8888 (32ms)
2025-12-27 13:27:13.253 [Discovery-Listener] INFO  o.e.z.server.ServerDiscoveryListener - >>> [Request #8] Discovery request từ 10.219.179.108:62971
2025-12-27 13:27:13.253 [ServerDiscovery-Thread] INFO  o.e.z.client.ServerDiscoveryClient - === ✓ TÌM THẤY SERVER ===
2025-12-27 13:27:13.255 [ServerDiscovery-Thread] INFO  o.e.z.client.ServerDiscoveryClient - Server Address: 10.219.179.108
2025-12-27 13:27:13.255 [Discovery-Listener] INFO  o.e.z.server.ServerDiscoveryListener - <<< [Response #8] Đã gửi response tới 10.219.179.108:62971 - TCP Port: 5000
2025-12-27 13:27:13.255 [ServerDiscovery-Thread] INFO  o.e.z.client.ServerDiscoveryClient - TCP Port: 5000
2025-12-27 13:27:13.255 [ServerDiscovery-Thread] INFO  o.e.z.client.ServerDiscoveryClient - Response Time: 32ms
2025-12-27 13:27:13.831 [JavaFX Application Thread] INFO  org.example.zalu.ZaluApplication - ✓ Zalu Client đã khởi động thành công!
2025-12-27 13:27:13.832 [JavaFX Application Thread] INFO  org.example.zalu.ZaluApplication -    Kích thước cố định: 1200.0 x 777.0
2025-12-27 13:27:13.833 [JavaFX Application Thread] INFO  org.example.zalu.ZaluApplication -    UDP Auto-Discovery: ENABLED
2025-12-27 13:27:13.834 [JavaFX Application Thread] INFO  o.e.z.c.auth.LoginController - === ✓ Auto-Discovery Thành Công ===
2025-12-27 13:27:13.836 [JavaFX Application Thread] INFO  o.e.z.c.auth.LoginController - Server được tìm thấy: 10.219.179.108:5000
2025-12-27 13:27:13.836 [JavaFX Application Thread] INFO  o.e.z.c.auth.LoginController - Thời gian tìm kiếm: 95ms
2025-12-27 13:27:13.840 [JavaFX Application Thread] INFO  org.example.zalu.client.ChatClient - ✓ Đã đọc cấu hình từ server.properties: localhost:5000
2025-12-27 13:27:13.841 [JavaFX Application Thread] INFO  org.example.zalu.client.ChatClient - ℹ Sử dụng IP mặc định: localhost (để kết nối từ máy khác, cấu hình trong server.properties hoặc dùng -Dserver.address=IP)
2025-12-27 13:27:13.843 [JavaFX Application Thread] INFO  org.example.zalu.client.ChatClient - Đã cập nhật cấu hình server: 10.219.179.108:5000
2025-12-27 13:27:13.843 [JavaFX Application Thread] INFO  org.example.zalu.client.ChatClient - Đã ngắt kết nối sạch sẽ – không reconnect tự động
2025-12-27 13:27:13.846 [JavaFX Application Thread] INFO  o.e.z.c.auth.LoginController - Đã cấu hình ChatClient với server: 10.219.179.108:5000
2025-12-27 13:27:13.846 [JavaFX Application Thread] INFO  o.e.z.c.auth.LoginController - === Kết thúc Auto-Discovery ===
2025-12-27 13:27:20.085 [JavaFX Application Thread] INFO  org.example.zalu.client.ChatClient - Chưa kết nối server, đang thử kết nối...
2025-12-27 13:27:20.086 [JavaFX Application Thread] INFO  org.example.zalu.client.ChatClient - === Đang kết nối đến Server ===
2025-12-27 13:27:20.086 [JavaFX Application Thread] INFO  org.example.zalu.client.ChatClient - Server Address: 10.219.179.108
2025-12-27 13:27:20.086 [JavaFX Application Thread] INFO  org.example.zalu.client.ChatClient - Server Port: 5000
2025-12-27 13:27:20.103 [Thread-5] INFO  org.example.zalu.server.ChatServer - ✅ Client mới kết nối: /10.219.179.108
2025-12-27 13:27:20.147 [JavaFX Application Thread] INFO  org.example.zalu.client.ChatClient - === ✓ Kết nối thành công ===
2025-12-27 13:27:20.148 [JavaFX Application Thread] INFO  org.example.zalu.client.ChatClient - Connected to: 10.219.179.108:5000
2025-12-27 13:27:20.149 [JavaFX Application Thread] INFO  org.example.zalu.client.ChatClient - Socket timeout: 120s
2025-12-27 13:27:20.149 [JavaFX Application Thread] INFO  org.example.zalu.client.ChatClient - Buffer size: 2MB
2025-12-27 13:27:20.151 [Global-Listener] INFO  org.example.zalu.client.ChatClient - Global listener đã khởi động
2025-12-27 13:27:20.278 [pool-2-thread-1] INFO  org.example.zalu.client.ChatClient - Gửi: LOGIN_REQUEST|hylee|123456
2025-12-27 13:27:20.284 [Thread-9] INFO  o.example.zalu.server.ClientHandler - Server: Xử lý LOGIN_REQUEST: LOGIN_REQUEST|hylee|123456
2025-12-27 13:27:20.571 [Thread-9] INFO  o.example.zalu.server.ClientHandler - Server: Login thành công, gửi LOGIN_RESPONSE cho user 1
2025-12-27 13:27:20.588 [Global-Listener] INFO  o.e.zalu.client.ChatEventManager - Received string message: LOGIN_RESPONSE|SUCCESS|1
2025-12-27 13:27:20.589 [Global-Listener] INFO  o.e.zalu.client.ChatEventManager - ChatEventManager: Current userId set to 1
2025-12-27 13:27:20.594 [JavaFX Application Thread] INFO  o.e.z.c.auth.LoginController - Login successful for user: hylee
2025-12-27 13:27:20.603 [Global-Listener] INFO  o.e.zalu.client.ChatEventManager - Received List<Integer> #1: [2, 17, 22, 23, 24, 25] (friends, pending, or online users?)
2025-12-27 13:27:20.656 [Global-Listener] INFO  o.e.zalu.client.ChatEventManager - Received 128 messages total, grouped into 8 conversations
2025-12-27 13:27:20.657 [Thread-9] INFO  o.example.zalu.server.ClientHandler - ✓ hylee (ID: 1) đăng nhập thành công
2025-12-27 13:27:20.677 [Global-Listener] INFO  org.example.zalu.client.ClientCache - Client cache loaded from disk: 7 users, 9 conversations
2025-12-27 13:27:20.698 [JavaFX Application Thread] INFO  o.e.zalu.controller.MainController - DAOs and Managers initialized
2025-12-27 13:27:20.702 [Global-Listener] INFO  org.example.zalu.client.ClientCache - Client cache saved to disk.
2025-12-27 13:27:20.713 [Global-Listener] INFO  org.example.zalu.client.ClientCache - Client cache saved to disk.
2025-12-27 13:27:20.719 [Global-Listener] INFO  org.example.zalu.client.ClientCache - Client cache saved to disk.
2025-12-27 13:27:20.727 [Global-Listener] INFO  org.example.zalu.client.ClientCache - Client cache saved to disk.
2025-12-27 13:27:20.735 [Global-Listener] INFO  org.example.zalu.client.ClientCache - Client cache saved to disk.
2025-12-27 13:27:20.744 [Global-Listener] INFO  org.example.zalu.client.ClientCache - Client cache saved to disk.
2025-12-27 13:27:20.749 [Global-Listener] INFO  org.example.zalu.client.ClientCache - Client cache saved to disk.
2025-12-27 13:27:20.758 [Global-Listener] INFO  org.example.zalu.client.ClientCache - Client cache saved to disk.
2025-12-27 13:27:20.761 [Global-Listener] INFO  o.e.zalu.client.ChatEventManager - Received List<GroupInfo>: 2 groups
2025-12-27 13:27:20.762 [Global-Listener] INFO  o.e.zalu.client.ChatEventManager - Received List<Integer> #2: [1] (friends, pending, or online users?)
2025-12-27 13:27:20.829 [JavaFX Application Thread] INFO  o.e.zalu.controller.MainController - Sub-controllers loaded for the first time
2025-12-27 13:27:20.836 [JavaFX Application Thread] INFO  o.e.zalu.controller.MainController - Welcome view (welcome-view.fxml) displayed successfully
2025-12-27 13:27:20.838 [JavaFX Application Thread] INFO  o.e.zalu.controller.MainController - MainController stage set
2025-12-27 13:27:20.838 [JavaFX Application Thread] INFO  o.e.zalu.controller.MainController - MainController currentUserId set to: 1
2025-12-27 13:27:20.838 [JavaFX Application Thread] INFO  o.e.zalu.controller.ChatListManager - Refreshing friend list for userId: 1
2025-12-27 13:27:20.839 [pool-2-thread-1] INFO  org.example.zalu.client.ChatClient - Gửi: GET_FRIENDS_LIST_FULL|1
2025-12-27 13:27:20.839 [pool-2-thread-1] INFO  org.example.zalu.client.ChatClient - Gửi: GET_GROUPS|1
2025-12-27 13:27:20.840 [pool-2-thread-1] INFO  org.example.zalu.client.ChatClient - Gửi: GET_USER_BY_ID|1
2025-12-27 13:27:20.852 [Global-Listener] INFO  o.e.zalu.client.ChatEventManager - Received List<GroupInfo>: 2 groups
2025-12-27 13:27:21.127 [JavaFX Application Thread] INFO  o.e.zalu.controller.MainController - DAOs and Managers initialized
2025-12-27 13:27:21.166 [JavaFX Application Thread] INFO  o.e.zalu.controller.MainController - Sub-controllers loaded for the first time
2025-12-27 13:27:21.172 [JavaFX Application Thread] INFO  o.e.zalu.controller.MainController - Welcome view (welcome-view.fxml) displayed successfully
2025-12-27 13:27:21.172 [JavaFX Application Thread] INFO  o.e.zalu.controller.MainController - MainController stage set
2025-12-27 13:27:21.172 [JavaFX Application Thread] INFO  o.e.zalu.controller.MainController - MainController currentUserId set to: 1
2025-12-27 13:27:21.172 [JavaFX Application Thread] INFO  o.e.zalu.controller.ChatListManager - Refreshing friend list for userId: 1
2025-12-27 13:27:21.172 [pool-2-thread-1] INFO  org.example.zalu.client.ChatClient - Gửi: GET_FRIENDS_LIST_FULL|1
2025-12-27 13:27:21.174 [pool-2-thread-1] INFO  org.example.zalu.client.ChatClient - Gửi: GET_GROUPS|1
2025-12-27 13:27:21.174 [pool-2-thread-1] INFO  org.example.zalu.client.ChatClient - Gửi: GET_USER_BY_ID|1
2025-12-27 13:27:21.186 [Global-Listener] INFO  o.e.zalu.client.ChatEventManager - Received List<GroupInfo>: 2 groups
2025-12-27 13:27:21.253 [JavaFX Application Thread] INFO  o.e.zalu.client.ChatEventManager - ✓ Đăng nhập thành công! UserID = 1
2025-12-27 13:27:21.262 [JavaFX Application Thread] INFO  o.e.zalu.controller.MainController - onMessagesReceived: 128 messages
2025-12-27 13:27:21.271 [JavaFX Application Thread] INFO  o.e.zalu.controller.ChatListManager - Received groups update: 2 groups
2025-12-27 13:27:21.276 [JavaFX Application Thread] INFO  o.e.zalu.controller.ChatListManager - Pre-fetched top 2 conversations in background
2025-12-27 13:27:21.276 [pool-2-thread-1] INFO  org.example.zalu.client.ChatClient - Gửi: GET_GROUP_CONVERSATION|1|1
2025-12-27 13:27:21.276 [JavaFX Application Thread] INFO  o.e.zalu.controller.ChatListManager - Friend list refreshed with 0 friends and 2 groups
2025-12-27 13:27:21.277 [pool-2-thread-1] INFO  org.example.zalu.client.ChatClient - Gửi: GET_GROUP_CONVERSATION|1|2
2025-12-27 13:27:21.277 [JavaFX Application Thread] INFO  o.e.zalu.controller.ChatListManager - Received online users list: 1 users
2025-12-27 13:27:21.286 [Global-Listener] INFO  o.e.zalu.client.ChatEventManager - Caching history for chatId -1: 7 messages
2025-12-27 13:27:21.301 [Global-Listener] INFO  org.example.zalu.client.ClientCache - Client cache saved to disk.
2025-12-27 13:27:21.308 [Global-Listener] INFO  o.e.zalu.client.ChatEventManager - Caching history for chatId -2: 16 messages
2025-12-27 13:27:21.314 [Global-Listener] INFO  org.example.zalu.client.ClientCache - Client cache saved to disk.
2025-12-27 13:27:21.344 [JavaFX Application Thread] INFO  o.e.zalu.controller.ChatListManager - Received full friend list: 6 friends
2025-12-27 13:27:21.346 [pool-2-thread-1] INFO  org.example.zalu.client.ChatClient - Gửi: GET_USER_AVATAR|2
2025-12-27 13:27:21.346 [pool-2-thread-1] INFO  org.example.zalu.client.ChatClient - Gửi: GET_USER_AVATAR|17
2025-12-27 13:27:21.347 [pool-2-thread-1] INFO  org.example.zalu.client.ChatClient - Gửi: GET_USER_AVATAR|22
2025-12-27 13:27:21.347 [pool-2-thread-1] INFO  org.example.zalu.client.ChatClient - Gửi: GET_USER_AVATAR|23
2025-12-27 13:27:21.348 [pool-2-thread-1] INFO  org.example.zalu.client.ChatClient - Gửi: GET_USER_AVATAR|24
2025-12-27 13:27:21.348 [pool-2-thread-1] INFO  org.example.zalu.client.ChatClient - Gửi: GET_USER_AVATAR|25
2025-12-27 13:27:21.348 [Global-Listener] INFO  o.e.zalu.client.ChatEventManager - Received string message: USER_AVATAR|2|0
2025-12-27 13:27:21.351 [Global-Listener] INFO  o.e.zalu.client.ChatEventManager - Received string message: USER_AVATAR|17|0
2025-12-27 13:27:21.354 [Global-Listener] INFO  o.e.zalu.client.ChatEventManager - Received string message: USER_AVATAR|22|0
2025-12-27 13:27:21.357 [Global-Listener] INFO  o.e.zalu.client.ChatEventManager - Received string message: USER_AVATAR|23|0
2025-12-27 13:27:21.359 [Global-Listener] INFO  o.e.zalu.client.ChatEventManager - Received string message: USER_AVATAR|24|0
2025-12-27 13:27:21.383 [Thread-9] ERROR o.example.zalu.server.ClientHandler - Error getting avatar for user
org.example.zalu.exception.database.DatabaseException: Lỗi khi tải avatar
	at org.example.zalu/org.example.zalu.dao.UserDAO.getAvatarData(UserDAO.java:321)
	at org.example.zalu/org.example.zalu.server.ClientHandler.handleMessage(ClientHandler.java:1137)
	at org.example.zalu/org.example.zalu.server.ClientHandler.run(ClientHandler.java:129)
Caused by: com.mysql.cj.jdbc.exceptions.PacketTooBigException: Packet for query is too large (1,377,618 > 1,048,576). You can change this value on the server by setting the 'max_allowed_packet' variable.
	at mysql.connector.j@8.0.33/com.mysql.cj.jdbc.exceptions.SQLExceptionsMapping.translateException(SQLExceptionsMapping.java:107)
	at mysql.connector.j@8.0.33/com.mysql.cj.jdbc.ClientPreparedStatement.executeInternal(ClientPreparedStatement.java:916)
	at mysql.connector.j@8.0.33/com.mysql.cj.jdbc.ClientPreparedStatement.executeQuery(ClientPreparedStatement.java:972)
	at com.zaxxer.hikari@5.1.0/com.zaxxer.hikari.pool.ProxyPreparedStatement.executeQuery(ProxyPreparedStatement.java:52)
	at com.zaxxer.hikari@5.1.0/com.zaxxer.hikari.pool.HikariProxyPreparedStatement.executeQuery(HikariProxyPreparedStatement.java)
	at org.example.zalu/org.example.zalu.dao.UserDAO.getAvatarData(UserDAO.java:310)
	... 2 common frames omitted
2025-12-27 13:27:21.390 [Global-Listener] INFO  o.e.zalu.client.ChatEventManager - Received string message: USER_AVATAR|FAIL
2025-12-27 13:27:21.401 [JavaFX Application Thread] INFO  o.e.zalu.controller.ChatListManager - Pre-fetched top 5 conversations in background
2025-12-27 13:27:21.402 [pool-2-thread-1] INFO  org.example.zalu.client.ChatClient - Gửi: GET_CONVERSATION|1|17
2025-12-27 13:27:21.402 [JavaFX Application Thread] INFO  o.e.zalu.controller.ChatListManager - Friend list refreshed with 6 friends and 2 groups
2025-12-27 13:27:21.402 [pool-2-thread-1] INFO  org.example.zalu.client.ChatClient - Gửi: GET_CONVERSATION|1|22
2025-12-27 13:27:21.403 [pool-2-thread-1] INFO  org.example.zalu.client.ChatClient - Gửi: GET_GROUP_CONVERSATION|1|1
2025-12-27 13:27:21.403 [pool-2-thread-1] INFO  org.example.zalu.client.ChatClient - Gửi: GET_CONVERSATION|1|2
2025-12-27 13:27:21.403 [JavaFX Application Thread] INFO  o.e.zalu.controller.ChatListManager - Received groups update: 2 groups
2025-12-27 13:27:21.404 [pool-2-thread-1] INFO  org.example.zalu.client.ChatClient - Gửi: GET_GROUP_CONVERSATION|1|2
2025-12-27 13:27:21.422 [JavaFX Application Thread] INFO  o.e.zalu.controller.ChatListManager - Pre-fetched top 5 conversations in background
2025-12-27 13:27:21.422 [pool-2-thread-1] INFO  org.example.zalu.client.ChatClient - Gửi: GET_CONVERSATION|1|17
2025-12-27 13:27:21.422 [JavaFX Application Thread] INFO  o.e.zalu.controller.ChatListManager - Friend list refreshed with 6 friends and 2 groups
2025-12-27 13:27:21.423 [pool-2-thread-1] INFO  org.example.zalu.client.ChatClient - Gửi: GET_CONVERSATION|1|22
2025-12-27 13:27:21.423 [pool-2-thread-1] INFO  org.example.zalu.client.ChatClient - Gửi: GET_GROUP_CONVERSATION|1|1
2025-12-27 13:27:21.423 [pool-2-thread-1] INFO  org.example.zalu.client.ChatClient - Gửi: GET_CONVERSATION|1|2
2025-12-27 13:27:21.425 [pool-2-thread-1] INFO  org.example.zalu.client.ChatClient - Gửi: GET_GROUP_CONVERSATION|1|2
2025-12-27 13:27:21.440 [JavaFX Application Thread] INFO  o.e.zalu.controller.ChatListManager - Received full friend list: 6 friends
2025-12-27 13:27:21.441 [pool-2-thread-1] INFO  org.example.zalu.client.ChatClient - Gửi: GET_USER_AVATAR|2
2025-12-27 13:27:21.441 [pool-2-thread-1] INFO  org.example.zalu.client.ChatClient - Gửi: GET_USER_AVATAR|17
2025-12-27 13:27:21.442 [pool-2-thread-1] INFO  org.example.zalu.client.ChatClient - Gửi: GET_USER_AVATAR|22
2025-12-27 13:27:21.443 [pool-2-thread-1] INFO  org.example.zalu.client.ChatClient - Gửi: GET_USER_AVATAR|23
2025-12-27 13:27:21.443 [pool-2-thread-1] INFO  org.example.zalu.client.ChatClient - Gửi: GET_USER_AVATAR|24
2025-12-27 13:27:21.443 [pool-2-thread-1] INFO  org.example.zalu.client.ChatClient - Gửi: GET_USER_AVATAR|25
2025-12-27 13:27:21.448 [Global-Listener] INFO  o.e.zalu.client.ChatEventManager - Caching history for chatId 17: 17 messages
2025-12-27 13:27:21.457 [Global-Listener] INFO  org.example.zalu.client.ClientCache - Client cache saved to disk.
2025-12-27 13:27:21.459 [JavaFX Application Thread] INFO  o.e.zalu.controller.ChatListManager - Pre-fetched top 5 conversations in background
2025-12-27 13:27:21.459 [pool-2-thread-1] INFO  org.example.zalu.client.ChatClient - Gửi: GET_CONVERSATION|1|17
2025-12-27 13:27:21.459 [JavaFX Application Thread] INFO  o.e.zalu.controller.ChatListManager - Friend list refreshed with 6 friends and 2 groups
2025-12-27 13:27:21.459 [pool-2-thread-1] INFO  org.example.zalu.client.ChatClient - Gửi: GET_CONVERSATION|1|22
2025-12-27 13:27:21.459 [pool-2-thread-1] INFO  org.example.zalu.client.ChatClient - Gửi: GET_GROUP_CONVERSATION|1|1
2025-12-27 13:27:21.460 [pool-2-thread-1] INFO  org.example.zalu.client.ChatClient - Gửi: GET_CONVERSATION|1|2
2025-12-27 13:27:21.460 [pool-2-thread-1] INFO  org.example.zalu.client.ChatClient - Gửi: GET_GROUP_CONVERSATION|1|2
2025-12-27 13:27:21.460 [JavaFX Application Thread] INFO  o.e.zalu.controller.ChatListManager - Received groups update: 2 groups
2025-12-27 13:27:21.476 [JavaFX Application Thread] INFO  o.e.zalu.controller.ChatListManager - Pre-fetched top 5 conversations in background
2025-12-27 13:27:21.477 [pool-2-thread-1] INFO  org.example.zalu.client.ChatClient - Gửi: GET_CONVERSATION|1|17
2025-12-27 13:27:21.477 [JavaFX Application Thread] INFO  o.e.zalu.controller.ChatListManager - Friend list refreshed with 6 friends and 2 groups
2025-12-27 13:27:21.477 [pool-2-thread-1] INFO  org.example.zalu.client.ChatClient - Gửi: GET_CONVERSATION|1|22
2025-12-27 13:27:21.477 [pool-2-thread-1] INFO  org.example.zalu.client.ChatClient - Gửi: GET_GROUP_CONVERSATION|1|1
2025-12-27 13:27:21.479 [pool-2-thread-1] INFO  org.example.zalu.client.ChatClient - Gửi: GET_CONVERSATION|1|2
2025-12-27 13:27:21.479 [pool-2-thread-1] INFO  org.example.zalu.client.ChatClient - Gửi: GET_GROUP_CONVERSATION|1|2
2025-12-27 13:27:21.485 [Thread-9] ERROR o.example.zalu.server.ClientHandler - Error handling GET_CONVERSATION
org.example.zalu.exception.message.MessageException: Lỗi khi lấy tin nhắn: Packet for query is too large (1,166,050 > 1,048,576). You can change this value on the server by setting the 'max_allowed_packet' variable.
	at org.example.zalu/org.example.zalu.dao.MessageDAO.getMessagesBetween(MessageDAO.java:186)
	at org.example.zalu/org.example.zalu.server.ClientHandler.handleMessage(ClientHandler.java:914)
	at org.example.zalu/org.example.zalu.server.ClientHandler.run(ClientHandler.java:129)
Caused by: com.mysql.cj.jdbc.exceptions.PacketTooBigException: Packet for query is too large (1,166,050 > 1,048,576). You can change this value on the server by setting the 'max_allowed_packet' variable.
	at mysql.connector.j@8.0.33/com.mysql.cj.jdbc.exceptions.SQLExceptionsMapping.translateException(SQLExceptionsMapping.java:107)
	at mysql.connector.j@8.0.33/com.mysql.cj.jdbc.ClientPreparedStatement.executeInternal(ClientPreparedStatement.java:916)
	at mysql.connector.j@8.0.33/com.mysql.cj.jdbc.ClientPreparedStatement.executeQuery(ClientPreparedStatement.java:972)
	at com.zaxxer.hikari@5.1.0/com.zaxxer.hikari.pool.ProxyPreparedStatement.executeQuery(ProxyPreparedStatement.java:52)
	at com.zaxxer.hikari@5.1.0/com.zaxxer.hikari.pool.HikariProxyPreparedStatement.executeQuery(HikariProxyPreparedStatement.java)
	at org.example.zalu/org.example.zalu.dao.MessageDAO.getMessagesBetween(MessageDAO.java:141)
	... 2 common frames omitted
2025-12-27 13:27:21.488 [Global-Listener] WARN  o.e.zalu.client.ChatEventManager - Unknown event type: java.util.HashMap
2025-12-27 13:27:21.506 [Global-Listener] INFO  o.e.zalu.client.ChatEventManager - Caching history for chatId -1: 7 messages
2025-12-27 13:27:21.516 [Global-Listener] INFO  org.example.zalu.client.ClientCache - Client cache saved to disk.
2025-12-27 13:27:21.519 [Global-Listener] INFO  o.e.zalu.client.ChatEventManager - Caching history for chatId 2: 28 messages
2025-12-27 13:27:21.530 [Global-Listener] INFO  org.example.zalu.client.ClientCache - Client cache saved to disk.
2025-12-27 13:27:21.536 [Global-Listener] INFO  o.e.zalu.client.ChatEventManager - Caching history for chatId -2: 16 messages
2025-12-27 13:27:21.546 [Global-Listener] INFO  org.example.zalu.client.ClientCache - Client cache saved to disk.
2025-12-27 13:27:21.556 [Global-Listener] INFO  o.e.zalu.client.ChatEventManager - Caching history for chatId 17: 17 messages
2025-12-27 13:27:21.563 [Global-Listener] INFO  org.example.zalu.client.ClientCache - Client cache saved to disk.
2025-12-27 13:27:21.582 [Thread-9] ERROR o.example.zalu.server.ClientHandler - Error handling GET_CONVERSATION
org.example.zalu.exception.message.MessageException: Lỗi khi lấy tin nhắn: Packet for query is too large (1,166,050 > 1,048,576). You can change this value on the server by setting the 'max_allowed_packet' variable.
	at org.example.zalu/org.example.zalu.dao.MessageDAO.getMessagesBetween(MessageDAO.java:186)
	at org.example.zalu/org.example.zalu.server.ClientHandler.handleMessage(ClientHandler.java:914)
	at org.example.zalu/org.example.zalu.server.ClientHandler.run(ClientHandler.java:129)
Caused by: com.mysql.cj.jdbc.exceptions.PacketTooBigException: Packet for query is too large (1,166,050 > 1,048,576). You can change this value on the server by setting the 'max_allowed_packet' variable.
	at mysql.connector.j@8.0.33/com.mysql.cj.jdbc.exceptions.SQLExceptionsMapping.translateException(SQLExceptionsMapping.java:107)
	at mysql.connector.j@8.0.33/com.mysql.cj.jdbc.ClientPreparedStatement.executeInternal(ClientPreparedStatement.java:916)
	at mysql.connector.j@8.0.33/com.mysql.cj.jdbc.ClientPreparedStatement.executeQuery(ClientPreparedStatement.java:972)
	at com.zaxxer.hikari@5.1.0/com.zaxxer.hikari.pool.ProxyPreparedStatement.executeQuery(ProxyPreparedStatement.java:52)
	at com.zaxxer.hikari@5.1.0/com.zaxxer.hikari.pool.HikariProxyPreparedStatement.executeQuery(HikariProxyPreparedStatement.java)
	at org.example.zalu/org.example.zalu.dao.MessageDAO.getMessagesBetween(MessageDAO.java:141)
	... 2 common frames omitted
2025-12-27 13:27:21.583 [Global-Listener] WARN  o.e.zalu.client.ChatEventManager - Unknown event type: java.util.HashMap
2025-12-27 13:27:21.596 [Global-Listener] INFO  o.e.zalu.client.ChatEventManager - Caching history for chatId -1: 7 messages
2025-12-27 13:27:21.604 [Global-Listener] INFO  org.example.zalu.client.ClientCache - Client cache saved to disk.
2025-12-27 13:27:21.609 [Global-Listener] INFO  o.e.zalu.client.ChatEventManager - Caching history for chatId 2: 28 messages
2025-12-27 13:27:21.615 [Global-Listener] INFO  org.example.zalu.client.ClientCache - Client cache saved to disk.
2025-12-27 13:27:21.623 [Global-Listener] INFO  o.e.zalu.client.ChatEventManager - Caching history for chatId -2: 16 messages
2025-12-27 13:27:21.631 [Global-Listener] INFO  org.example.zalu.client.ClientCache - Client cache saved to disk.
2025-12-27 13:27:21.632 [Global-Listener] INFO  o.e.zalu.client.ChatEventManager - Received string message: USER_AVATAR|2|0
2025-12-27 13:27:21.633 [Global-Listener] INFO  o.e.zalu.client.ChatEventManager - Received string message: USER_AVATAR|17|0
2025-12-27 13:27:21.633 [Global-Listener] INFO  o.e.zalu.client.ChatEventManager - Received string message: USER_AVATAR|22|0
2025-12-27 13:27:21.634 [Global-Listener] INFO  o.e.zalu.client.ChatEventManager - Received string message: USER_AVATAR|23|0
2025-12-27 13:27:21.636 [Global-Listener] INFO  o.e.zalu.client.ChatEventManager - Received string message: USER_AVATAR|24|0
2025-12-27 13:27:21.642 [Thread-9] ERROR o.example.zalu.server.ClientHandler - Error getting avatar for user
org.example.zalu.exception.database.DatabaseException: Lỗi khi tải avatar
	at org.example.zalu/org.example.zalu.dao.UserDAO.getAvatarData(UserDAO.java:321)
	at org.example.zalu/org.example.zalu.server.ClientHandler.handleMessage(ClientHandler.java:1137)
	at org.example.zalu/org.example.zalu.server.ClientHandler.run(ClientHandler.java:129)
Caused by: com.mysql.cj.jdbc.exceptions.PacketTooBigException: Packet for query is too large (1,377,618 > 1,048,576). You can change this value on the server by setting the 'max_allowed_packet' variable.
	at mysql.connector.j@8.0.33/com.mysql.cj.jdbc.exceptions.SQLExceptionsMapping.translateException(SQLExceptionsMapping.java:107)
	at mysql.connector.j@8.0.33/com.mysql.cj.jdbc.ClientPreparedStatement.executeInternal(ClientPreparedStatement.java:916)
	at mysql.connector.j@8.0.33/com.mysql.cj.jdbc.ClientPreparedStatement.executeQuery(ClientPreparedStatement.java:972)
	at com.zaxxer.hikari@5.1.0/com.zaxxer.hikari.pool.ProxyPreparedStatement.executeQuery(ProxyPreparedStatement.java:52)
	at com.zaxxer.hikari@5.1.0/com.zaxxer.hikari.pool.HikariProxyPreparedStatement.executeQuery(HikariProxyPreparedStatement.java)
	at org.example.zalu/org.example.zalu.dao.UserDAO.getAvatarData(UserDAO.java:310)
	... 2 common frames omitted
2025-12-27 13:27:21.644 [Global-Listener] INFO  o.e.zalu.client.ChatEventManager - Received string message: USER_AVATAR|FAIL
2025-12-27 13:27:21.666 [Global-Listener] INFO  o.e.zalu.client.ChatEventManager - Caching history for chatId 17: 17 messages
2025-12-27 13:27:21.673 [Global-Listener] INFO  org.example.zalu.client.ClientCache - Client cache saved to disk.
2025-12-27 13:27:21.678 [Thread-9] ERROR o.example.zalu.server.ClientHandler - Error handling GET_CONVERSATION
org.example.zalu.exception.message.MessageException: Lỗi khi lấy tin nhắn: Packet for query is too large (1,166,050 > 1,048,576). You can change this value on the server by setting the 'max_allowed_packet' variable.
	at org.example.zalu/org.example.zalu.dao.MessageDAO.getMessagesBetween(MessageDAO.java:186)
	at org.example.zalu/org.example.zalu.server.ClientHandler.handleMessage(ClientHandler.java:914)
	at org.example.zalu/org.example.zalu.server.ClientHandler.run(ClientHandler.java:129)
Caused by: com.mysql.cj.jdbc.exceptions.PacketTooBigException: Packet for query is too large (1,166,050 > 1,048,576). You can change this value on the server by setting the 'max_allowed_packet' variable.
	at mysql.connector.j@8.0.33/com.mysql.cj.jdbc.exceptions.SQLExceptionsMapping.translateException(SQLExceptionsMapping.java:107)
	at mysql.connector.j@8.0.33/com.mysql.cj.jdbc.ClientPreparedStatement.executeInternal(ClientPreparedStatement.java:916)
	at mysql.connector.j@8.0.33/com.mysql.cj.jdbc.ClientPreparedStatement.executeQuery(ClientPreparedStatement.java:972)
	at com.zaxxer.hikari@5.1.0/com.zaxxer.hikari.pool.ProxyPreparedStatement.executeQuery(ProxyPreparedStatement.java:52)
	at com.zaxxer.hikari@5.1.0/com.zaxxer.hikari.pool.HikariProxyPreparedStatement.executeQuery(HikariProxyPreparedStatement.java)
	at org.example.zalu/org.example.zalu.dao.MessageDAO.getMessagesBetween(MessageDAO.java:141)
	... 2 common frames omitted
2025-12-27 13:27:21.680 [Global-Listener] WARN  o.e.zalu.client.ChatEventManager - Unknown event type: java.util.HashMap
2025-12-27 13:27:21.695 [Global-Listener] INFO  o.e.zalu.client.ChatEventManager - Caching history for chatId -1: 7 messages
2025-12-27 13:27:21.703 [Global-Listener] INFO  org.example.zalu.client.ClientCache - Client cache saved to disk.
2025-12-27 13:27:21.709 [Global-Listener] INFO  o.e.zalu.client.ChatEventManager - Caching history for chatId 2: 28 messages
2025-12-27 13:27:21.715 [Global-Listener] INFO  org.example.zalu.client.ClientCache - Client cache saved to disk.
2025-12-27 13:27:21.723 [Global-Listener] INFO  o.e.zalu.client.ChatEventManager - Caching history for chatId -2: 16 messages
2025-12-27 13:27:21.730 [Global-Listener] INFO  org.example.zalu.client.ClientCache - Client cache saved to disk.
2025-12-27 13:27:21.739 [Global-Listener] INFO  o.e.zalu.client.ChatEventManager - Caching history for chatId 17: 17 messages
2025-12-27 13:27:21.746 [Global-Listener] INFO  org.example.zalu.client.ClientCache - Client cache saved to disk.
2025-12-27 13:27:21.760 [Thread-9] ERROR o.example.zalu.server.ClientHandler - Error handling GET_CONVERSATION
org.example.zalu.exception.message.MessageException: Lỗi khi lấy tin nhắn: Packet for query is too large (1,166,050 > 1,048,576). You can change this value on the server by setting the 'max_allowed_packet' variable.
	at org.example.zalu/org.example.zalu.dao.MessageDAO.getMessagesBetween(MessageDAO.java:186)
	at org.example.zalu/org.example.zalu.server.ClientHandler.handleMessage(ClientHandler.java:914)
	at org.example.zalu/org.example.zalu.server.ClientHandler.run(ClientHandler.java:129)
Caused by: com.mysql.cj.jdbc.exceptions.PacketTooBigException: Packet for query is too large (1,166,050 > 1,048,576). You can change this value on the server by setting the 'max_allowed_packet' variable.
	at mysql.connector.j@8.0.33/com.mysql.cj.jdbc.exceptions.SQLExceptionsMapping.translateException(SQLExceptionsMapping.java:107)
	at mysql.connector.j@8.0.33/com.mysql.cj.jdbc.ClientPreparedStatement.executeInternal(ClientPreparedStatement.java:916)
	at mysql.connector.j@8.0.33/com.mysql.cj.jdbc.ClientPreparedStatement.executeQuery(ClientPreparedStatement.java:972)
	at com.zaxxer.hikari@5.1.0/com.zaxxer.hikari.pool.ProxyPreparedStatement.executeQuery(ProxyPreparedStatement.java:52)
	at com.zaxxer.hikari@5.1.0/com.zaxxer.hikari.pool.HikariProxyPreparedStatement.executeQuery(HikariProxyPreparedStatement.java)
	at org.example.zalu/org.example.zalu.dao.MessageDAO.getMessagesBetween(MessageDAO.java:141)
	... 2 common frames omitted
2025-12-27 13:27:21.763 [Global-Listener] WARN  o.e.zalu.client.ChatEventManager - Unknown event type: java.util.HashMap
2025-12-27 13:27:21.777 [Global-Listener] INFO  o.e.zalu.client.ChatEventManager - Caching history for chatId -1: 7 messages
2025-12-27 13:27:21.784 [Global-Listener] INFO  org.example.zalu.client.ClientCache - Client cache saved to disk.
2025-12-27 13:27:21.792 [Global-Listener] INFO  o.e.zalu.client.ChatEventManager - Caching history for chatId 2: 28 messages
2025-12-27 13:27:21.798 [Global-Listener] INFO  org.example.zalu.client.ClientCache - Client cache saved to disk.
2025-12-27 13:27:21.805 [Global-Listener] INFO  o.e.zalu.client.ChatEventManager - Caching history for chatId -2: 16 messages
2025-12-27 13:27:21.813 [Global-Listener] INFO  org.example.zalu.client.ClientCache - Client cache saved to disk.
2025-12-27 13:27:22.657 [JavaFX Application Thread] INFO  o.e.zalu.controller.MainController - Selection changed to: Đoàn Trọng Mỹ (isWelcomeMode: true)
2025-12-27 13:27:22.720 [JavaFX Application Thread] INFO  o.e.zalu.controller.MainController - Loading chat for: Đoàn Trọng Mỹ
2025-12-27 13:27:22.722 [JavaFX Application Thread] INFO  o.e.zalu.controller.MainController - Reloading chat for: Đoàn Trọng Mỹ
2025-12-27 13:27:22.722 [JavaFX Application Thread] INFO  o.e.zalu.controller.MainController - Using cached messages for friend 17: 17 messages
2025-12-27 13:27:22.731 [pool-2-thread-1] INFO  org.example.zalu.client.ChatClient - Gửi: GET_PINNED_MESSAGES|1|17|false
2025-12-27 13:27:22.836 [pool-2-thread-1] INFO  org.example.zalu.client.ChatClient - Gửi: MARK_AS_READ|1|17
2025-12-27 13:27:22.836 [pool-2-thread-1] INFO  org.example.zalu.client.ChatClient - Gửi: GET_CONVERSATION|1|17
2025-12-27 13:27:22.873 [Global-Listener] INFO  o.e.zalu.client.ChatEventManager - Caching history for chatId 17: 17 messages
2025-12-27 13:27:22.881 [Global-Listener] INFO  org.example.zalu.client.ClientCache - Client cache saved to disk.
2025-12-27 13:27:24.874 [JavaFX Application Thread] INFO  o.e.zalu.controller.MainController - Selection changed to: Nguyễn Danh Linh (isWelcomeMode: false)
2025-12-27 13:27:24.876 [JavaFX Application Thread] INFO  o.e.zalu.controller.MainController - Loading chat for: Nguyễn Danh Linh
2025-12-27 13:27:24.876 [JavaFX Application Thread] INFO  o.e.zalu.controller.MainController - Reloading chat for: Nguyễn Danh Linh
2025-12-27 13:27:24.877 [JavaFX Application Thread] INFO  o.e.zalu.controller.MainController - Using cached messages for friend 22: 36 messages
2025-12-27 13:27:24.882 [pool-2-thread-1] INFO  org.example.zalu.client.ChatClient - Gửi: GET_PINNED_MESSAGES|1|22|false
2025-12-27 13:27:25.228 [pool-2-thread-1] INFO  org.example.zalu.client.ChatClient - Gửi: MARK_AS_READ|1|22
2025-12-27 13:27:25.228 [pool-2-thread-1] INFO  org.example.zalu.client.ChatClient - Gửi: GET_CONVERSATION|1|22
2025-12-27 13:27:25.229 [JavaFX Application Thread] INFO  o.e.zalu.controller.MainController - Reloading chat for: Nguyễn Danh Linh
2025-12-27 13:27:25.230 [JavaFX Application Thread] INFO  o.e.zalu.controller.MainController - Using cached messages for friend 22: 36 messages
2025-12-27 13:27:25.231 [pool-2-thread-1] INFO  org.example.zalu.client.ChatClient - Gửi: GET_CONVERSATION|1|22
2025-12-27 13:27:25.272 [Thread-9] ERROR o.example.zalu.server.ClientHandler - Error handling GET_CONVERSATION
org.example.zalu.exception.message.MessageException: Lỗi khi lấy tin nhắn: Packet for query is too large (1,166,050 > 1,048,576). You can change this value on the server by setting the 'max_allowed_packet' variable.
	at org.example.zalu/org.example.zalu.dao.MessageDAO.getMessagesBetween(MessageDAO.java:186)
	at org.example.zalu/org.example.zalu.server.ClientHandler.handleMessage(ClientHandler.java:914)
	at org.example.zalu/org.example.zalu.server.ClientHandler.run(ClientHandler.java:129)
Caused by: com.mysql.cj.jdbc.exceptions.PacketTooBigException: Packet for query is too large (1,166,050 > 1,048,576). You can change this value on the server by setting the 'max_allowed_packet' variable.
	at mysql.connector.j@8.0.33/com.mysql.cj.jdbc.exceptions.SQLExceptionsMapping.translateException(SQLExceptionsMapping.java:107)
	at mysql.connector.j@8.0.33/com.mysql.cj.jdbc.ClientPreparedStatement.executeInternal(ClientPreparedStatement.java:916)
	at mysql.connector.j@8.0.33/com.mysql.cj.jdbc.ClientPreparedStatement.executeQuery(ClientPreparedStatement.java:972)
	at com.zaxxer.hikari@5.1.0/com.zaxxer.hikari.pool.ProxyPreparedStatement.executeQuery(ProxyPreparedStatement.java:52)
	at com.zaxxer.hikari@5.1.0/com.zaxxer.hikari.pool.HikariProxyPreparedStatement.executeQuery(HikariProxyPreparedStatement.java)
	at org.example.zalu/org.example.zalu.dao.MessageDAO.getMessagesBetween(MessageDAO.java:141)
	... 2 common frames omitted
2025-12-27 13:27:25.275 [Global-Listener] WARN  o.e.zalu.client.ChatEventManager - Unknown event type: java.util.HashMap
2025-12-27 13:27:25.312 [Thread-9] ERROR o.example.zalu.server.ClientHandler - Error handling GET_CONVERSATION
org.example.zalu.exception.message.MessageException: Lỗi khi lấy tin nhắn: Packet for query is too large (1,166,050 > 1,048,576). You can change this value on the server by setting the 'max_allowed_packet' variable.
	at org.example.zalu/org.example.zalu.dao.MessageDAO.getMessagesBetween(MessageDAO.java:186)
	at org.example.zalu/org.example.zalu.server.ClientHandler.handleMessage(ClientHandler.java:914)
	at org.example.zalu/org.example.zalu.server.ClientHandler.run(ClientHandler.java:129)
Caused by: com.mysql.cj.jdbc.exceptions.PacketTooBigException: Packet for query is too large (1,166,050 > 1,048,576). You can change this value on the server by setting the 'max_allowed_packet' variable.
	at mysql.connector.j@8.0.33/com.mysql.cj.jdbc.exceptions.SQLExceptionsMapping.translateException(SQLExceptionsMapping.java:107)
	at mysql.connector.j@8.0.33/com.mysql.cj.jdbc.ClientPreparedStatement.executeInternal(ClientPreparedStatement.java:916)
	at mysql.connector.j@8.0.33/com.mysql.cj.jdbc.ClientPreparedStatement.executeQuery(ClientPreparedStatement.java:972)
	at com.zaxxer.hikari@5.1.0/com.zaxxer.hikari.pool.ProxyPreparedStatement.executeQuery(ProxyPreparedStatement.java:52)
	at com.zaxxer.hikari@5.1.0/com.zaxxer.hikari.pool.HikariProxyPreparedStatement.executeQuery(HikariProxyPreparedStatement.java)
	at org.example.zalu/org.example.zalu.dao.MessageDAO.getMessagesBetween(MessageDAO.java:141)
	... 2 common frames omitted
2025-12-27 13:27:25.313 [Global-Listener] WARN  o.e.zalu.client.ChatEventManager - Unknown event type: java.util.HashMap
2025-12-27 13:27:27.256 [JavaFX Application Thread] INFO  o.e.zalu.controller.MainController - Selection changed to: Nguyễn Thành Đạt (isWelcomeMode: false)
2025-12-27 13:27:27.257 [JavaFX Application Thread] INFO  o.e.zalu.controller.MainController - Loading chat for: Nguyễn Thành Đạt
2025-12-27 13:27:27.258 [JavaFX Application Thread] INFO  o.e.zalu.controller.MainController - Reloading chat for: Nguyễn Thành Đạt
2025-12-27 13:27:27.258 [JavaFX Application Thread] INFO  o.e.zalu.controller.MainController - Using cached messages for friend 2: 28 messages
2025-12-27 13:27:27.262 [pool-2-thread-1] INFO  org.example.zalu.client.ChatClient - Gửi: GET_PINNED_MESSAGES|1|2|false
2025-12-27 13:27:27.285 [pool-2-thread-1] INFO  org.example.zalu.client.ChatClient - Gửi: MARK_AS_READ|1|2
2025-12-27 13:27:27.285 [pool-2-thread-1] INFO  org.example.zalu.client.ChatClient - Gửi: GET_CONVERSATION|1|2
2025-12-27 13:27:27.298 [Thread-9] WARN  com.zaxxer.hikari.pool.PoolBase - HikariPool-1 - Failed to validate connection com.mysql.cj.jdbc.ConnectionImpl@3831d56c (No operations allowed after connection closed.). Possibly consider using a shorter maxLifetime value.
2025-12-27 13:27:27.371 [Global-Listener] INFO  o.e.zalu.client.ChatEventManager - Caching history for chatId 2: 28 messages
2025-12-27 13:27:27.381 [Global-Listener] INFO  org.example.zalu.client.ClientCache - Client cache saved to disk.
2025-12-27 13:27:29.830 [JavaFX Application Thread] INFO  o.e.zalu.controller.MainController - Logout triggered for userId: 1
2025-12-27 13:27:31.086 [JavaFX Application Thread] INFO  org.example.zalu.client.ChatClient - Đã gửi LOGOUT tới server
2025-12-27 13:27:31.086 [Thread-9] INFO  o.example.zalu.server.ClientHandler - User 1 đăng xuất chủ động
2025-12-27 13:27:31.088 [Global-Listener] INFO  o.e.zalu.client.ChatEventManager - Received string message: LOGOUT_OK
2025-12-27 13:27:31.089 [Global-Listener] WARN  o.e.zalu.client.ChatEventManager - Unknown event type: java.lang.String
2025-12-27 13:27:31.288 [Thread-9] INFO  o.example.zalu.server.ClientHandler - Server: Client 1 đã đóng kết nối (EOF)
2025-12-27 13:27:31.288 [JavaFX Application Thread] INFO  org.example.zalu.client.ChatClient - Đã ngắt kết nối sạch sẽ – không reconnect tự động
2025-12-27 13:27:31.288 [JavaFX Application Thread] INFO  o.e.zalu.controller.MainController - Resetting data flags for logout...
2025-12-27 13:27:31.288 [Thread-9] INFO  o.example.zalu.server.ClientHandler - User 1 đã thoát
2025-12-27 13:27:31.293 [JavaFX Application Thread] INFO  o.e.zalu.controller.MainController - Data flags reset completed
2025-12-27 13:27:31.305 [JavaFX Application Thread] INFO  o.e.z.c.auth.LoginController - === Khởi động Auto-Discovery ===
2025-12-27 13:27:31.306 [ServerDiscovery-Thread] INFO  o.e.z.c.auth.LoginController - Bắt đầu quá trình tìm kiếm server tự động...
2025-12-27 13:27:31.306 [ServerDiscovery-Thread] INFO  o.e.z.client.ServerDiscoveryClient - === Bắt đầu tìm kiếm Server trong mạng LAN ===
2025-12-27 13:27:31.307 [ServerDiscovery-Thread] INFO  o.e.z.client.ServerDiscoveryClient - Discovery Port: 8888
2025-12-27 13:27:31.309 [ServerDiscovery-Thread] INFO  o.e.z.client.ServerDiscoveryClient - Timeout: 3000ms
2025-12-27 13:27:31.311 [ServerDiscovery-Thread] INFO  o.e.z.client.ServerDiscoveryClient - ✓ UDP Socket đã khởi tạo
2025-12-27 13:27:31.312 [ServerDiscovery-Thread] INFO  o.e.z.client.ServerDiscoveryClient - ✓ Broadcast mode: ENABLED
2025-12-27 13:27:31.312 [ServerDiscovery-Thread] INFO  o.e.z.client.ServerDiscoveryClient - ✓ Timeout: 3000ms
2025-12-27 13:27:31.314 [ServerDiscovery-Thread] INFO  o.e.z.client.ServerDiscoveryClient - >>> [Broadcast #1] Sent to 255.255.255.255:8888
2025-12-27 13:27:31.314 [Discovery-Listener] INFO  o.e.z.server.ServerDiscoveryListener - >>> [Request #9] Discovery request từ 10.219.179.108:64580
2025-12-27 13:27:31.315 [ServerDiscovery-Thread] INFO  o.e.z.client.ServerDiscoveryClient - Đang quét các network interfaces...
2025-12-27 13:27:31.317 [Discovery-Listener] INFO  o.e.z.server.ServerDiscoveryListener - <<< [Response #9] Đã gửi response tới 10.219.179.108:64580 - TCP Port: 5000
2025-12-27 13:27:31.323 [ServerDiscovery-Thread] INFO  o.e.z.client.ServerDiscoveryClient -   [Interface #1] WAN Miniport (IP)-WFP Native MAC Layer LightWeight Filter-0000 - ACTIVE
2025-12-27 13:27:31.324 [ServerDiscovery-Thread] INFO  o.e.z.client.ServerDiscoveryClient -   [Interface #2] WAN Miniport (IP)-QoS Packet Scheduler-0000 - ACTIVE
2025-12-27 13:27:31.324 [ServerDiscovery-Thread] INFO  o.e.z.client.ServerDiscoveryClient -   [Interface #3] WAN Miniport (IPv6)-WFP Native MAC Layer LightWeight Filter-0000 - ACTIVE
2025-12-27 13:27:31.326 [ServerDiscovery-Thread] INFO  o.e.z.client.ServerDiscoveryClient -   [Interface #4] WAN Miniport (IPv6)-QoS Packet Scheduler-0000 - ACTIVE
2025-12-27 13:27:31.327 [ServerDiscovery-Thread] INFO  o.e.z.client.ServerDiscoveryClient -   [Interface #5] WAN Miniport (Network Monitor)-WFP Native MAC Layer LightWeight Filter-0000 - ACTIVE
2025-12-27 13:27:31.328 [ServerDiscovery-Thread] INFO  o.e.z.client.ServerDiscoveryClient -   [Interface #6] WAN Miniport (Network Monitor)-QoS Packet Scheduler-0000 - ACTIVE
2025-12-27 13:27:31.328 [ServerDiscovery-Thread] INFO  o.e.z.client.ServerDiscoveryClient -   [Interface #8] WAN Miniport (IP) - ACTIVE
2025-12-27 13:27:31.328 [ServerDiscovery-Thread] INFO  o.e.z.client.ServerDiscoveryClient -   [Interface #9] WAN Miniport (IPv6) - ACTIVE
2025-12-27 13:27:31.330 [ServerDiscovery-Thread] INFO  o.e.z.client.ServerDiscoveryClient -   [Interface #10] WAN Miniport (Network Monitor) - ACTIVE
2025-12-27 13:27:31.331 [ServerDiscovery-Thread] INFO  o.e.z.client.ServerDiscoveryClient -   [Interface #14] Intel(R) Wi-Fi 6E AX211 160MHz-WFP Native MAC Layer LightWeight Filter-0000 - ACTIVE
2025-12-27 13:27:31.334 [ServerDiscovery-Thread] INFO  o.e.z.client.ServerDiscoveryClient -   [Interface #15] Intel(R) Wi-Fi 6E AX211 160MHz-Virtual WiFi Filter Driver-0000 - ACTIVE
2025-12-27 13:27:31.335 [ServerDiscovery-Thread] INFO  o.e.z.client.ServerDiscoveryClient -   [Interface #16] Intel(R) Wi-Fi 6E AX211 160MHz-Native WiFi Filter Driver-0000 - ACTIVE
2025-12-27 13:27:31.337 [ServerDiscovery-Thread] INFO  o.e.z.client.ServerDiscoveryClient -   [Interface #17] Intel(R) Wi-Fi 6E AX211 160MHz-QoS Packet Scheduler-0000 - ACTIVE
2025-12-27 13:27:31.339 [ServerDiscovery-Thread] INFO  o.e.z.client.ServerDiscoveryClient -   [Interface #18] Intel(R) Wi-Fi 6E AX211 160MHz-WFP 802.3 MAC Layer LightWeight Filter-0000 - ACTIVE
2025-12-27 13:27:31.344 [ServerDiscovery-Thread] INFO  o.e.z.client.ServerDiscoveryClient -   [Interface #27] Intel(R) Wi-Fi 6E AX211 160MHz - ACTIVE
2025-12-27 13:27:31.345 [ServerDiscovery-Thread] INFO  o.e.z.client.ServerDiscoveryClient -     >>> [Broadcast #2] Sent to 10.219.179.255 (Intel(R) Wi-Fi 6E AX211 160MHz)
2025-12-27 13:27:31.345 [Discovery-Listener] INFO  o.e.z.server.ServerDiscoveryListener - >>> [Request #10] Discovery request từ 10.219.179.108:64580
2025-12-27 13:27:31.346 [Discovery-Listener] INFO  o.e.z.server.ServerDiscoveryListener - <<< [Response #10] Đã gửi response tới 10.219.179.108:64580 - TCP Port: 5000
2025-12-27 13:27:31.347 [ServerDiscovery-Thread] INFO  o.e.z.client.ServerDiscoveryClient - ✓ Đã quét 36 network interfaces
2025-12-27 13:27:31.348 [ServerDiscovery-Thread] INFO  o.e.z.client.ServerDiscoveryClient - === Tổng số broadcast packets gửi đi: 2 ===
2025-12-27 13:27:31.349 [ServerDiscovery-Thread] INFO  o.e.z.client.ServerDiscoveryClient - Đang chờ nhận phản hồi từ server (timeout: 3000ms)...
2025-12-27 13:27:31.349 [ServerDiscovery-Thread] INFO  o.e.z.client.ServerDiscoveryClient - <<< Nhận phản hồi từ 10.219.179.108:8888 (0ms)
2025-12-27 13:27:31.350 [ServerDiscovery-Thread] INFO  o.e.z.client.ServerDiscoveryClient - === ✓ TÌM THẤY SERVER ===
2025-12-27 13:27:31.350 [ServerDiscovery-Thread] INFO  o.e.z.client.ServerDiscoveryClient - Server Address: 10.219.179.108
2025-12-27 13:27:31.351 [ServerDiscovery-Thread] INFO  o.e.z.client.ServerDiscoveryClient - TCP Port: 5000
2025-12-27 13:27:31.351 [ServerDiscovery-Thread] INFO  o.e.z.client.ServerDiscoveryClient - Response Time: 0ms
2025-12-27 13:27:31.568 [JavaFX Application Thread] INFO  o.e.zalu.controller.MainController - Logout successful
2025-12-27 13:27:31.569 [JavaFX Application Thread] ERROR org.example.zalu.ZaluApplication - ⚠ LỖI KHÔNG MONG MUỐN (UNCAUGHT EXCEPTION): Cannot invoke "java.util.function.Consumer.accept(Object)" because "org.example.zalu.client.ChatEventManager.broadcastCallback" is null
java.lang.NullPointerException: Cannot invoke "java.util.function.Consumer.accept(Object)" because "org.example.zalu.client.ChatEventManager.broadcastCallback" is null
	at org.example.zalu/org.example.zalu.client.ChatEventManager.lambda$42(ChatEventManager.java:777)
	at javafx.graphics@21/com.sun.javafx.application.PlatformImpl.lambda$runLater$10(PlatformImpl.java:456)
	at java.base/java.security.AccessController.doPrivileged(AccessController.java:400)
	at javafx.graphics@21/com.sun.javafx.application.PlatformImpl.lambda$runLater$11(PlatformImpl.java:455)
	at javafx.graphics@21/com.sun.glass.ui.InvokeLaterDispatcher$Future.run(InvokeLaterDispatcher.java:95)
	at javafx.graphics@21/com.sun.glass.ui.win.WinApplication._runLoop(Native Method)
	at javafx.graphics@21/com.sun.glass.ui.win.WinApplication.lambda$runLoop$3(WinApplication.java:185)
	at java.base/java.lang.Thread.run(Thread.java:1583)
2025-12-27 13:27:31.580 [JavaFX Application Thread] INFO  o.e.z.c.auth.LoginController - === ✓ Auto-Discovery Thành Công ===
2025-12-27 13:27:31.580 [JavaFX Application Thread] INFO  o.e.z.c.auth.LoginController - Server được tìm thấy: 10.219.179.108:5000
2025-12-27 13:27:31.580 [JavaFX Application Thread] INFO  o.e.z.c.auth.LoginController - Thời gian tìm kiếm: 45ms
2025-12-27 13:27:31.580 [JavaFX Application Thread] INFO  org.example.zalu.client.ChatClient - Đã cập nhật cấu hình server: 10.219.179.108:5000
2025-12-27 13:27:31.580 [JavaFX Application Thread] INFO  org.example.zalu.client.ChatClient - Đã ngắt kết nối sạch sẽ – không reconnect tự động
2025-12-27 13:27:31.581 [JavaFX Application Thread] INFO  o.e.z.c.auth.LoginController - Đã cấu hình ChatClient với server: 10.219.179.108:5000
2025-12-27 13:27:31.581 [JavaFX Application Thread] INFO  o.e.z.c.auth.LoginController - === Kết thúc Auto-Discovery ===
2025-12-27 13:27:36.905 [JavaFX Application Thread] INFO  org.example.zalu.client.ChatClient - Chưa kết nối server, đang thử kết nối...
2025-12-27 13:27:36.907 [JavaFX Application Thread] INFO  org.example.zalu.client.ChatClient - === Đang kết nối đến Server ===
2025-12-27 13:27:36.908 [JavaFX Application Thread] INFO  org.example.zalu.client.ChatClient - Server Address: 10.219.179.108
2025-12-27 13:27:36.909 [JavaFX Application Thread] INFO  org.example.zalu.client.ChatClient - Server Port: 5000
2025-12-27 13:27:36.912 [Thread-5] INFO  org.example.zalu.server.ChatServer - ✅ Client mới kết nối: /10.219.179.108
2025-12-27 13:27:36.916 [JavaFX Application Thread] INFO  org.example.zalu.client.ChatClient - === ✓ Kết nối thành công ===
2025-12-27 13:27:36.916 [JavaFX Application Thread] INFO  org.example.zalu.client.ChatClient - Connected to: 10.219.179.108:5000
2025-12-27 13:27:36.918 [JavaFX Application Thread] INFO  org.example.zalu.client.ChatClient - Socket timeout: 120s
2025-12-27 13:27:36.918 [JavaFX Application Thread] INFO  org.example.zalu.client.ChatClient - Buffer size: 2MB
2025-12-27 13:27:36.920 [Global-Listener] INFO  org.example.zalu.client.ChatClient - Global listener đã khởi động
2025-12-27 13:27:37.020 [pool-2-thread-1] INFO  org.example.zalu.client.ChatClient - Gửi: LOGIN_REQUEST|hylee|123456
2025-12-27 13:27:37.020 [Thread-10] INFO  o.example.zalu.server.ClientHandler - Server: Xử lý LOGIN_REQUEST: LOGIN_REQUEST|hylee|123456
2025-12-27 13:27:37.230 [Thread-10] INFO  o.example.zalu.server.ClientHandler - Server: Login thành công, gửi LOGIN_RESPONSE cho user 1
2025-12-27 13:27:37.230 [Global-Listener] INFO  o.e.zalu.client.ChatEventManager - Received string message: LOGIN_RESPONSE|SUCCESS|1
2025-12-27 13:27:37.230 [Global-Listener] INFO  o.e.zalu.client.ChatEventManager - ChatEventManager: Current userId set to 1
2025-12-27 13:27:37.232 [JavaFX Application Thread] INFO  o.e.z.c.auth.LoginController - Login successful for user: hylee
2025-12-27 13:27:37.234 [Global-Listener] INFO  o.e.zalu.client.ChatEventManager - Received List<Integer> #1: [2, 17, 22, 23, 24, 25] (friends, pending, or online users?)
2025-12-27 13:27:37.243 [JavaFX Application Thread] INFO  o.e.zalu.controller.MainController - DAOs and Managers initialized
2025-12-27 13:27:37.268 [Global-Listener] INFO  o.e.zalu.client.ChatEventManager - Received 128 messages total, grouped into 8 conversations
2025-12-27 13:27:37.275 [Global-Listener] INFO  org.example.zalu.client.ClientCache - Client cache saved to disk.
2025-12-27 13:27:37.278 [Thread-10] INFO  o.example.zalu.server.ClientHandler - ✓ hylee (ID: 1) đăng nhập thành công
2025-12-27 13:27:37.282 [Global-Listener] INFO  org.example.zalu.client.ClientCache - Client cache saved to disk.
2025-12-27 13:27:37.283 [JavaFX Application Thread] INFO  o.e.zalu.controller.MainController - Sub-controllers loaded for the first time
2025-12-27 13:27:37.289 [JavaFX Application Thread] INFO  o.e.zalu.controller.MainController - Welcome view (welcome-view.fxml) displayed successfully
2025-12-27 13:27:37.289 [Global-Listener] INFO  org.example.zalu.client.ClientCache - Client cache saved to disk.
2025-12-27 13:27:37.289 [JavaFX Application Thread] INFO  o.e.zalu.controller.MainController - MainController stage set
2025-12-27 13:27:37.289 [JavaFX Application Thread] INFO  o.e.zalu.controller.MainController - MainController currentUserId set to: 1
2025-12-27 13:27:37.289 [JavaFX Application Thread] INFO  o.e.zalu.controller.ChatListManager - Refreshing friend list for userId: 1
2025-12-27 13:27:37.290 [pool-2-thread-1] INFO  org.example.zalu.client.ChatClient - Gửi: GET_FRIENDS_LIST_FULL|1
2025-12-27 13:27:37.291 [pool-2-thread-1] INFO  org.example.zalu.client.ChatClient - Gửi: GET_GROUPS|1
2025-12-27 13:27:37.291 [pool-2-thread-1] INFO  org.example.zalu.client.ChatClient - Gửi: GET_USER_BY_ID|1
2025-12-27 13:27:37.294 [Global-Listener] INFO  org.example.zalu.client.ClientCache - Client cache saved to disk.
2025-12-27 13:27:37.300 [Global-Listener] INFO  org.example.zalu.client.ClientCache - Client cache saved to disk.
2025-12-27 13:27:37.306 [Global-Listener] INFO  org.example.zalu.client.ClientCache - Client cache saved to disk.
2025-12-27 13:27:37.312 [Global-Listener] INFO  org.example.zalu.client.ClientCache - Client cache saved to disk.
2025-12-27 13:27:37.318 [Global-Listener] INFO  org.example.zalu.client.ClientCache - Client cache saved to disk.
2025-12-27 13:27:37.319 [Global-Listener] INFO  o.e.zalu.client.ChatEventManager - Received List<GroupInfo>: 2 groups
2025-12-27 13:27:37.319 [Global-Listener] INFO  o.e.zalu.client.ChatEventManager - Received List<Integer> #2: [1] (friends, pending, or online users?)
2025-12-27 13:27:37.321 [Global-Listener] INFO  o.e.zalu.client.ChatEventManager - Received List<GroupInfo>: 2 groups
2025-12-27 13:27:37.416 [JavaFX Application Thread] INFO  o.e.zalu.controller.MainController - DAOs and Managers initialized
2025-12-27 13:27:37.458 [JavaFX Application Thread] INFO  o.e.zalu.controller.MainController - Sub-controllers loaded for the first time
2025-12-27 13:27:37.462 [JavaFX Application Thread] INFO  o.e.zalu.controller.MainController - Welcome view (welcome-view.fxml) displayed successfully
2025-12-27 13:27:37.463 [JavaFX Application Thread] INFO  o.e.zalu.controller.MainController - MainController stage set
2025-12-27 13:27:37.463 [JavaFX Application Thread] INFO  o.e.zalu.controller.MainController - MainController currentUserId set to: 1
2025-12-27 13:27:37.464 [JavaFX Application Thread] INFO  o.e.zalu.controller.ChatListManager - Refreshing friend list for userId: 1
2025-12-27 13:27:37.464 [pool-2-thread-1] INFO  org.example.zalu.client.ChatClient - Gửi: GET_FRIENDS_LIST_FULL|1
2025-12-27 13:27:37.465 [pool-2-thread-1] INFO  org.example.zalu.client.ChatClient - Gửi: GET_GROUPS|1
2025-12-27 13:27:37.465 [pool-2-thread-1] INFO  org.example.zalu.client.ChatClient - Gửi: GET_USER_BY_ID|1
2025-12-27 13:27:37.477 [Global-Listener] INFO  o.e.zalu.client.ChatEventManager - Received List<GroupInfo>: 2 groups
2025-12-27 13:27:37.530 [JavaFX Application Thread] INFO  o.e.zalu.client.ChatEventManager - ✓ Đăng nhập thành công! UserID = 1
2025-12-27 13:27:37.534 [JavaFX Application Thread] INFO  o.e.zalu.controller.MainController - onMessagesReceived: 128 messages
2025-12-27 13:27:37.536 [JavaFX Application Thread] INFO  o.e.zalu.controller.ChatListManager - Received groups update: 2 groups
2025-12-27 13:27:37.537 [JavaFX Application Thread] INFO  o.e.zalu.controller.ChatListManager - Pre-fetched top 2 conversations in background
2025-12-27 13:27:37.538 [JavaFX Application Thread] INFO  o.e.zalu.controller.ChatListManager - Friend list refreshed with 0 friends and 2 groups
2025-12-27 13:27:37.538 [pool-2-thread-1] INFO  org.example.zalu.client.ChatClient - Gửi: GET_GROUP_CONVERSATION|1|1
2025-12-27 13:27:37.538 [JavaFX Application Thread] INFO  o.e.zalu.controller.ChatListManager - Received online users list: 1 users
2025-12-27 13:27:37.539 [pool-2-thread-1] INFO  org.example.zalu.client.ChatClient - Gửi: GET_GROUP_CONVERSATION|1|2
2025-12-27 13:27:37.539 [JavaFX Application Thread] INFO  o.e.zalu.controller.ChatListManager - Received full friend list: 6 friends
2025-12-27 13:27:37.540 [pool-2-thread-1] INFO  org.example.zalu.client.ChatClient - Gửi: GET_USER_AVATAR|2
2025-12-27 13:27:37.541 [JavaFX Application Thread] INFO  o.e.zalu.controller.ChatListManager - Pre-fetched top 5 conversations in background
2025-12-27 13:27:37.541 [pool-2-thread-1] INFO  org.example.zalu.client.ChatClient - Gửi: GET_USER_AVATAR|17
2025-12-27 13:27:37.541 [JavaFX Application Thread] INFO  o.e.zalu.controller.ChatListManager - Friend list refreshed with 6 friends and 2 groups
2025-12-27 13:27:37.541 [pool-2-thread-1] INFO  org.example.zalu.client.ChatClient - Gửi: GET_USER_AVATAR|22
2025-12-27 13:27:37.542 [JavaFX Application Thread] INFO  o.e.zalu.controller.ChatListManager - Received groups update: 2 groups
2025-12-27 13:27:37.542 [pool-2-thread-1] INFO  org.example.zalu.client.ChatClient - Gửi: GET_USER_AVATAR|23
2025-12-27 13:27:37.542 [pool-2-thread-1] INFO  org.example.zalu.client.ChatClient - Gửi: GET_USER_AVATAR|24
2025-12-27 13:27:37.543 [pool-2-thread-1] INFO  org.example.zalu.client.ChatClient - Gửi: GET_USER_AVATAR|25
2025-12-27 13:27:37.543 [JavaFX Application Thread] INFO  o.e.zalu.controller.ChatListManager - Pre-fetched top 5 conversations in background
2025-12-27 13:27:37.543 [pool-2-thread-1] INFO  org.example.zalu.client.ChatClient - Gửi: GET_CONVERSATION|1|17
2025-12-27 13:27:37.544 [JavaFX Application Thread] INFO  o.e.zalu.controller.ChatListManager - Friend list refreshed with 6 friends and 2 groups
2025-12-27 13:27:37.544 [pool-2-thread-1] INFO  org.example.zalu.client.ChatClient - Gửi: GET_CONVERSATION|1|22
2025-12-27 13:27:37.544 [pool-2-thread-1] INFO  org.example.zalu.client.ChatClient - Gửi: GET_GROUP_CONVERSATION|1|1
2025-12-27 13:27:37.544 [pool-2-thread-1] INFO  org.example.zalu.client.ChatClient - Gửi: GET_CONVERSATION|1|2
2025-12-27 13:27:37.545 [pool-2-thread-1] INFO  org.example.zalu.client.ChatClient - Gửi: GET_GROUP_CONVERSATION|1|2
2025-12-27 13:27:37.546 [pool-2-thread-1] INFO  org.example.zalu.client.ChatClient - Gửi: GET_CONVERSATION|1|17
2025-12-27 13:27:37.546 [pool-2-thread-1] INFO  org.example.zalu.client.ChatClient - Gửi: GET_CONVERSATION|1|22
2025-12-27 13:27:37.546 [pool-2-thread-1] INFO  org.example.zalu.client.ChatClient - Gửi: GET_GROUP_CONVERSATION|1|1
2025-12-27 13:27:37.546 [pool-2-thread-1] INFO  org.example.zalu.client.ChatClient - Gửi: GET_CONVERSATION|1|2
2025-12-27 13:27:37.547 [pool-2-thread-1] INFO  org.example.zalu.client.ChatClient - Gửi: GET_GROUP_CONVERSATION|1|2
2025-12-27 13:27:37.548 [JavaFX Application Thread] INFO  o.e.zalu.controller.ChatListManager - Received full friend list: 6 friends
2025-12-27 13:27:37.548 [pool-2-thread-1] INFO  org.example.zalu.client.ChatClient - Gửi: GET_USER_AVATAR|2
2025-12-27 13:27:37.549 [pool-2-thread-1] INFO  org.example.zalu.client.ChatClient - Gửi: GET_USER_AVATAR|17
2025-12-27 13:27:37.549 [JavaFX Application Thread] INFO  o.e.zalu.controller.ChatListManager - Pre-fetched top 5 conversations in background
2025-12-27 13:27:37.549 [pool-2-thread-1] INFO  org.example.zalu.client.ChatClient - Gửi: GET_USER_AVATAR|22
2025-12-27 13:27:37.549 [JavaFX Application Thread] INFO  o.e.zalu.controller.ChatListManager - Friend list refreshed with 6 friends and 2 groups
2025-12-27 13:27:37.549 [pool-2-thread-1] INFO  org.example.zalu.client.ChatClient - Gửi: GET_USER_AVATAR|23
2025-12-27 13:27:37.550 [JavaFX Application Thread] INFO  o.e.zalu.controller.ChatListManager - Received groups update: 2 groups
2025-12-27 13:27:37.549 [Global-Listener] INFO  o.e.zalu.client.ChatEventManager - Caching history for chatId -1: 7 messages
2025-12-27 13:27:37.550 [pool-2-thread-1] INFO  org.example.zalu.client.ChatClient - Gửi: GET_USER_AVATAR|24
2025-12-27 13:27:37.552 [pool-2-thread-1] INFO  org.example.zalu.client.ChatClient - Gửi: GET_USER_AVATAR|25
2025-12-27 13:27:37.552 [JavaFX Application Thread] INFO  o.e.zalu.controller.ChatListManager - Pre-fetched top 5 conversations in background
2025-12-27 13:27:37.552 [pool-2-thread-1] INFO  org.example.zalu.client.ChatClient - Gửi: GET_CONVERSATION|1|17
2025-12-27 13:27:37.552 [JavaFX Application Thread] INFO  o.e.zalu.controller.ChatListManager - Friend list refreshed with 6 friends and 2 groups
2025-12-27 13:27:37.553 [pool-2-thread-1] INFO  org.example.zalu.client.ChatClient - Gửi: GET_CONVERSATION|1|22
2025-12-27 13:27:37.553 [pool-2-thread-1] INFO  org.example.zalu.client.ChatClient - Gửi: GET_GROUP_CONVERSATION|1|1
2025-12-27 13:27:37.553 [pool-2-thread-1] INFO  org.example.zalu.client.ChatClient - Gửi: GET_CONVERSATION|1|2
2025-12-27 13:27:37.554 [pool-2-thread-1] INFO  org.example.zalu.client.ChatClient - Gửi: GET_GROUP_CONVERSATION|1|2
2025-12-27 13:27:37.555 [pool-2-thread-1] INFO  org.example.zalu.client.ChatClient - Gửi: GET_CONVERSATION|1|17
2025-12-27 13:27:37.555 [pool-2-thread-1] INFO  org.example.zalu.client.ChatClient - Gửi: GET_CONVERSATION|1|22
2025-12-27 13:27:37.556 [pool-2-thread-1] INFO  org.example.zalu.client.ChatClient - Gửi: GET_GROUP_CONVERSATION|1|1
2025-12-27 13:27:37.556 [pool-2-thread-1] INFO  org.example.zalu.client.ChatClient - Gửi: GET_CONVERSATION|1|2
2025-12-27 13:27:37.557 [pool-2-thread-1] INFO  org.example.zalu.client.ChatClient - Gửi: GET_GROUP_CONVERSATION|1|2
2025-12-27 13:27:37.559 [Global-Listener] INFO  org.example.zalu.client.ClientCache - Client cache saved to disk.
2025-12-27 13:27:37.569 [Global-Listener] INFO  o.e.zalu.client.ChatEventManager - Caching history for chatId -2: 16 messages
2025-12-27 13:27:37.575 [Global-Listener] INFO  org.example.zalu.client.ClientCache - Client cache saved to disk.
2025-12-27 13:27:37.576 [Global-Listener] INFO  o.e.zalu.client.ChatEventManager - Received string message: USER_AVATAR|2|0
2025-12-27 13:27:37.577 [Global-Listener] INFO  o.e.zalu.client.ChatEventManager - Received string message: USER_AVATAR|17|0
2025-12-27 13:27:37.577 [Global-Listener] INFO  o.e.zalu.client.ChatEventManager - Received string message: USER_AVATAR|22|0
2025-12-27 13:27:37.580 [Global-Listener] INFO  o.e.zalu.client.ChatEventManager - Received string message: USER_AVATAR|23|0
2025-12-27 13:27:37.583 [Global-Listener] INFO  o.e.zalu.client.ChatEventManager - Received string message: USER_AVATAR|24|0
2025-12-27 13:27:37.639 [Global-Listener] INFO  o.e.zalu.client.ChatEventManager - Received string message: USER_AVATAR|25|1377614
2025-12-27 13:27:37.666 [Global-Listener] INFO  o.e.zalu.client.ChatEventManager - Received byte data: 1377614 bytes
2025-12-27 13:27:37.682 [Global-Listener] INFO  o.e.zalu.client.ChatEventManager - Caching history for chatId 17: 17 messages
2025-12-27 13:27:37.693 [Global-Listener] INFO  org.example.zalu.client.ClientCache - Client cache saved to disk.
2025-12-27 13:27:37.788 [Global-Listener] INFO  o.e.zalu.client.ChatEventManager - Caching history for chatId 22: 36 messages
2025-12-27 13:27:37.806 [Global-Listener] INFO  org.example.zalu.client.ClientCache - Client cache saved to disk.
2025-12-27 13:27:37.808 [Global-Listener] INFO  o.e.zalu.client.ChatEventManager - Caching history for chatId -1: 7 messages
2025-12-27 13:27:37.826 [Global-Listener] INFO  org.example.zalu.client.ClientCache - Client cache saved to disk.
2025-12-27 13:27:37.828 [Global-Listener] INFO  o.e.zalu.client.ChatEventManager - Caching history for chatId 2: 28 messages
2025-12-27 13:27:37.858 [Global-Listener] INFO  org.example.zalu.client.ClientCache - Client cache saved to disk.
2025-12-27 13:27:37.861 [Global-Listener] INFO  o.e.zalu.client.ChatEventManager - Caching history for chatId -2: 16 messages
2025-12-27 13:27:37.877 [Global-Listener] INFO  org.example.zalu.client.ClientCache - Client cache saved to disk.
2025-12-27 13:27:37.878 [Global-Listener] INFO  o.e.zalu.client.ChatEventManager - Caching history for chatId 17: 17 messages
2025-12-27 13:27:37.896 [Global-Listener] INFO  org.example.zalu.client.ClientCache - Client cache saved to disk.
2025-12-27 13:27:38.027 [Global-Listener] INFO  o.e.zalu.client.ChatEventManager - Caching history for chatId 22: 36 messages
2025-12-27 13:27:38.059 [Global-Listener] INFO  org.example.zalu.client.ClientCache - Client cache saved to disk.
2025-12-27 13:27:38.062 [Global-Listener] INFO  o.e.zalu.client.ChatEventManager - Caching history for chatId -1: 7 messages
2025-12-27 13:27:38.100 [Global-Listener] INFO  org.example.zalu.client.ClientCache - Client cache saved to disk.
2025-12-27 13:27:38.102 [Global-Listener] INFO  o.e.zalu.client.ChatEventManager - Caching history for chatId 2: 28 messages
2025-12-27 13:27:38.134 [Global-Listener] INFO  org.example.zalu.client.ClientCache - Client cache saved to disk.
2025-12-27 13:27:38.137 [Global-Listener] INFO  o.e.zalu.client.ChatEventManager - Caching history for chatId -2: 16 messages
2025-12-27 13:27:38.187 [Global-Listener] INFO  org.example.zalu.client.ClientCache - Client cache saved to disk.
2025-12-27 13:27:38.188 [Global-Listener] INFO  o.e.zalu.client.ChatEventManager - Received string message: USER_AVATAR|2|0
2025-12-27 13:27:38.189 [Global-Listener] INFO  o.e.zalu.client.ChatEventManager - Received string message: USER_AVATAR|17|0
2025-12-27 13:27:38.189 [Global-Listener] INFO  o.e.zalu.client.ChatEventManager - Received string message: USER_AVATAR|22|0
2025-12-27 13:27:38.189 [Global-Listener] INFO  o.e.zalu.client.ChatEventManager - Received string message: USER_AVATAR|23|0
2025-12-27 13:27:38.190 [Global-Listener] INFO  o.e.zalu.client.ChatEventManager - Received string message: USER_AVATAR|24|0
2025-12-27 13:27:38.190 [Global-Listener] INFO  o.e.zalu.client.ChatEventManager - Received string message: USER_AVATAR|25|1377614
2025-12-27 13:27:38.194 [Global-Listener] INFO  o.e.zalu.client.ChatEventManager - Received byte data: 1377614 bytes
2025-12-27 13:27:38.215 [Global-Listener] INFO  o.e.zalu.client.ChatEventManager - Caching history for chatId 17: 17 messages
2025-12-27 13:27:38.249 [Global-Listener] INFO  org.example.zalu.client.ClientCache - Client cache saved to disk.
2025-12-27 13:27:38.328 [Global-Listener] INFO  o.e.zalu.client.ChatEventManager - Caching history for chatId 22: 36 messages
2025-12-27 13:27:38.349 [Global-Listener] INFO  org.example.zalu.client.ClientCache - Client cache saved to disk.
2025-12-27 13:27:38.350 [Global-Listener] INFO  o.e.zalu.client.ChatEventManager - Caching history for chatId -1: 7 messages
2025-12-27 13:27:38.378 [Global-Listener] INFO  org.example.zalu.client.ClientCache - Client cache saved to disk.
2025-12-27 13:27:38.381 [Global-Listener] INFO  o.e.zalu.client.ChatEventManager - Caching history for chatId 2: 28 messages
2025-12-27 13:27:38.420 [Global-Listener] INFO  org.example.zalu.client.ClientCache - Client cache saved to disk.
2025-12-27 13:27:38.424 [Global-Listener] INFO  o.e.zalu.client.ChatEventManager - Caching history for chatId -2: 16 messages
2025-12-27 13:27:38.448 [Global-Listener] INFO  org.example.zalu.client.ClientCache - Client cache saved to disk.
2025-12-27 13:27:38.450 [Global-Listener] INFO  o.e.zalu.client.ChatEventManager - Caching history for chatId 17: 17 messages
2025-12-27 13:27:38.468 [Global-Listener] INFO  org.example.zalu.client.ClientCache - Client cache saved to disk.
2025-12-27 13:27:38.499 [Global-Listener] INFO  o.e.zalu.client.ChatEventManager - Caching history for chatId 22: 36 messages
2025-12-27 13:27:38.516 [JavaFX Application Thread] INFO  o.e.zalu.controller.MainController - Selection changed to: Đoàn Trọng Mỹ (isWelcomeMode: true)
2025-12-27 13:27:38.525 [Global-Listener] INFO  org.example.zalu.client.ClientCache - Client cache saved to disk.
2025-12-27 13:27:38.526 [Global-Listener] INFO  o.e.zalu.client.ChatEventManager - Caching history for chatId -1: 7 messages
2025-12-27 13:27:38.559 [Global-Listener] INFO  org.example.zalu.client.ClientCache - Client cache saved to disk.
2025-12-27 13:27:38.562 [Global-Listener] INFO  o.e.zalu.client.ChatEventManager - Caching history for chatId 2: 28 messages
2025-12-27 13:27:38.564 [JavaFX Application Thread] INFO  o.e.zalu.controller.MainController - Loading chat for: Đoàn Trọng Mỹ
2025-12-27 13:27:38.564 [JavaFX Application Thread] INFO  o.e.zalu.controller.MainController - Reloading chat for: Đoàn Trọng Mỹ
2025-12-27 13:27:38.565 [JavaFX Application Thread] INFO  o.e.zalu.controller.MainController - Using cached messages for friend 17: 17 messages
2025-12-27 13:27:38.569 [pool-2-thread-1] INFO  org.example.zalu.client.ChatClient - Gửi: GET_PINNED_MESSAGES|1|17|false
2025-12-27 13:27:38.596 [Global-Listener] INFO  org.example.zalu.client.ClientCache - Client cache saved to disk.
2025-12-27 13:27:38.600 [Global-Listener] INFO  o.e.zalu.client.ChatEventManager - Caching history for chatId -2: 16 messages
2025-12-27 13:27:38.621 [Global-Listener] INFO  org.example.zalu.client.ClientCache - Client cache saved to disk.
2025-12-27 13:27:38.644 [pool-2-thread-1] INFO  org.example.zalu.client.ChatClient - Gửi: MARK_AS_READ|1|17
2025-12-27 13:27:38.644 [pool-2-thread-1] INFO  org.example.zalu.client.ChatClient - Gửi: GET_CONVERSATION|1|17
2025-12-27 13:27:38.644 [JavaFX Application Thread] INFO  o.e.zalu.controller.MainController - Reloading chat for: Đoàn Trọng Mỹ
2025-12-27 13:27:38.646 [JavaFX Application Thread] INFO  o.e.zalu.controller.MainController - Using cached messages for friend 17: 17 messages
2025-12-27 13:27:38.646 [pool-2-thread-1] INFO  org.example.zalu.client.ChatClient - Gửi: GET_CONVERSATION|1|17
2025-12-27 13:27:38.691 [Global-Listener] INFO  o.e.zalu.client.ChatEventManager - Caching history for chatId 17: 17 messages
2025-12-27 13:27:38.717 [Global-Listener] INFO  org.example.zalu.client.ClientCache - Client cache saved to disk.
2025-12-27 13:27:38.719 [Global-Listener] INFO  o.e.zalu.client.ChatEventManager - Caching history for chatId 17: 17 messages
2025-12-27 13:27:38.734 [Global-Listener] INFO  org.example.zalu.client.ClientCache - Client cache saved to disk.
2025-12-27 13:28:04.578 [JavaFX Application Thread] INFO  o.e.zalu.controller.MainController - Logout triggered for userId: 1
2025-12-27 13:28:05.719 [JavaFX Application Thread] INFO  org.example.zalu.client.ChatClient - Đã gửi LOGOUT tới server
2025-12-27 13:28:05.719 [Thread-10] INFO  o.example.zalu.server.ClientHandler - User 1 đăng xuất chủ động
2025-12-27 13:28:05.723 [Global-Listener] INFO  o.e.zalu.client.ChatEventManager - Received string message: LOGOUT_OK
2025-12-27 13:28:05.725 [Global-Listener] WARN  o.e.zalu.client.ChatEventManager - Unknown event type: java.lang.String
2025-12-27 13:28:05.922 [JavaFX Application Thread] INFO  org.example.zalu.client.ChatClient - Đã ngắt kết nối sạch sẽ – không reconnect tự động
2025-12-27 13:28:05.922 [Thread-10] INFO  o.example.zalu.server.ClientHandler - Server: Client 1 đã đóng kết nối (EOF)
2025-12-27 13:28:05.922 [JavaFX Application Thread] INFO  o.e.zalu.controller.MainController - Resetting data flags for logout...
2025-12-27 13:28:05.923 [Thread-10] INFO  o.example.zalu.server.ClientHandler - User 1 đã thoát
2025-12-27 13:28:05.927 [JavaFX Application Thread] INFO  o.e.zalu.controller.MainController - Data flags reset completed
2025-12-27 13:28:05.938 [JavaFX Application Thread] INFO  o.e.z.c.auth.LoginController - === Khởi động Auto-Discovery ===
2025-12-27 13:28:05.941 [ServerDiscovery-Thread] INFO  o.e.z.c.auth.LoginController - Bắt đầu quá trình tìm kiếm server tự động...
2025-12-27 13:28:05.942 [ServerDiscovery-Thread] INFO  o.e.z.client.ServerDiscoveryClient - === Bắt đầu tìm kiếm Server trong mạng LAN ===
2025-12-27 13:28:05.942 [ServerDiscovery-Thread] INFO  o.e.z.client.ServerDiscoveryClient - Discovery Port: 8888
2025-12-27 13:28:05.943 [ServerDiscovery-Thread] INFO  o.e.z.client.ServerDiscoveryClient - Timeout: 3000ms
2025-12-27 13:28:05.944 [ServerDiscovery-Thread] INFO  o.e.z.client.ServerDiscoveryClient - ✓ UDP Socket đã khởi tạo
2025-12-27 13:28:05.944 [ServerDiscovery-Thread] INFO  o.e.z.client.ServerDiscoveryClient - ✓ Broadcast mode: ENABLED
2025-12-27 13:28:05.946 [ServerDiscovery-Thread] INFO  o.e.z.client.ServerDiscoveryClient - ✓ Timeout: 3000ms
2025-12-27 13:28:05.947 [ServerDiscovery-Thread] INFO  o.e.z.client.ServerDiscoveryClient - >>> [Broadcast #1] Sent to 255.255.255.255:8888
2025-12-27 13:28:05.948 [ServerDiscovery-Thread] INFO  o.e.z.client.ServerDiscoveryClient - Đang quét các network interfaces...
2025-12-27 13:28:05.947 [Discovery-Listener] INFO  o.e.z.server.ServerDiscoveryListener - >>> [Request #11] Discovery request từ 10.219.179.108:59786
2025-12-27 13:28:05.950 [Discovery-Listener] INFO  o.e.z.server.ServerDiscoveryListener - <<< [Response #11] Đã gửi response tới 10.219.179.108:59786 - TCP Port: 5000
2025-12-27 13:28:05.954 [ServerDiscovery-Thread] INFO  o.e.z.client.ServerDiscoveryClient -   [Interface #1] WAN Miniport (IP)-WFP Native MAC Layer LightWeight Filter-0000 - ACTIVE
2025-12-27 13:28:05.956 [ServerDiscovery-Thread] INFO  o.e.z.client.ServerDiscoveryClient -   [Interface #2] WAN Miniport (IP)-QoS Packet Scheduler-0000 - ACTIVE
2025-12-27 13:28:05.956 [ServerDiscovery-Thread] INFO  o.e.z.client.ServerDiscoveryClient -   [Interface #3] WAN Miniport (IPv6)-WFP Native MAC Layer LightWeight Filter-0000 - ACTIVE
2025-12-27 13:28:05.958 [ServerDiscovery-Thread] INFO  o.e.z.client.ServerDiscoveryClient -   [Interface #4] WAN Miniport (IPv6)-QoS Packet Scheduler-0000 - ACTIVE
2025-12-27 13:28:05.958 [ServerDiscovery-Thread] INFO  o.e.z.client.ServerDiscoveryClient -   [Interface #5] WAN Miniport (Network Monitor)-WFP Native MAC Layer LightWeight Filter-0000 - ACTIVE
2025-12-27 13:28:05.959 [ServerDiscovery-Thread] INFO  o.e.z.client.ServerDiscoveryClient -   [Interface #6] WAN Miniport (Network Monitor)-QoS Packet Scheduler-0000 - ACTIVE
2025-12-27 13:28:05.959 [ServerDiscovery-Thread] INFO  o.e.z.client.ServerDiscoveryClient -   [Interface #8] WAN Miniport (IP) - ACTIVE
2025-12-27 13:28:05.959 [ServerDiscovery-Thread] INFO  o.e.z.client.ServerDiscoveryClient -   [Interface #9] WAN Miniport (IPv6) - ACTIVE
2025-12-27 13:28:05.960 [ServerDiscovery-Thread] INFO  o.e.z.client.ServerDiscoveryClient -   [Interface #10] WAN Miniport (Network Monitor) - ACTIVE
2025-12-27 13:28:05.963 [ServerDiscovery-Thread] INFO  o.e.z.client.ServerDiscoveryClient -   [Interface #14] Intel(R) Wi-Fi 6E AX211 160MHz-WFP Native MAC Layer LightWeight Filter-0000 - ACTIVE
2025-12-27 13:28:05.966 [ServerDiscovery-Thread] INFO  o.e.z.client.ServerDiscoveryClient -   [Interface #15] Intel(R) Wi-Fi 6E AX211 160MHz-Virtual WiFi Filter Driver-0000 - ACTIVE
2025-12-27 13:28:05.966 [ServerDiscovery-Thread] INFO  o.e.z.client.ServerDiscoveryClient -   [Interface #16] Intel(R) Wi-Fi 6E AX211 160MHz-Native WiFi Filter Driver-0000 - ACTIVE
2025-12-27 13:28:05.966 [ServerDiscovery-Thread] INFO  o.e.z.client.ServerDiscoveryClient -   [Interface #17] Intel(R) Wi-Fi 6E AX211 160MHz-QoS Packet Scheduler-0000 - ACTIVE
2025-12-27 13:28:05.967 [ServerDiscovery-Thread] INFO  o.e.z.client.ServerDiscoveryClient -   [Interface #18] Intel(R) Wi-Fi 6E AX211 160MHz-WFP 802.3 MAC Layer LightWeight Filter-0000 - ACTIVE
2025-12-27 13:28:05.970 [ServerDiscovery-Thread] INFO  o.e.z.client.ServerDiscoveryClient -   [Interface #27] Intel(R) Wi-Fi 6E AX211 160MHz - ACTIVE
2025-12-27 13:28:05.971 [Discovery-Listener] INFO  o.e.z.server.ServerDiscoveryListener - >>> [Request #12] Discovery request từ 10.219.179.108:59786
2025-12-27 13:28:05.971 [ServerDiscovery-Thread] INFO  o.e.z.client.ServerDiscoveryClient -     >>> [Broadcast #2] Sent to 10.219.179.255 (Intel(R) Wi-Fi 6E AX211 160MHz)
2025-12-27 13:28:05.972 [Discovery-Listener] INFO  o.e.z.server.ServerDiscoveryListener - <<< [Response #12] Đã gửi response tới 10.219.179.108:59786 - TCP Port: 5000
2025-12-27 13:28:05.973 [ServerDiscovery-Thread] INFO  o.e.z.client.ServerDiscoveryClient - ✓ Đã quét 36 network interfaces
2025-12-27 13:28:05.973 [ServerDiscovery-Thread] INFO  o.e.z.client.ServerDiscoveryClient - === Tổng số broadcast packets gửi đi: 2 ===
2025-12-27 13:28:05.977 [ServerDiscovery-Thread] INFO  o.e.z.client.ServerDiscoveryClient - Đang chờ nhận phản hồi từ server (timeout: 3000ms)...
2025-12-27 13:28:05.979 [ServerDiscovery-Thread] INFO  o.e.z.client.ServerDiscoveryClient - <<< Nhận phản hồi từ 10.219.179.108:8888 (1ms)
2025-12-27 13:28:05.980 [ServerDiscovery-Thread] INFO  o.e.z.client.ServerDiscoveryClient - === ✓ TÌM THẤY SERVER ===
2025-12-27 13:28:05.980 [ServerDiscovery-Thread] INFO  o.e.z.client.ServerDiscoveryClient - Server Address: 10.219.179.108
2025-12-27 13:28:05.981 [ServerDiscovery-Thread] INFO  o.e.z.client.ServerDiscoveryClient - TCP Port: 5000
2025-12-27 13:28:05.981 [ServerDiscovery-Thread] INFO  o.e.z.client.ServerDiscoveryClient - Response Time: 1ms
2025-12-27 13:28:06.178 [JavaFX Application Thread] INFO  o.e.zalu.controller.MainController - Logout successful
2025-12-27 13:28:06.180 [JavaFX Application Thread] ERROR org.example.zalu.ZaluApplication - ⚠ LỖI KHÔNG MONG MUỐN (UNCAUGHT EXCEPTION): Cannot invoke "java.util.function.Consumer.accept(Object)" because "org.example.zalu.client.ChatEventManager.broadcastCallback" is null
java.lang.NullPointerException: Cannot invoke "java.util.function.Consumer.accept(Object)" because "org.example.zalu.client.ChatEventManager.broadcastCallback" is null
	at org.example.zalu/org.example.zalu.client.ChatEventManager.lambda$42(ChatEventManager.java:777)
	at javafx.graphics@21/com.sun.javafx.application.PlatformImpl.lambda$runLater$10(PlatformImpl.java:456)
	at java.base/java.security.AccessController.doPrivileged(AccessController.java:400)
	at javafx.graphics@21/com.sun.javafx.application.PlatformImpl.lambda$runLater$11(PlatformImpl.java:455)
	at javafx.graphics@21/com.sun.glass.ui.InvokeLaterDispatcher$Future.run(InvokeLaterDispatcher.java:95)
	at javafx.graphics@21/com.sun.glass.ui.win.WinApplication._runLoop(Native Method)
	at javafx.graphics@21/com.sun.glass.ui.win.WinApplication.lambda$runLoop$3(WinApplication.java:185)
	at java.base/java.lang.Thread.run(Thread.java:1583)
2025-12-27 13:28:06.186 [JavaFX Application Thread] INFO  o.e.z.c.auth.LoginController - === ✓ Auto-Discovery Thành Công ===
2025-12-27 13:28:06.187 [JavaFX Application Thread] INFO  o.e.z.c.auth.LoginController - Server được tìm thấy: 10.219.179.108:5000
2025-12-27 13:28:06.187 [JavaFX Application Thread] INFO  o.e.z.c.auth.LoginController - Thời gian tìm kiếm: 39ms
2025-12-27 13:28:06.187 [JavaFX Application Thread] INFO  org.example.zalu.client.ChatClient - Đã cập nhật cấu hình server: 10.219.179.108:5000
2025-12-27 13:28:06.187 [JavaFX Application Thread] INFO  org.example.zalu.client.ChatClient - Đã ngắt kết nối sạch sẽ – không reconnect tự động
2025-12-27 13:28:06.189 [JavaFX Application Thread] INFO  o.e.z.c.auth.LoginController - Đã cấu hình ChatClient với server: 10.219.179.108:5000
2025-12-27 13:28:06.189 [JavaFX Application Thread] INFO  o.e.z.c.auth.LoginController - === Kết thúc Auto-Discovery ===
2025-12-27 13:28:10.800 [JavaFX Application Thread] INFO  org.example.zalu.client.ChatClient - Chưa kết nối server, đang thử kết nối...
2025-12-27 13:28:10.800 [JavaFX Application Thread] INFO  org.example.zalu.client.ChatClient - === Đang kết nối đến Server ===
2025-12-27 13:28:10.800 [JavaFX Application Thread] INFO  org.example.zalu.client.ChatClient - Server Address: 10.219.179.108
2025-12-27 13:28:10.800 [JavaFX Application Thread] INFO  org.example.zalu.client.ChatClient - Server Port: 5000
2025-12-27 13:28:10.802 [Thread-5] INFO  org.example.zalu.server.ChatServer - ✅ Client mới kết nối: /10.219.179.108
2025-12-27 13:28:10.805 [JavaFX Application Thread] INFO  org.example.zalu.client.ChatClient - === ✓ Kết nối thành công ===
2025-12-27 13:28:10.805 [JavaFX Application Thread] INFO  org.example.zalu.client.ChatClient - Connected to: 10.219.179.108:5000
2025-12-27 13:28:10.807 [JavaFX Application Thread] INFO  org.example.zalu.client.ChatClient - Socket timeout: 120s
2025-12-27 13:28:10.807 [JavaFX Application Thread] INFO  org.example.zalu.client.ChatClient - Buffer size: 2MB
2025-12-27 13:28:10.809 [Global-Listener] INFO  org.example.zalu.client.ChatClient - Global listener đã khởi động
2025-12-27 13:28:10.909 [pool-2-thread-1] INFO  org.example.zalu.client.ChatClient - Gửi: LOGIN_REQUEST|hylee|123456
2025-12-27 13:28:10.909 [Thread-11] INFO  o.example.zalu.server.ClientHandler - Server: Xử lý LOGIN_REQUEST: LOGIN_REQUEST|hylee|123456
2025-12-27 13:28:11.074 [Thread-11] INFO  o.example.zalu.server.ClientHandler - Server: Login thành công, gửi LOGIN_RESPONSE cho user 1
2025-12-27 13:28:11.075 [Global-Listener] INFO  o.e.zalu.client.ChatEventManager - Received string message: LOGIN_RESPONSE|SUCCESS|1
2025-12-27 13:28:11.076 [Global-Listener] INFO  o.e.zalu.client.ChatEventManager - ChatEventManager: Current userId set to 1
2025-12-27 13:28:11.078 [JavaFX Application Thread] INFO  o.e.z.c.auth.LoginController - Login successful for user: hylee
2025-12-27 13:28:11.080 [Global-Listener] INFO  o.e.zalu.client.ChatEventManager - Received List<Integer> #1: [2, 17, 22, 23, 24, 25] (friends, pending, or online users?)
2025-12-27 13:28:11.087 [JavaFX Application Thread] INFO  o.e.zalu.controller.MainController - DAOs and Managers initialized
2025-12-27 13:28:11.111 [Global-Listener] INFO  o.e.zalu.client.ChatEventManager - Received 128 messages total, grouped into 8 conversations
2025-12-27 13:28:11.121 [JavaFX Application Thread] INFO  o.e.zalu.controller.MainController - Sub-controllers loaded for the first time
2025-12-27 13:28:11.131 [JavaFX Application Thread] INFO  o.e.zalu.controller.MainController - Welcome view (welcome-view.fxml) displayed successfully
2025-12-27 13:28:11.132 [JavaFX Application Thread] INFO  o.e.zalu.controller.MainController - MainController stage set
2025-12-27 13:28:11.132 [Global-Listener] INFO  org.example.zalu.client.ClientCache - Client cache saved to disk.
2025-12-27 13:28:11.134 [JavaFX Application Thread] INFO  o.e.zalu.controller.MainController - MainController currentUserId set to: 1
2025-12-27 13:28:11.135 [JavaFX Application Thread] INFO  o.e.zalu.controller.ChatListManager - Refreshing friend list for userId: 1
2025-12-27 13:28:11.136 [pool-2-thread-1] INFO  org.example.zalu.client.ChatClient - Gửi: GET_FRIENDS_LIST_FULL|1
2025-12-27 13:28:11.150 [pool-2-thread-1] INFO  org.example.zalu.client.ChatClient - Gửi: GET_GROUPS|1
2025-12-27 13:28:11.153 [Global-Listener] INFO  org.example.zalu.client.ClientCache - Client cache saved to disk.
2025-12-27 13:28:11.156 [Thread-11] INFO  o.example.zalu.server.ClientHandler - ✓ hylee (ID: 1) đăng nhập thành công
2025-12-27 13:28:11.157 [pool-2-thread-1] INFO  org.example.zalu.client.ChatClient - Gửi: GET_USER_BY_ID|1
2025-12-27 13:28:11.181 [Global-Listener] INFO  org.example.zalu.client.ClientCache - Client cache saved to disk.
2025-12-27 13:28:11.201 [Global-Listener] INFO  org.example.zalu.client.ClientCache - Client cache saved to disk.
2025-12-27 13:28:11.211 [Global-Listener] INFO  org.example.zalu.client.ClientCache - Client cache saved to disk.
2025-12-27 13:28:11.227 [Global-Listener] INFO  org.example.zalu.client.ClientCache - Client cache saved to disk.
2025-12-27 13:28:11.246 [Global-Listener] INFO  org.example.zalu.client.ClientCache - Client cache saved to disk.
2025-12-27 13:28:11.253 [Global-Listener] INFO  org.example.zalu.client.ClientCache - Client cache saved to disk.
2025-12-27 13:28:11.254 [Global-Listener] INFO  o.e.zalu.client.ChatEventManager - Received List<GroupInfo>: 2 groups
2025-12-27 13:28:11.254 [Global-Listener] INFO  o.e.zalu.client.ChatEventManager - Received List<Integer> #2: [1] (friends, pending, or online users?)
2025-12-27 13:28:11.256 [Global-Listener] INFO  o.e.zalu.client.ChatEventManager - Received List<GroupInfo>: 2 groups
2025-12-27 13:28:11.312 [JavaFX Application Thread] INFO  o.e.zalu.controller.MainController - DAOs and Managers initialized
2025-12-27 13:28:11.333 [JavaFX Application Thread] INFO  o.e.zalu.controller.MainController - Sub-controllers loaded for the first time
2025-12-27 13:28:11.335 [JavaFX Application Thread] INFO  o.e.zalu.controller.MainController - Welcome view (welcome-view.fxml) displayed successfully
2025-12-27 13:28:11.336 [JavaFX Application Thread] INFO  o.e.zalu.controller.MainController - MainController stage set
2025-12-27 13:28:11.336 [JavaFX Application Thread] INFO  o.e.zalu.controller.MainController - MainController currentUserId set to: 1
2025-12-27 13:28:11.336 [JavaFX Application Thread] INFO  o.e.zalu.controller.ChatListManager - Refreshing friend list for userId: 1
2025-12-27 13:28:11.336 [pool-2-thread-1] INFO  org.example.zalu.client.ChatClient - Gửi: GET_FRIENDS_LIST_FULL|1
2025-12-27 13:28:11.337 [pool-2-thread-1] INFO  org.example.zalu.client.ChatClient - Gửi: GET_GROUPS|1
2025-12-27 13:28:11.338 [pool-2-thread-1] INFO  org.example.zalu.client.ChatClient - Gửi: GET_USER_BY_ID|1
2025-12-27 13:28:11.348 [Global-Listener] INFO  o.e.zalu.client.ChatEventManager - Received List<GroupInfo>: 2 groups
2025-12-27 13:28:11.371 [JavaFX Application Thread] INFO  o.e.zalu.client.ChatEventManager - ✓ Đăng nhập thành công! UserID = 1
2025-12-27 13:28:11.376 [JavaFX Application Thread] INFO  o.e.zalu.controller.MainController - onMessagesReceived: 128 messages
2025-12-27 13:28:11.380 [JavaFX Application Thread] INFO  o.e.zalu.controller.ChatListManager - Received groups update: 2 groups
2025-12-27 13:28:11.381 [JavaFX Application Thread] INFO  o.e.zalu.controller.ChatListManager - Pre-fetched top 2 conversations in background
2025-12-27 13:28:11.382 [JavaFX Application Thread] INFO  o.e.zalu.controller.ChatListManager - Friend list refreshed with 0 friends and 2 groups
2025-12-27 13:28:11.382 [pool-2-thread-1] INFO  org.example.zalu.client.ChatClient - Gửi: GET_GROUP_CONVERSATION|1|1
2025-12-27 13:28:11.382 [pool-2-thread-1] INFO  org.example.zalu.client.ChatClient - Gửi: GET_GROUP_CONVERSATION|1|2
2025-12-27 13:28:11.382 [JavaFX Application Thread] INFO  o.e.zalu.controller.ChatListManager - Received online users list: 1 users
2025-12-27 13:28:11.384 [JavaFX Application Thread] INFO  o.e.zalu.controller.ChatListManager - Received full friend list: 6 friends
2025-12-27 13:28:11.384 [pool-2-thread-1] INFO  org.example.zalu.client.ChatClient - Gửi: GET_USER_AVATAR|2
2025-12-27 13:28:11.384 [JavaFX Application Thread] INFO  o.e.zalu.controller.ChatListManager - Pre-fetched top 5 conversations in background
2025-12-27 13:28:11.384 [pool-2-thread-1] INFO  org.example.zalu.client.ChatClient - Gửi: GET_USER_AVATAR|17
2025-12-27 13:28:11.385 [JavaFX Application Thread] INFO  o.e.zalu.controller.ChatListManager - Friend list refreshed with 6 friends and 2 groups
2025-12-27 13:28:11.385 [pool-2-thread-1] INFO  org.example.zalu.client.ChatClient - Gửi: GET_USER_AVATAR|22
2025-12-27 13:28:11.385 [JavaFX Application Thread] INFO  o.e.zalu.controller.ChatListManager - Received groups update: 2 groups
2025-12-27 13:28:11.385 [pool-2-thread-1] INFO  org.example.zalu.client.ChatClient - Gửi: GET_USER_AVATAR|23
2025-12-27 13:28:11.386 [pool-2-thread-1] INFO  org.example.zalu.client.ChatClient - Gửi: GET_USER_AVATAR|24
2025-12-27 13:28:11.386 [JavaFX Application Thread] INFO  o.e.zalu.controller.ChatListManager - Pre-fetched top 5 conversations in background
2025-12-27 13:28:11.386 [pool-2-thread-1] INFO  org.example.zalu.client.ChatClient - Gửi: GET_CONVERSATION|1|17
2025-12-27 13:28:11.386 [JavaFX Application Thread] INFO  o.e.zalu.controller.ChatListManager - Friend list refreshed with 6 friends and 2 groups
2025-12-27 13:28:11.386 [pool-2-thread-1] INFO  org.example.zalu.client.ChatClient - Gửi: GET_CONVERSATION|1|22
2025-12-27 13:28:11.389 [pool-2-thread-1] INFO  org.example.zalu.client.ChatClient - Gửi: GET_GROUP_CONVERSATION|1|1
2025-12-27 13:28:11.389 [pool-2-thread-1] INFO  org.example.zalu.client.ChatClient - Gửi: GET_CONVERSATION|1|2
2025-12-27 13:28:11.389 [pool-2-thread-1] INFO  org.example.zalu.client.ChatClient - Gửi: GET_GROUP_CONVERSATION|1|2
2025-12-27 13:28:11.389 [pool-2-thread-1] INFO  org.example.zalu.client.ChatClient - Gửi: GET_CONVERSATION|1|17
2025-12-27 13:28:11.390 [pool-2-thread-1] INFO  org.example.zalu.client.ChatClient - Gửi: GET_CONVERSATION|1|22
2025-12-27 13:28:11.391 [pool-2-thread-1] INFO  org.example.zalu.client.ChatClient - Gửi: GET_GROUP_CONVERSATION|1|1
2025-12-27 13:28:11.391 [pool-2-thread-1] INFO  org.example.zalu.client.ChatClient - Gửi: GET_CONVERSATION|1|2
2025-12-27 13:28:11.391 [pool-2-thread-1] INFO  org.example.zalu.client.ChatClient - Gửi: GET_GROUP_CONVERSATION|1|2
2025-12-27 13:28:11.391 [JavaFX Application Thread] INFO  o.e.zalu.controller.ChatListManager - Received full friend list: 6 friends
2025-12-27 13:28:11.392 [pool-2-thread-1] INFO  org.example.zalu.client.ChatClient - Gửi: GET_USER_AVATAR|2
2025-12-27 13:28:11.393 [Global-Listener] INFO  o.e.zalu.client.ChatEventManager - Caching history for chatId -1: 7 messages
2025-12-27 13:28:11.393 [JavaFX Application Thread] INFO  o.e.zalu.controller.ChatListManager - Pre-fetched top 5 conversations in background
2025-12-27 13:28:11.393 [pool-2-thread-1] INFO  org.example.zalu.client.ChatClient - Gửi: GET_USER_AVATAR|17
2025-12-27 13:28:11.393 [JavaFX Application Thread] INFO  o.e.zalu.controller.ChatListManager - Friend list refreshed with 6 friends and 2 groups
2025-12-27 13:28:11.393 [pool-2-thread-1] INFO  org.example.zalu.client.ChatClient - Gửi: GET_USER_AVATAR|22
2025-12-27 13:28:11.394 [JavaFX Application Thread] INFO  o.e.zalu.controller.ChatListManager - Received groups update: 2 groups
2025-12-27 13:28:11.394 [pool-2-thread-1] INFO  org.example.zalu.client.ChatClient - Gửi: GET_USER_AVATAR|23
2025-12-27 13:28:11.394 [pool-2-thread-1] INFO  org.example.zalu.client.ChatClient - Gửi: GET_USER_AVATAR|24
2025-12-27 13:28:11.394 [pool-2-thread-1] INFO  org.example.zalu.client.ChatClient - Gửi: GET_CONVERSATION|1|17
2025-12-27 13:28:11.394 [JavaFX Application Thread] INFO  o.e.zalu.controller.ChatListManager - Pre-fetched top 5 conversations in background
2025-12-27 13:28:11.394 [pool-2-thread-1] INFO  org.example.zalu.client.ChatClient - Gửi: GET_CONVERSATION|1|22
2025-12-27 13:28:11.394 [JavaFX Application Thread] INFO  o.e.zalu.controller.ChatListManager - Friend list refreshed with 6 friends and 2 groups
2025-12-27 13:28:11.394 [pool-2-thread-1] INFO  org.example.zalu.client.ChatClient - Gửi: GET_GROUP_CONVERSATION|1|1
2025-12-27 13:28:11.396 [pool-2-thread-1] INFO  org.example.zalu.client.ChatClient - Gửi: GET_CONVERSATION|1|2
2025-12-27 13:28:11.397 [pool-2-thread-1] INFO  org.example.zalu.client.ChatClient - Gửi: GET_GROUP_CONVERSATION|1|2
2025-12-27 13:28:11.397 [pool-2-thread-1] INFO  org.example.zalu.client.ChatClient - Gửi: GET_CONVERSATION|1|17
2025-12-27 13:28:11.397 [pool-2-thread-1] INFO  org.example.zalu.client.ChatClient - Gửi: GET_CONVERSATION|1|22
2025-12-27 13:28:11.398 [pool-2-thread-1] INFO  org.example.zalu.client.ChatClient - Gửi: GET_GROUP_CONVERSATION|1|1
2025-12-27 13:28:11.399 [pool-2-thread-1] INFO  org.example.zalu.client.ChatClient - Gửi: GET_CONVERSATION|1|2
2025-12-27 13:28:11.399 [pool-2-thread-1] INFO  org.example.zalu.client.ChatClient - Gửi: GET_GROUP_CONVERSATION|1|2
2025-12-27 13:28:11.399 [Global-Listener] INFO  org.example.zalu.client.ClientCache - Client cache saved to disk.
2025-12-27 13:28:11.409 [Global-Listener] INFO  o.e.zalu.client.ChatEventManager - Caching history for chatId -2: 16 messages
2025-12-27 13:28:11.416 [Global-Listener] INFO  org.example.zalu.client.ClientCache - Client cache saved to disk.
2025-12-27 13:28:11.416 [Global-Listener] INFO  o.e.zalu.client.ChatEventManager - Received string message: USER_AVATAR|2|0
2025-12-27 13:28:11.416 [Global-Listener] INFO  o.e.zalu.client.ChatEventManager - Received string message: USER_AVATAR|17|0
2025-12-27 13:28:11.417 [Global-Listener] INFO  o.e.zalu.client.ChatEventManager - Received string message: USER_AVATAR|22|0
2025-12-27 13:28:11.420 [Global-Listener] INFO  o.e.zalu.client.ChatEventManager - Received string message: USER_AVATAR|23|0
2025-12-27 13:28:11.422 [Global-Listener] INFO  o.e.zalu.client.ChatEventManager - Received string message: USER_AVATAR|24|0
2025-12-27 13:28:11.437 [Global-Listener] INFO  o.e.zalu.client.ChatEventManager - Caching history for chatId 17: 17 messages
2025-12-27 13:28:11.444 [Global-Listener] INFO  org.example.zalu.client.ClientCache - Client cache saved to disk.
2025-12-27 13:28:11.554 [Global-Listener] INFO  o.e.zalu.client.ChatEventManager - Caching history for chatId 22: 36 messages
2025-12-27 13:28:11.573 [Global-Listener] INFO  org.example.zalu.client.ClientCache - Client cache saved to disk.
2025-12-27 13:28:11.576 [Global-Listener] INFO  o.e.zalu.client.ChatEventManager - Caching history for chatId -1: 7 messages
2025-12-27 13:28:11.591 [Global-Listener] INFO  org.example.zalu.client.ClientCache - Client cache saved to disk.
2025-12-27 13:28:11.592 [Global-Listener] INFO  o.e.zalu.client.ChatEventManager - Caching history for chatId 2: 28 messages
2025-12-27 13:28:11.607 [Global-Listener] INFO  org.example.zalu.client.ClientCache - Client cache saved to disk.
2025-12-27 13:28:11.608 [Global-Listener] INFO  o.e.zalu.client.ChatEventManager - Caching history for chatId -2: 16 messages
2025-12-27 13:28:11.626 [Global-Listener] INFO  org.example.zalu.client.ClientCache - Client cache saved to disk.
2025-12-27 13:28:11.627 [Global-Listener] INFO  o.e.zalu.client.ChatEventManager - Caching history for chatId 17: 17 messages
2025-12-27 13:28:11.643 [Global-Listener] INFO  org.example.zalu.client.ClientCache - Client cache saved to disk.
2025-12-27 13:28:11.683 [Global-Listener] INFO  o.e.zalu.client.ChatEventManager - Caching history for chatId 22: 36 messages
2025-12-27 13:28:11.698 [Global-Listener] INFO  org.example.zalu.client.ClientCache - Client cache saved to disk.
2025-12-27 13:28:11.699 [Global-Listener] INFO  o.e.zalu.client.ChatEventManager - Caching history for chatId -1: 7 messages
2025-12-27 13:28:11.715 [Global-Listener] INFO  org.example.zalu.client.ClientCache - Client cache saved to disk.
2025-12-27 13:28:11.716 [Global-Listener] INFO  o.e.zalu.client.ChatEventManager - Caching history for chatId 2: 28 messages
2025-12-27 13:28:11.731 [Global-Listener] INFO  org.example.zalu.client.ClientCache - Client cache saved to disk.
2025-12-27 13:28:11.732 [Global-Listener] INFO  o.e.zalu.client.ChatEventManager - Caching history for chatId -2: 16 messages
2025-12-27 13:28:11.750 [Global-Listener] INFO  org.example.zalu.client.ClientCache - Client cache saved to disk.
2025-12-27 13:28:11.750 [Global-Listener] INFO  o.e.zalu.client.ChatEventManager - Received string message: USER_AVATAR|2|0
2025-12-27 13:28:11.750 [Global-Listener] INFO  o.e.zalu.client.ChatEventManager - Received string message: USER_AVATAR|17|0
2025-12-27 13:28:11.750 [Global-Listener] INFO  o.e.zalu.client.ChatEventManager - Received string message: USER_AVATAR|22|0
2025-12-27 13:28:11.750 [Global-Listener] INFO  o.e.zalu.client.ChatEventManager - Received string message: USER_AVATAR|23|0
2025-12-27 13:28:11.750 [Global-Listener] INFO  o.e.zalu.client.ChatEventManager - Received string message: USER_AVATAR|24|0
2025-12-27 13:28:11.751 [Global-Listener] INFO  o.e.zalu.client.ChatEventManager - Caching history for chatId 17: 17 messages
2025-12-27 13:28:11.767 [Global-Listener] INFO  org.example.zalu.client.ClientCache - Client cache saved to disk.
2025-12-27 13:28:11.833 [Global-Listener] INFO  o.e.zalu.client.ChatEventManager - Caching history for chatId 22: 36 messages
2025-12-27 13:28:11.859 [Global-Listener] INFO  org.example.zalu.client.ClientCache - Client cache saved to disk.
2025-12-27 13:28:11.860 [Global-Listener] INFO  o.e.zalu.client.ChatEventManager - Caching history for chatId -1: 7 messages
2025-12-27 13:28:11.887 [Global-Listener] INFO  org.example.zalu.client.ClientCache - Client cache saved to disk.
2025-12-27 13:28:11.891 [Global-Listener] INFO  o.e.zalu.client.ChatEventManager - Caching history for chatId 2: 28 messages
2025-12-27 13:28:11.922 [Global-Listener] INFO  org.example.zalu.client.ClientCache - Client cache saved to disk.
2025-12-27 13:28:11.925 [Global-Listener] INFO  o.e.zalu.client.ChatEventManager - Caching history for chatId -2: 16 messages
2025-12-27 13:28:11.951 [Global-Listener] INFO  org.example.zalu.client.ClientCache - Client cache saved to disk.
2025-12-27 13:28:11.954 [Global-Listener] INFO  o.e.zalu.client.ChatEventManager - Caching history for chatId 17: 17 messages
2025-12-27 13:28:11.991 [Global-Listener] INFO  org.example.zalu.client.ClientCache - Client cache saved to disk.
2025-12-27 13:28:12.005 [Global-Listener] INFO  o.e.zalu.client.ChatEventManager - Caching history for chatId 22: 36 messages
2025-12-27 13:28:12.033 [Global-Listener] INFO  org.example.zalu.client.ClientCache - Client cache saved to disk.
2025-12-27 13:28:12.034 [Global-Listener] INFO  o.e.zalu.client.ChatEventManager - Caching history for chatId -1: 7 messages
2025-12-27 13:28:12.057 [Global-Listener] INFO  org.example.zalu.client.ClientCache - Client cache saved to disk.
2025-12-27 13:28:12.061 [Global-Listener] INFO  o.e.zalu.client.ChatEventManager - Caching history for chatId 2: 28 messages
2025-12-27 13:28:12.080 [Global-Listener] INFO  org.example.zalu.client.ClientCache - Client cache saved to disk.
2025-12-27 13:28:12.081 [Global-Listener] INFO  o.e.zalu.client.ChatEventManager - Caching history for chatId -2: 16 messages
2025-12-27 13:28:12.099 [Global-Listener] INFO  org.example.zalu.client.ClientCache - Client cache saved to disk.
2025-12-27 13:30:12.143 [Global-Listener] WARN  org.example.zalu.client.ChatClient - Mất kết nối bất ngờ → thử reconnect...
2025-12-27 13:30:12.249 [JavaFX Application Thread] INFO  org.example.zalu.client.ChatClient - Đang thử kết nối lại...
2025-12-27 13:30:12.264 [JavaFX Application Thread] INFO  org.example.zalu.client.ChatClient - === Đang kết nối đến Server ===
2025-12-27 13:30:12.268 [JavaFX Application Thread] INFO  org.example.zalu.client.ChatClient - Server Address: 10.219.179.108
2025-12-27 13:30:12.279 [JavaFX Application Thread] INFO  org.example.zalu.client.ChatClient - Server Port: 5000
2025-12-27 13:30:12.256 [Thread-11] INFO  o.example.zalu.server.ClientHandler - Server: Client 1 đã đóng kết nối (EOF)
2025-12-27 13:30:12.298 [Thread-11] INFO  o.example.zalu.server.ClientHandler - User 1 đã thoát
2025-12-27 13:30:12.322 [Thread-5] INFO  org.example.zalu.server.ChatServer - ✅ Client mới kết nối: /10.219.179.108
2025-12-27 13:30:12.371 [JavaFX Application Thread] INFO  org.example.zalu.client.ChatClient - === ✓ Kết nối thành công ===
2025-12-27 13:30:12.372 [JavaFX Application Thread] INFO  org.example.zalu.client.ChatClient - Connected to: 10.219.179.108:5000
2025-12-27 13:30:12.373 [JavaFX Application Thread] INFO  org.example.zalu.client.ChatClient - Socket timeout: 120s
2025-12-27 13:30:12.373 [JavaFX Application Thread] INFO  org.example.zalu.client.ChatClient - Buffer size: 2MB
2025-12-27 13:30:12.374 [JavaFX Application Thread] INFO  org.example.zalu.client.ChatClient - ✓ Kết nối lại thành công sau 1 lần thử!
2025-12-27 13:30:12.388 [Global-Listener] INFO  org.example.zalu.client.ChatClient - Global listener đã khởi động
2025-12-27 13:30:12.414 [JavaFX Application Thread] INFO  org.example.zalu.client.ChatClient - Đã gửi yêu cầu khôi phục session cho userId=1
2025-12-27 13:30:12.451 [Thread-12] INFO  o.example.zalu.server.ClientHandler - Khôi phục session thành công cho userId 1
2025-12-27 13:30:12.457 [Global-Listener] INFO  o.e.zalu.client.ChatEventManager - Received string message: RESUME_SESSION|OK
2025-12-27 13:30:12.464 [Global-Listener] INFO  o.e.zalu.client.ChatEventManager - ✓ Khôi phục session thành công, yêu cầu tải lại nhóm
2025-12-27 13:30:12.470 [Global-Listener] INFO  o.e.zalu.client.ChatEventManager - Received string message: FRIENDS_UPDATE
2025-12-27 13:30:12.472 [Global-Listener] WARN  o.e.zalu.client.ChatEventManager - Unknown event type: java.lang.String
2025-12-27 13:30:12.473 [Global-Listener] INFO  o.e.zalu.client.ChatEventManager - Received string message: GROUPS_UPDATE
2025-12-27 13:30:12.473 [Global-Listener] WARN  o.e.zalu.client.ChatEventManager - Unknown event type: java.lang.String
2025-12-27 13:30:12.475 [pool-2-thread-1] INFO  org.example.zalu.client.ChatClient - Gửi: GET_GROUPS|1
2025-12-27 13:30:12.477 [pool-2-thread-1] INFO  org.example.zalu.client.ChatClient - Gửi: GET_GROUPS|1
2025-12-27 13:30:12.518 [Global-Listener] INFO  o.e.zalu.client.ChatEventManager - Received List<GroupInfo>: 2 groups
2025-12-27 13:30:12.519 [Global-Listener] INFO  o.e.zalu.client.ChatEventManager - Received List<GroupInfo>: 2 groups
2025-12-27 13:30:12.524 [JavaFX Application Thread] INFO  o.e.zalu.controller.ChatListManager - Received groups update: 2 groups
2025-12-27 13:30:12.910 [JavaFX Application Thread] INFO  o.e.zalu.controller.ChatListManager - Pre-fetched top 5 conversations in background
2025-12-27 13:30:12.910 [pool-2-thread-1] INFO  org.example.zalu.client.ChatClient - Gửi: GET_CONVERSATION|1|17
2025-12-27 13:30:12.911 [pool-2-thread-1] INFO  org.example.zalu.client.ChatClient - Gửi: GET_CONVERSATION|1|22
2025-12-27 13:30:12.912 [pool-2-thread-1] INFO  org.example.zalu.client.ChatClient - Gửi: GET_GROUP_CONVERSATION|1|1
2025-12-27 13:30:12.915 [pool-2-thread-1] INFO  org.example.zalu.client.ChatClient - Gửi: GET_CONVERSATION|1|2
2025-12-27 13:30:12.916 [pool-2-thread-1] INFO  org.example.zalu.client.ChatClient - Gửi: GET_GROUP_CONVERSATION|1|2
2025-12-27 13:30:12.910 [JavaFX Application Thread] INFO  o.e.zalu.controller.ChatListManager - Friend list refreshed with 6 friends and 2 groups
2025-12-27 13:30:12.918 [JavaFX Application Thread] INFO  o.e.zalu.controller.ChatListManager - Received groups update: 2 groups
2025-12-27 13:30:12.938 [JavaFX Application Thread] INFO  o.e.zalu.controller.ChatListManager - Pre-fetched top 5 conversations in background
2025-12-27 13:30:12.939 [JavaFX Application Thread] INFO  o.e.zalu.controller.ChatListManager - Friend list refreshed with 6 friends and 2 groups
2025-12-27 13:30:12.939 [pool-2-thread-1] INFO  org.example.zalu.client.ChatClient - Gửi: GET_CONVERSATION|1|17
2025-12-27 13:30:12.940 [pool-2-thread-1] INFO  org.example.zalu.client.ChatClient - Gửi: GET_CONVERSATION|1|22
2025-12-27 13:30:12.942 [pool-2-thread-1] INFO  org.example.zalu.client.ChatClient - Gửi: GET_GROUP_CONVERSATION|1|1
2025-12-27 13:30:12.943 [pool-2-thread-1] INFO  org.example.zalu.client.ChatClient - Gửi: GET_CONVERSATION|1|2
2025-12-27 13:30:12.944 [pool-2-thread-1] INFO  org.example.zalu.client.ChatClient - Gửi: GET_GROUP_CONVERSATION|1|2
2025-12-27 13:30:13.015 [Global-Listener] INFO  o.e.zalu.client.ChatEventManager - Caching history for chatId 17: 17 messages
2025-12-27 13:30:13.144 [Global-Listener] INFO  org.example.zalu.client.ClientCache - Client cache saved to disk.
2025-12-27 13:30:13.396 [Global-Listener] INFO  o.e.zalu.client.ChatEventManager - Caching history for chatId 22: 36 messages
2025-12-27 13:30:13.438 [Global-Listener] INFO  org.example.zalu.client.ClientCache - Client cache saved to disk.
2025-12-27 13:30:13.440 [Global-Listener] INFO  o.e.zalu.client.ChatEventManager - Caching history for chatId -1: 7 messages
2025-12-27 13:30:13.479 [Global-Listener] INFO  org.example.zalu.client.ClientCache - Client cache saved to disk.
2025-12-27 13:30:13.484 [Global-Listener] INFO  o.e.zalu.client.ChatEventManager - Caching history for chatId 2: 28 messages
2025-12-27 13:30:13.527 [Global-Listener] INFO  org.example.zalu.client.ClientCache - Client cache saved to disk.
2025-12-27 13:30:13.534 [Global-Listener] INFO  o.e.zalu.client.ChatEventManager - Caching history for chatId -2: 16 messages
2025-12-27 13:30:13.575 [Global-Listener] INFO  org.example.zalu.client.ClientCache - Client cache saved to disk.
2025-12-27 13:30:13.580 [Global-Listener] INFO  o.e.zalu.client.ChatEventManager - Caching history for chatId 17: 17 messages
2025-12-27 13:30:13.615 [Global-Listener] INFO  org.example.zalu.client.ClientCache - Client cache saved to disk.
2025-12-27 13:30:13.636 [Global-Listener] INFO  o.e.zalu.client.ChatEventManager - Caching history for chatId 22: 36 messages
2025-12-27 13:30:13.680 [Global-Listener] INFO  org.example.zalu.client.ClientCache - Client cache saved to disk.
2025-12-27 13:30:13.681 [Global-Listener] INFO  o.e.zalu.client.ChatEventManager - Caching history for chatId -1: 7 messages
2025-12-27 13:30:13.742 [Global-Listener] INFO  org.example.zalu.client.ClientCache - Client cache saved to disk.
2025-12-27 13:30:13.748 [Global-Listener] INFO  o.e.zalu.client.ChatEventManager - Caching history for chatId 2: 28 messages
2025-12-27 13:30:13.808 [Global-Listener] INFO  org.example.zalu.client.ClientCache - Client cache saved to disk.
2025-12-27 13:30:13.815 [Global-Listener] INFO  o.e.zalu.client.ChatEventManager - Caching history for chatId -2: 16 messages
2025-12-27 13:30:13.868 [Global-Listener] INFO  org.example.zalu.client.ClientCache - Client cache saved to disk.
2025-12-27 13:32:13.900 [Global-Listener] WARN  org.example.zalu.client.ChatClient - Mất kết nối bất ngờ → thử reconnect...
2025-12-27 13:32:13.946 [JavaFX Application Thread] INFO  org.example.zalu.client.ChatClient - Đang thử kết nối lại...
2025-12-27 13:32:13.961 [JavaFX Application Thread] INFO  org.example.zalu.client.ChatClient - === Đang kết nối đến Server ===
2025-12-27 13:32:13.962 [JavaFX Application Thread] INFO  org.example.zalu.client.ChatClient - Server Address: 10.219.179.108
2025-12-27 13:32:13.964 [JavaFX Application Thread] INFO  org.example.zalu.client.ChatClient - Server Port: 5000
2025-12-27 13:32:13.959 [Thread-12] INFO  o.example.zalu.server.ClientHandler - Server: Client 1 đã đóng kết nối (EOF)
2025-12-27 13:32:13.976 [Thread-5] INFO  org.example.zalu.server.ChatServer - ✅ Client mới kết nối: /10.219.179.108
2025-12-27 13:32:13.982 [Thread-12] INFO  o.example.zalu.server.ClientHandler - User 1 đã thoát
2025-12-27 13:32:13.999 [JavaFX Application Thread] INFO  org.example.zalu.client.ChatClient - === ✓ Kết nối thành công ===
2025-12-27 13:32:14.001 [JavaFX Application Thread] INFO  org.example.zalu.client.ChatClient - Connected to: 10.219.179.108:5000
2025-12-27 13:32:14.001 [JavaFX Application Thread] INFO  org.example.zalu.client.ChatClient - Socket timeout: 120s
2025-12-27 13:32:14.002 [JavaFX Application Thread] INFO  org.example.zalu.client.ChatClient - Buffer size: 2MB
2025-12-27 13:32:14.002 [JavaFX Application Thread] INFO  org.example.zalu.client.ChatClient - ✓ Kết nối lại thành công sau 1 lần thử!
2025-12-27 13:32:14.007 [JavaFX Application Thread] INFO  org.example.zalu.client.ChatClient - Đã gửi yêu cầu khôi phục session cho userId=1
2025-12-27 13:32:14.007 [Global-Listener] INFO  org.example.zalu.client.ChatClient - Global listener đã khởi động
2025-12-27 13:32:14.038 [Thread-13] INFO  o.example.zalu.server.ClientHandler - Khôi phục session thành công cho userId 1
2025-12-27 13:32:14.040 [Global-Listener] INFO  o.e.zalu.client.ChatEventManager - Received string message: RESUME_SESSION|OK
2025-12-27 13:32:14.041 [Global-Listener] INFO  o.e.zalu.client.ChatEventManager - ✓ Khôi phục session thành công, yêu cầu tải lại nhóm
2025-12-27 13:32:14.044 [Global-Listener] INFO  o.e.zalu.client.ChatEventManager - Received string message: FRIENDS_UPDATE
2025-12-27 13:32:14.046 [Global-Listener] WARN  o.e.zalu.client.ChatEventManager - Unknown event type: java.lang.String
2025-12-27 13:32:14.046 [Global-Listener] INFO  o.e.zalu.client.ChatEventManager - Received string message: GROUPS_UPDATE
2025-12-27 13:32:14.046 [Global-Listener] WARN  o.e.zalu.client.ChatEventManager - Unknown event type: java.lang.String
2025-12-27 13:32:14.050 [pool-2-thread-1] INFO  org.example.zalu.client.ChatClient - Gửi: GET_GROUPS|1
2025-12-27 13:32:14.053 [pool-2-thread-1] INFO  org.example.zalu.client.ChatClient - Gửi: GET_GROUPS|1
2025-12-27 13:32:14.088 [Global-Listener] INFO  o.e.zalu.client.ChatEventManager - Received List<GroupInfo>: 2 groups
2025-12-27 13:32:14.088 [Global-Listener] INFO  o.e.zalu.client.ChatEventManager - Received List<GroupInfo>: 2 groups
2025-12-27 13:32:14.092 [JavaFX Application Thread] INFO  o.e.zalu.controller.ChatListManager - Received groups update: 2 groups
2025-12-27 13:32:14.305 [JavaFX Application Thread] INFO  o.e.zalu.controller.ChatListManager - Pre-fetched top 5 conversations in background
2025-12-27 13:32:14.305 [JavaFX Application Thread] INFO  o.e.zalu.controller.ChatListManager - Friend list refreshed with 6 friends and 2 groups
2025-12-27 13:32:14.305 [pool-2-thread-1] INFO  org.example.zalu.client.ChatClient - Gửi: GET_CONVERSATION|1|17
2025-12-27 13:32:14.306 [JavaFX Application Thread] INFO  o.e.zalu.controller.ChatListManager - Received groups update: 2 groups
2025-12-27 13:32:14.306 [pool-2-thread-1] INFO  org.example.zalu.client.ChatClient - Gửi: GET_CONVERSATION|1|22
2025-12-27 13:32:14.306 [pool-2-thread-1] INFO  org.example.zalu.client.ChatClient - Gửi: GET_GROUP_CONVERSATION|1|1
2025-12-27 13:32:14.307 [pool-2-thread-1] INFO  org.example.zalu.client.ChatClient - Gửi: GET_CONVERSATION|1|2
2025-12-27 13:32:14.307 [pool-2-thread-1] INFO  org.example.zalu.client.ChatClient - Gửi: GET_GROUP_CONVERSATION|1|2
2025-12-27 13:32:14.330 [JavaFX Application Thread] INFO  o.e.zalu.controller.ChatListManager - Pre-fetched top 5 conversations in background
2025-12-27 13:32:14.331 [JavaFX Application Thread] INFO  o.e.zalu.controller.ChatListManager - Friend list refreshed with 6 friends and 2 groups
2025-12-27 13:32:14.330 [pool-2-thread-1] INFO  org.example.zalu.client.ChatClient - Gửi: GET_CONVERSATION|1|17
2025-12-27 13:32:14.332 [pool-2-thread-1] INFO  org.example.zalu.client.ChatClient - Gửi: GET_CONVERSATION|1|22
2025-12-27 13:32:14.332 [pool-2-thread-1] INFO  org.example.zalu.client.ChatClient - Gửi: GET_GROUP_CONVERSATION|1|1
2025-12-27 13:32:14.333 [pool-2-thread-1] INFO  org.example.zalu.client.ChatClient - Gửi: GET_CONVERSATION|1|2
2025-12-27 13:32:14.333 [pool-2-thread-1] INFO  org.example.zalu.client.ChatClient - Gửi: GET_GROUP_CONVERSATION|1|2
2025-12-27 13:32:14.353 [Global-Listener] INFO  o.e.zalu.client.ChatEventManager - Caching history for chatId 17: 17 messages
2025-12-27 13:32:14.464 [Global-Listener] INFO  org.example.zalu.client.ClientCache - Client cache saved to disk.
2025-12-27 13:32:14.566 [Global-Listener] INFO  o.e.zalu.client.ChatEventManager - Caching history for chatId 22: 36 messages
2025-12-27 13:32:14.621 [Global-Listener] INFO  org.example.zalu.client.ClientCache - Client cache saved to disk.
2025-12-27 13:32:14.624 [Global-Listener] INFO  o.e.zalu.client.ChatEventManager - Caching history for chatId -1: 7 messages
2025-12-27 13:32:14.680 [Global-Listener] INFO  org.example.zalu.client.ClientCache - Client cache saved to disk.
2025-12-27 13:32:14.687 [Global-Listener] INFO  o.e.zalu.client.ChatEventManager - Caching history for chatId 2: 28 messages
2025-12-27 13:32:14.733 [Global-Listener] INFO  org.example.zalu.client.ClientCache - Client cache saved to disk.
2025-12-27 13:32:14.738 [Global-Listener] INFO  o.e.zalu.client.ChatEventManager - Caching history for chatId -2: 16 messages
2025-12-27 13:32:14.788 [Global-Listener] INFO  org.example.zalu.client.ClientCache - Client cache saved to disk.
2025-12-27 13:32:14.796 [Global-Listener] INFO  o.e.zalu.client.ChatEventManager - Caching history for chatId 17: 17 messages
2025-12-27 13:32:14.844 [Global-Listener] INFO  org.example.zalu.client.ClientCache - Client cache saved to disk.
2025-12-27 13:32:14.885 [Global-Listener] INFO  o.e.zalu.client.ChatEventManager - Caching history for chatId 22: 36 messages
2025-12-27 13:32:14.936 [Global-Listener] INFO  org.example.zalu.client.ClientCache - Client cache saved to disk.
2025-12-27 13:32:14.938 [Global-Listener] INFO  o.e.zalu.client.ChatEventManager - Caching history for chatId -1: 7 messages
2025-12-27 13:32:14.984 [Global-Listener] INFO  org.example.zalu.client.ClientCache - Client cache saved to disk.
2025-12-27 13:32:14.991 [Global-Listener] INFO  o.e.zalu.client.ChatEventManager - Caching history for chatId 2: 28 messages
2025-12-27 13:32:15.027 [Global-Listener] INFO  org.example.zalu.client.ClientCache - Client cache saved to disk.
2025-12-27 13:32:15.062 [Global-Listener] INFO  o.e.zalu.client.ChatEventManager - Caching history for chatId -2: 16 messages
2025-12-27 13:32:15.096 [Global-Listener] INFO  org.example.zalu.client.ClientCache - Client cache saved to disk.
2025-12-27 13:34:15.148 [Global-Listener] WARN  org.example.zalu.client.ChatClient - Mất kết nối bất ngờ → thử reconnect...
2025-12-27 13:34:15.203 [JavaFX Application Thread] INFO  org.example.zalu.client.ChatClient - Đang thử kết nối lại...
2025-12-27 13:34:15.262 [JavaFX Application Thread] INFO  org.example.zalu.client.ChatClient - === Đang kết nối đến Server ===
2025-12-27 13:34:15.227 [Thread-13] INFO  o.example.zalu.server.ClientHandler - Server: Client 1 đã đóng kết nối (EOF)
2025-12-27 13:34:15.266 [Thread-13] INFO  o.example.zalu.server.ClientHandler - User 1 đã thoát
2025-12-27 13:34:15.264 [JavaFX Application Thread] INFO  org.example.zalu.client.ChatClient - Server Address: 10.219.179.108
2025-12-27 13:34:15.268 [JavaFX Application Thread] INFO  org.example.zalu.client.ChatClient - Server Port: 5000
2025-12-27 13:34:15.306 [Thread-5] INFO  org.example.zalu.server.ChatServer - ✅ Client mới kết nối: /10.219.179.108
2025-12-27 13:34:15.336 [JavaFX Application Thread] INFO  org.example.zalu.client.ChatClient - === ✓ Kết nối thành công ===
2025-12-27 13:34:15.336 [JavaFX Application Thread] INFO  org.example.zalu.client.ChatClient - Connected to: 10.219.179.108:5000
2025-12-27 13:34:15.336 [JavaFX Application Thread] INFO  org.example.zalu.client.ChatClient - Socket timeout: 120s
2025-12-27 13:34:15.338 [JavaFX Application Thread] INFO  org.example.zalu.client.ChatClient - Buffer size: 2MB
2025-12-27 13:34:15.338 [JavaFX Application Thread] INFO  org.example.zalu.client.ChatClient - ✓ Kết nối lại thành công sau 1 lần thử!
2025-12-27 13:34:15.363 [JavaFX Application Thread] INFO  org.example.zalu.client.ChatClient - Đã gửi yêu cầu khôi phục session cho userId=1
2025-12-27 13:34:15.362 [Global-Listener] INFO  org.example.zalu.client.ChatClient - Global listener đã khởi động
2025-12-27 13:34:15.401 [Thread-14] INFO  o.example.zalu.server.ClientHandler - Khôi phục session thành công cho userId 1
2025-12-27 13:34:15.409 [Global-Listener] INFO  o.e.zalu.client.ChatEventManager - Received string message: RESUME_SESSION|OK
2025-12-27 13:34:15.412 [Global-Listener] INFO  o.e.zalu.client.ChatEventManager - ✓ Khôi phục session thành công, yêu cầu tải lại nhóm
2025-12-27 13:34:15.427 [Global-Listener] INFO  o.e.zalu.client.ChatEventManager - Received string message: FRIENDS_UPDATE
2025-12-27 13:34:15.435 [Global-Listener] WARN  o.e.zalu.client.ChatEventManager - Unknown event type: java.lang.String
2025-12-27 13:34:15.435 [pool-2-thread-1] INFO  org.example.zalu.client.ChatClient - Gửi: GET_GROUPS|1
2025-12-27 13:34:15.436 [Global-Listener] INFO  o.e.zalu.client.ChatEventManager - Received string message: GROUPS_UPDATE
2025-12-27 13:34:15.441 [Global-Listener] WARN  o.e.zalu.client.ChatEventManager - Unknown event type: java.lang.String
2025-12-27 13:34:15.441 [pool-2-thread-1] INFO  org.example.zalu.client.ChatClient - Gửi: GET_GROUPS|1
2025-12-27 13:34:15.488 [Global-Listener] INFO  o.e.zalu.client.ChatEventManager - Received List<GroupInfo>: 2 groups
2025-12-27 13:34:15.488 [Global-Listener] INFO  o.e.zalu.client.ChatEventManager - Received List<GroupInfo>: 2 groups
2025-12-27 13:34:15.496 [JavaFX Application Thread] INFO  o.e.zalu.controller.ChatListManager - Received groups update: 2 groups
2025-12-27 13:34:15.711 [JavaFX Application Thread] INFO  o.e.zalu.controller.ChatListManager - Pre-fetched top 5 conversations in background
2025-12-27 13:34:15.712 [JavaFX Application Thread] INFO  o.e.zalu.controller.ChatListManager - Friend list refreshed with 6 friends and 2 groups
2025-12-27 13:34:15.712 [pool-2-thread-1] INFO  org.example.zalu.client.ChatClient - Gửi: GET_CONVERSATION|1|17
2025-12-27 13:34:15.714 [JavaFX Application Thread] INFO  o.e.zalu.controller.ChatListManager - Received groups update: 2 groups
2025-12-27 13:34:15.714 [pool-2-thread-1] INFO  org.example.zalu.client.ChatClient - Gửi: GET_CONVERSATION|1|22
2025-12-27 13:34:15.715 [pool-2-thread-1] INFO  org.example.zalu.client.ChatClient - Gửi: GET_GROUP_CONVERSATION|1|1
2025-12-27 13:34:15.717 [pool-2-thread-1] INFO  org.example.zalu.client.ChatClient - Gửi: GET_CONVERSATION|1|2
2025-12-27 13:34:15.717 [pool-2-thread-1] INFO  org.example.zalu.client.ChatClient - Gửi: GET_GROUP_CONVERSATION|1|2
2025-12-27 13:34:15.751 [JavaFX Application Thread] INFO  o.e.zalu.controller.ChatListManager - Pre-fetched top 5 conversations in background
2025-12-27 13:34:15.753 [pool-2-thread-1] INFO  org.example.zalu.client.ChatClient - Gửi: GET_CONVERSATION|1|17
2025-12-27 13:34:15.753 [JavaFX Application Thread] INFO  o.e.zalu.controller.ChatListManager - Friend list refreshed with 6 friends and 2 groups
2025-12-27 13:34:15.754 [pool-2-thread-1] INFO  org.example.zalu.client.ChatClient - Gửi: GET_CONVERSATION|1|22
2025-12-27 13:34:15.756 [pool-2-thread-1] INFO  org.example.zalu.client.ChatClient - Gửi: GET_GROUP_CONVERSATION|1|1
2025-12-27 13:34:15.759 [pool-2-thread-1] INFO  org.example.zalu.client.ChatClient - Gửi: GET_CONVERSATION|1|2
2025-12-27 13:34:15.760 [pool-2-thread-1] INFO  org.example.zalu.client.ChatClient - Gửi: GET_GROUP_CONVERSATION|1|2
2025-12-27 13:34:15.784 [Global-Listener] INFO  o.e.zalu.client.ChatEventManager - Caching history for chatId 17: 17 messages
2025-12-27 13:34:15.900 [Global-Listener] INFO  org.example.zalu.client.ClientCache - Client cache saved to disk.
2025-12-27 13:34:16.072 [Global-Listener] INFO  o.e.zalu.client.ChatEventManager - Caching history for chatId 22: 36 messages
2025-12-27 13:34:16.108 [Global-Listener] INFO  org.example.zalu.client.ClientCache - Client cache saved to disk.
2025-12-27 13:34:16.109 [Global-Listener] INFO  o.e.zalu.client.ChatEventManager - Caching history for chatId -1: 7 messages
2025-12-27 13:34:16.142 [Global-Listener] INFO  org.example.zalu.client.ClientCache - Client cache saved to disk.
2025-12-27 13:34:16.145 [Global-Listener] INFO  o.e.zalu.client.ChatEventManager - Caching history for chatId 2: 28 messages
2025-12-27 13:34:16.183 [Global-Listener] INFO  org.example.zalu.client.ClientCache - Client cache saved to disk.
2025-12-27 13:34:16.188 [Global-Listener] INFO  o.e.zalu.client.ChatEventManager - Caching history for chatId -2: 16 messages
2025-12-27 13:34:16.221 [Global-Listener] INFO  org.example.zalu.client.ClientCache - Client cache saved to disk.
2025-12-27 13:34:16.225 [Global-Listener] INFO  o.e.zalu.client.ChatEventManager - Caching history for chatId 17: 17 messages
2025-12-27 13:34:16.261 [Global-Listener] INFO  org.example.zalu.client.ClientCache - Client cache saved to disk.
2025-12-27 13:34:16.280 [Global-Listener] INFO  o.e.zalu.client.ChatEventManager - Caching history for chatId 22: 36 messages
2025-12-27 13:34:16.314 [Global-Listener] INFO  org.example.zalu.client.ClientCache - Client cache saved to disk.
2025-12-27 13:34:16.315 [Global-Listener] INFO  o.e.zalu.client.ChatEventManager - Caching history for chatId -1: 7 messages
2025-12-27 13:34:16.343 [Global-Listener] INFO  org.example.zalu.client.ClientCache - Client cache saved to disk.
2025-12-27 13:34:16.345 [Global-Listener] INFO  o.e.zalu.client.ChatEventManager - Caching history for chatId 2: 28 messages
2025-12-27 13:34:16.376 [Global-Listener] INFO  org.example.zalu.client.ClientCache - Client cache saved to disk.
2025-12-27 13:34:16.377 [Global-Listener] INFO  o.e.zalu.client.ChatEventManager - Caching history for chatId -2: 16 messages
2025-12-27 13:34:16.405 [Global-Listener] INFO  org.example.zalu.client.ClientCache - Client cache saved to disk.
2025-12-27 13:36:16.453 [Global-Listener] WARN  org.example.zalu.client.ChatClient - Mất kết nối bất ngờ → thử reconnect...
2025-12-27 13:36:16.510 [JavaFX Application Thread] INFO  org.example.zalu.client.ChatClient - Đang thử kết nối lại...
2025-12-27 13:36:16.523 [JavaFX Application Thread] INFO  org.example.zalu.client.ChatClient - === Đang kết nối đến Server ===
2025-12-27 13:36:16.525 [JavaFX Application Thread] INFO  org.example.zalu.client.ChatClient - Server Address: 10.219.179.108
2025-12-27 13:36:16.528 [JavaFX Application Thread] INFO  org.example.zalu.client.ChatClient - Server Port: 5000
2025-12-27 13:36:16.521 [Thread-14] INFO  o.example.zalu.server.ClientHandler - Server: Client 1 đã đóng kết nối (EOF)
2025-12-27 13:36:16.538 [Thread-14] INFO  o.example.zalu.server.ClientHandler - User 1 đã thoát
2025-12-27 13:36:16.541 [Thread-5] INFO  org.example.zalu.server.ChatServer - ✅ Client mới kết nối: /10.219.179.108
2025-12-27 13:36:16.550 [JavaFX Application Thread] INFO  org.example.zalu.client.ChatClient - === ✓ Kết nối thành công ===
2025-12-27 13:36:16.552 [JavaFX Application Thread] INFO  org.example.zalu.client.ChatClient - Connected to: 10.219.179.108:5000
2025-12-27 13:36:16.552 [JavaFX Application Thread] INFO  org.example.zalu.client.ChatClient - Socket timeout: 120s
2025-12-27 13:36:16.552 [JavaFX Application Thread] INFO  org.example.zalu.client.ChatClient - Buffer size: 2MB
2025-12-27 13:36:16.552 [JavaFX Application Thread] INFO  org.example.zalu.client.ChatClient - ✓ Kết nối lại thành công sau 1 lần thử!
2025-12-27 13:36:16.556 [JavaFX Application Thread] INFO  org.example.zalu.client.ChatClient - Đã gửi yêu cầu khôi phục session cho userId=1
2025-12-27 13:36:16.559 [Global-Listener] INFO  org.example.zalu.client.ChatClient - Global listener đã khởi động
2025-12-27 13:36:16.578 [Thread-15] INFO  o.example.zalu.server.ClientHandler - Khôi phục session thành công cho userId 1
2025-12-27 13:36:16.578 [Global-Listener] INFO  o.e.zalu.client.ChatEventManager - Received string message: RESUME_SESSION|OK
2025-12-27 13:36:16.581 [Global-Listener] INFO  o.e.zalu.client.ChatEventManager - ✓ Khôi phục session thành công, yêu cầu tải lại nhóm
2025-12-27 13:36:16.581 [Global-Listener] INFO  o.e.zalu.client.ChatEventManager - Received string message: FRIENDS_UPDATE
2025-12-27 13:36:16.581 [Global-Listener] WARN  o.e.zalu.client.ChatEventManager - Unknown event type: java.lang.String
2025-12-27 13:36:16.586 [pool-2-thread-1] INFO  org.example.zalu.client.ChatClient - Gửi: GET_GROUPS|1
2025-12-27 13:36:16.586 [Global-Listener] INFO  o.e.zalu.client.ChatEventManager - Received string message: GROUPS_UPDATE
2025-12-27 13:36:16.600 [Global-Listener] WARN  o.e.zalu.client.ChatEventManager - Unknown event type: java.lang.String
2025-12-27 13:36:16.601 [pool-2-thread-1] INFO  org.example.zalu.client.ChatClient - Gửi: GET_GROUPS|1
2025-12-27 13:36:16.616 [Global-Listener] INFO  o.e.zalu.client.ChatEventManager - Received List<GroupInfo>: 2 groups
2025-12-27 13:36:16.616 [Global-Listener] INFO  o.e.zalu.client.ChatEventManager - Received List<GroupInfo>: 2 groups
2025-12-27 13:36:16.621 [JavaFX Application Thread] INFO  o.e.zalu.controller.ChatListManager - Received groups update: 2 groups
2025-12-27 13:36:16.738 [JavaFX Application Thread] INFO  o.e.zalu.controller.ChatListManager - Pre-fetched top 5 conversations in background
2025-12-27 13:36:16.738 [pool-2-thread-1] INFO  org.example.zalu.client.ChatClient - Gửi: GET_CONVERSATION|1|17
2025-12-27 13:36:16.738 [JavaFX Application Thread] INFO  o.e.zalu.controller.ChatListManager - Friend list refreshed with 6 friends and 2 groups
2025-12-27 13:36:16.740 [JavaFX Application Thread] INFO  o.e.zalu.controller.ChatListManager - Received groups update: 2 groups
2025-12-27 13:36:16.740 [pool-2-thread-1] INFO  org.example.zalu.client.ChatClient - Gửi: GET_CONVERSATION|1|22
2025-12-27 13:36:16.741 [pool-2-thread-1] INFO  org.example.zalu.client.ChatClient - Gửi: GET_GROUP_CONVERSATION|1|1
2025-12-27 13:36:16.742 [pool-2-thread-1] INFO  org.example.zalu.client.ChatClient - Gửi: GET_CONVERSATION|1|2
2025-12-27 13:36:16.743 [pool-2-thread-1] INFO  org.example.zalu.client.ChatClient - Gửi: GET_GROUP_CONVERSATION|1|2
2025-12-27 13:36:16.764 [JavaFX Application Thread] INFO  o.e.zalu.controller.ChatListManager - Pre-fetched top 5 conversations in background
2025-12-27 13:36:16.764 [pool-2-thread-1] INFO  org.example.zalu.client.ChatClient - Gửi: GET_CONVERSATION|1|17
2025-12-27 13:36:16.764 [JavaFX Application Thread] INFO  o.e.zalu.controller.ChatListManager - Friend list refreshed with 6 friends and 2 groups
2025-12-27 13:36:16.766 [pool-2-thread-1] INFO  org.example.zalu.client.ChatClient - Gửi: GET_CONVERSATION|1|22
2025-12-27 13:36:16.768 [pool-2-thread-1] INFO  org.example.zalu.client.ChatClient - Gửi: GET_GROUP_CONVERSATION|1|1
2025-12-27 13:36:16.769 [pool-2-thread-1] INFO  org.example.zalu.client.ChatClient - Gửi: GET_CONVERSATION|1|2
2025-12-27 13:36:16.769 [pool-2-thread-1] INFO  org.example.zalu.client.ChatClient - Gửi: GET_GROUP_CONVERSATION|1|2
2025-12-27 13:36:16.790 [Global-Listener] INFO  o.e.zalu.client.ChatEventManager - Caching history for chatId 17: 17 messages
2025-12-27 13:36:16.877 [Global-Listener] INFO  org.example.zalu.client.ClientCache - Client cache saved to disk.
2025-12-27 13:36:16.995 [Global-Listener] INFO  o.e.zalu.client.ChatEventManager - Caching history for chatId 22: 36 messages
2025-12-27 13:36:17.032 [Global-Listener] INFO  org.example.zalu.client.ClientCache - Client cache saved to disk.
2025-12-27 13:36:17.034 [Global-Listener] INFO  o.e.zalu.client.ChatEventManager - Caching history for chatId -1: 7 messages
2025-12-27 13:36:17.068 [Global-Listener] INFO  org.example.zalu.client.ClientCache - Client cache saved to disk.
2025-12-27 13:36:17.070 [Global-Listener] INFO  o.e.zalu.client.ChatEventManager - Caching history for chatId 2: 28 messages
2025-12-27 13:36:17.101 [Global-Listener] INFO  org.example.zalu.client.ClientCache - Client cache saved to disk.
2025-12-27 13:36:17.106 [Global-Listener] INFO  o.e.zalu.client.ChatEventManager - Caching history for chatId -2: 16 messages
2025-12-27 13:36:17.141 [Global-Listener] INFO  org.example.zalu.client.ClientCache - Client cache saved to disk.
2025-12-27 13:36:17.145 [Global-Listener] INFO  o.e.zalu.client.ChatEventManager - Caching history for chatId 17: 17 messages
2025-12-27 13:36:17.180 [Global-Listener] INFO  org.example.zalu.client.ClientCache - Client cache saved to disk.
2025-12-27 13:36:17.205 [Global-Listener] INFO  o.e.zalu.client.ChatEventManager - Caching history for chatId 22: 36 messages
2025-12-27 13:36:17.248 [Global-Listener] INFO  org.example.zalu.client.ClientCache - Client cache saved to disk.
2025-12-27 13:36:17.251 [Global-Listener] INFO  o.e.zalu.client.ChatEventManager - Caching history for chatId -1: 7 messages
2025-12-27 13:36:17.316 [Global-Listener] INFO  org.example.zalu.client.ClientCache - Client cache saved to disk.
2025-12-27 13:36:17.319 [Global-Listener] INFO  o.e.zalu.client.ChatEventManager - Caching history for chatId 2: 28 messages
2025-12-27 13:36:17.368 [Global-Listener] INFO  org.example.zalu.client.ClientCache - Client cache saved to disk.
2025-12-27 13:36:17.373 [Global-Listener] INFO  o.e.zalu.client.ChatEventManager - Caching history for chatId -2: 16 messages
2025-12-27 13:36:17.419 [Global-Listener] INFO  org.example.zalu.client.ClientCache - Client cache saved to disk.
2025-12-27 13:38:17.459 [Global-Listener] WARN  org.example.zalu.client.ChatClient - Mất kết nối bất ngờ → thử reconnect...
2025-12-27 13:38:17.512 [JavaFX Application Thread] INFO  org.example.zalu.client.ChatClient - Đang thử kết nối lại...
2025-12-27 13:38:17.522 [JavaFX Application Thread] INFO  org.example.zalu.client.ChatClient - === Đang kết nối đến Server ===
2025-12-27 13:38:17.522 [JavaFX Application Thread] INFO  org.example.zalu.client.ChatClient - Server Address: 10.219.179.108
2025-12-27 13:38:17.527 [JavaFX Application Thread] INFO  org.example.zalu.client.ChatClient - Server Port: 5000
2025-12-27 13:38:17.545 [Thread-5] INFO  org.example.zalu.server.ChatServer - ✅ Client mới kết nối: /10.219.179.108
2025-12-27 13:38:17.521 [Thread-15] INFO  o.example.zalu.server.ClientHandler - Server: Client 1 đã đóng kết nối (EOF)
2025-12-27 13:38:17.563 [Thread-15] INFO  o.example.zalu.server.ClientHandler - User 1 đã thoát
2025-12-27 13:38:17.587 [JavaFX Application Thread] INFO  org.example.zalu.client.ChatClient - === ✓ Kết nối thành công ===
2025-12-27 13:38:17.587 [JavaFX Application Thread] INFO  org.example.zalu.client.ChatClient - Connected to: 10.219.179.108:5000
2025-12-27 13:38:17.588 [JavaFX Application Thread] INFO  org.example.zalu.client.ChatClient - Socket timeout: 120s
2025-12-27 13:38:17.588 [JavaFX Application Thread] INFO  org.example.zalu.client.ChatClient - Buffer size: 2MB
2025-12-27 13:38:17.588 [JavaFX Application Thread] INFO  org.example.zalu.client.ChatClient - ✓ Kết nối lại thành công sau 1 lần thử!
2025-12-27 13:38:17.592 [JavaFX Application Thread] INFO  org.example.zalu.client.ChatClient - Đã gửi yêu cầu khôi phục session cho userId=1
2025-12-27 13:38:17.593 [Global-Listener] INFO  org.example.zalu.client.ChatClient - Global listener đã khởi động
2025-12-27 13:38:17.607 [Thread-16] INFO  o.example.zalu.server.ClientHandler - Khôi phục session thành công cho userId 1
2025-12-27 13:38:17.609 [Global-Listener] INFO  o.e.zalu.client.ChatEventManager - Received string message: RESUME_SESSION|OK
2025-12-27 13:38:17.609 [Global-Listener] INFO  o.e.zalu.client.ChatEventManager - ✓ Khôi phục session thành công, yêu cầu tải lại nhóm
2025-12-27 13:38:17.611 [Global-Listener] INFO  o.e.zalu.client.ChatEventManager - Received string message: FRIENDS_UPDATE
2025-12-27 13:38:17.611 [Global-Listener] WARN  o.e.zalu.client.ChatEventManager - Unknown event type: java.lang.String
2025-12-27 13:38:17.611 [Global-Listener] INFO  o.e.zalu.client.ChatEventManager - Received string message: GROUPS_UPDATE
2025-12-27 13:38:17.611 [Global-Listener] WARN  o.e.zalu.client.ChatEventManager - Unknown event type: java.lang.String
2025-12-27 13:38:17.611 [pool-2-thread-1] INFO  org.example.zalu.client.ChatClient - Gửi: GET_GROUPS|1
2025-12-27 13:38:17.614 [pool-2-thread-1] INFO  org.example.zalu.client.ChatClient - Gửi: GET_GROUPS|1
2025-12-27 13:38:17.630 [Global-Listener] INFO  o.e.zalu.client.ChatEventManager - Received List<GroupInfo>: 2 groups
2025-12-27 13:38:17.630 [Global-Listener] INFO  o.e.zalu.client.ChatEventManager - Received List<GroupInfo>: 2 groups
2025-12-27 13:38:17.632 [JavaFX Application Thread] INFO  o.e.zalu.controller.ChatListManager - Received groups update: 2 groups
2025-12-27 13:38:17.718 [JavaFX Application Thread] INFO  o.e.zalu.controller.ChatListManager - Pre-fetched top 5 conversations in background
2025-12-27 13:38:17.719 [JavaFX Application Thread] INFO  o.e.zalu.controller.ChatListManager - Friend list refreshed with 6 friends and 2 groups
2025-12-27 13:38:17.718 [pool-2-thread-1] INFO  org.example.zalu.client.ChatClient - Gửi: GET_CONVERSATION|1|17
2025-12-27 13:38:17.719 [JavaFX Application Thread] INFO  o.e.zalu.controller.ChatListManager - Received groups update: 2 groups
2025-12-27 13:38:17.719 [pool-2-thread-1] INFO  org.example.zalu.client.ChatClient - Gửi: GET_CONVERSATION|1|22
2025-12-27 13:38:17.719 [pool-2-thread-1] INFO  org.example.zalu.client.ChatClient - Gửi: GET_GROUP_CONVERSATION|1|1
2025-12-27 13:38:17.719 [pool-2-thread-1] INFO  org.example.zalu.client.ChatClient - Gửi: GET_CONVERSATION|1|2
2025-12-27 13:38:17.719 [pool-2-thread-1] INFO  org.example.zalu.client.ChatClient - Gửi: GET_GROUP_CONVERSATION|1|2
2025-12-27 13:38:17.740 [JavaFX Application Thread] INFO  o.e.zalu.controller.ChatListManager - Pre-fetched top 5 conversations in background
2025-12-27 13:38:17.740 [pool-2-thread-1] INFO  org.example.zalu.client.ChatClient - Gửi: GET_CONVERSATION|1|17
2025-12-27 13:38:17.740 [JavaFX Application Thread] INFO  o.e.zalu.controller.ChatListManager - Friend list refreshed with 6 friends and 2 groups
2025-12-27 13:38:17.740 [pool-2-thread-1] INFO  org.example.zalu.client.ChatClient - Gửi: GET_CONVERSATION|1|22
2025-12-27 13:38:17.740 [pool-2-thread-1] INFO  org.example.zalu.client.ChatClient - Gửi: GET_GROUP_CONVERSATION|1|1
2025-12-27 13:38:17.740 [pool-2-thread-1] INFO  org.example.zalu.client.ChatClient - Gửi: GET_CONVERSATION|1|2
2025-12-27 13:38:17.743 [pool-2-thread-1] INFO  org.example.zalu.client.ChatClient - Gửi: GET_GROUP_CONVERSATION|1|2
2025-12-27 13:38:17.743 [Global-Listener] INFO  o.e.zalu.client.ChatEventManager - Caching history for chatId 17: 17 messages
2025-12-27 13:38:17.800 [Global-Listener] INFO  org.example.zalu.client.ClientCache - Client cache saved to disk.
2025-12-27 13:38:17.864 [Global-Listener] INFO  o.e.zalu.client.ChatEventManager - Caching history for chatId 22: 36 messages
2025-12-27 13:38:17.895 [Global-Listener] INFO  org.example.zalu.client.ClientCache - Client cache saved to disk.
2025-12-27 13:38:17.896 [Global-Listener] INFO  o.e.zalu.client.ChatEventManager - Caching history for chatId -1: 7 messages
2025-12-27 13:38:17.927 [Global-Listener] INFO  org.example.zalu.client.ClientCache - Client cache saved to disk.
2025-12-27 13:38:17.930 [Global-Listener] INFO  o.e.zalu.client.ChatEventManager - Caching history for chatId 2: 28 messages
2025-12-27 13:38:17.961 [Global-Listener] INFO  org.example.zalu.client.ClientCache - Client cache saved to disk.
2025-12-27 13:38:17.975 [Global-Listener] INFO  o.e.zalu.client.ChatEventManager - Caching history for chatId -2: 16 messages
2025-12-27 13:38:18.011 [Global-Listener] INFO  org.example.zalu.client.ClientCache - Client cache saved to disk.
2025-12-27 13:38:18.022 [Global-Listener] INFO  o.e.zalu.client.ChatEventManager - Caching history for chatId 17: 17 messages
2025-12-27 13:38:18.073 [Global-Listener] INFO  org.example.zalu.client.ClientCache - Client cache saved to disk.
2025-12-27 13:38:18.107 [Global-Listener] INFO  o.e.zalu.client.ChatEventManager - Caching history for chatId 22: 36 messages
2025-12-27 13:38:18.144 [Global-Listener] INFO  org.example.zalu.client.ClientCache - Client cache saved to disk.
2025-12-27 13:38:18.145 [Global-Listener] INFO  o.e.zalu.client.ChatEventManager - Caching history for chatId -1: 7 messages
2025-12-27 13:38:18.175 [Global-Listener] INFO  org.example.zalu.client.ClientCache - Client cache saved to disk.
2025-12-27 13:38:18.178 [Global-Listener] INFO  o.e.zalu.client.ChatEventManager - Caching history for chatId 2: 28 messages
2025-12-27 13:38:18.218 [Global-Listener] INFO  org.example.zalu.client.ClientCache - Client cache saved to disk.
2025-12-27 13:38:18.223 [Global-Listener] INFO  o.e.zalu.client.ChatEventManager - Caching history for chatId -2: 16 messages
2025-12-27 13:38:18.272 [Global-Listener] INFO  org.example.zalu.client.ClientCache - Client cache saved to disk.
2025-12-27 13:39:37.234 [Thread-16] INFO  o.example.zalu.server.ClientHandler - Server: Client 1 đã đóng kết nối (Socket): Connection reset
2025-12-27 13:39:37.238 [Thread-16] INFO  o.example.zalu.server.ClientHandler - User 1 đã thoát
2025-12-27 13:39:39.149 [JavaFX Application Thread] INFO  org.example.zalu.ZaluApplication - === Khởi động Zalu Client ===
2025-12-27 13:39:39.150 [JavaFX Application Thread] INFO  org.example.zalu.ZaluApplication - ⚠ License check đã bị vô hiệu hóa – dùng cho môi trường phát triển.
2025-12-27 13:39:39.151 [JavaFX Application Thread] INFO  org.example.zalu.ZaluApplication - ℹ Sẽ tìm kiếm server tự động qua UDP Discovery...
2025-12-27 13:39:39.594 [JavaFX Application Thread] INFO  o.e.z.c.auth.LoginController - === Khởi động Auto-Discovery ===
2025-12-27 13:39:39.597 [ServerDiscovery-Thread] INFO  o.e.z.c.auth.LoginController - Bắt đầu quá trình tìm kiếm server tự động...
2025-12-27 13:39:39.600 [ServerDiscovery-Thread] INFO  o.e.z.client.ServerDiscoveryClient - === Bắt đầu tìm kiếm Server trong mạng LAN ===
2025-12-27 13:39:39.602 [ServerDiscovery-Thread] INFO  o.e.z.client.ServerDiscoveryClient - Discovery Port: 8888
2025-12-27 13:39:39.603 [ServerDiscovery-Thread] INFO  o.e.z.client.ServerDiscoveryClient - Timeout: 3000ms
2025-12-27 13:39:39.621 [ServerDiscovery-Thread] INFO  o.e.z.client.ServerDiscoveryClient - ✓ UDP Socket đã khởi tạo
2025-12-27 13:39:39.622 [ServerDiscovery-Thread] INFO  o.e.z.client.ServerDiscoveryClient - ✓ Broadcast mode: ENABLED
2025-12-27 13:39:39.622 [ServerDiscovery-Thread] INFO  o.e.z.client.ServerDiscoveryClient - ✓ Timeout: 3000ms
2025-12-27 13:39:39.626 [ServerDiscovery-Thread] INFO  o.e.z.client.ServerDiscoveryClient - >>> [Broadcast #1] Sent to 255.255.255.255:8888
2025-12-27 13:39:39.627 [ServerDiscovery-Thread] INFO  o.e.z.client.ServerDiscoveryClient - Đang quét các network interfaces...
2025-12-27 13:39:39.634 [Discovery-Listener] INFO  o.e.z.server.ServerDiscoveryListener - >>> [Request #13] Discovery request từ 10.219.179.108:54406
2025-12-27 13:39:39.635 [ServerDiscovery-Thread] INFO  o.e.z.client.ServerDiscoveryClient -   [Interface #1] WAN Miniport (IP)-WFP Native MAC Layer LightWeight Filter-0000 - ACTIVE
2025-12-27 13:39:39.636 [ServerDiscovery-Thread] INFO  o.e.z.client.ServerDiscoveryClient -   [Interface #2] WAN Miniport (IP)-QoS Packet Scheduler-0000 - ACTIVE
2025-12-27 13:39:39.636 [ServerDiscovery-Thread] INFO  o.e.z.client.ServerDiscoveryClient -   [Interface #3] WAN Miniport (IPv6)-WFP Native MAC Layer LightWeight Filter-0000 - ACTIVE
2025-12-27 13:39:39.636 [ServerDiscovery-Thread] INFO  o.e.z.client.ServerDiscoveryClient -   [Interface #4] WAN Miniport (IPv6)-QoS Packet Scheduler-0000 - ACTIVE
2025-12-27 13:39:39.638 [ServerDiscovery-Thread] INFO  o.e.z.client.ServerDiscoveryClient -   [Interface #5] WAN Miniport (Network Monitor)-WFP Native MAC Layer LightWeight Filter-0000 - ACTIVE
2025-12-27 13:39:39.638 [ServerDiscovery-Thread] INFO  o.e.z.client.ServerDiscoveryClient -   [Interface #6] WAN Miniport (Network Monitor)-QoS Packet Scheduler-0000 - ACTIVE
2025-12-27 13:39:39.638 [Discovery-Listener] INFO  o.e.z.server.ServerDiscoveryListener - <<< [Response #13] Đã gửi response tới 10.219.179.108:54406 - TCP Port: 5000
2025-12-27 13:39:39.639 [ServerDiscovery-Thread] INFO  o.e.z.client.ServerDiscoveryClient -   [Interface #8] WAN Miniport (IP) - ACTIVE
2025-12-27 13:39:39.641 [ServerDiscovery-Thread] INFO  o.e.z.client.ServerDiscoveryClient -   [Interface #9] WAN Miniport (IPv6) - ACTIVE
2025-12-27 13:39:39.642 [ServerDiscovery-Thread] INFO  o.e.z.client.ServerDiscoveryClient -   [Interface #10] WAN Miniport (Network Monitor) - ACTIVE
2025-12-27 13:39:39.644 [ServerDiscovery-Thread] INFO  o.e.z.client.ServerDiscoveryClient -   [Interface #14] Intel(R) Wi-Fi 6E AX211 160MHz-WFP Native MAC Layer LightWeight Filter-0000 - ACTIVE
2025-12-27 13:39:39.646 [ServerDiscovery-Thread] INFO  o.e.z.client.ServerDiscoveryClient -   [Interface #15] Intel(R) Wi-Fi 6E AX211 160MHz-Virtual WiFi Filter Driver-0000 - ACTIVE
2025-12-27 13:39:39.647 [ServerDiscovery-Thread] INFO  o.e.z.client.ServerDiscoveryClient -   [Interface #16] Intel(R) Wi-Fi 6E AX211 160MHz-Native WiFi Filter Driver-0000 - ACTIVE
2025-12-27 13:39:39.648 [ServerDiscovery-Thread] INFO  o.e.z.client.ServerDiscoveryClient -   [Interface #17] Intel(R) Wi-Fi 6E AX211 160MHz-QoS Packet Scheduler-0000 - ACTIVE
2025-12-27 13:39:39.649 [ServerDiscovery-Thread] INFO  o.e.z.client.ServerDiscoveryClient -   [Interface #18] Intel(R) Wi-Fi 6E AX211 160MHz-WFP 802.3 MAC Layer LightWeight Filter-0000 - ACTIVE
2025-12-27 13:39:39.650 [ServerDiscovery-Thread] INFO  o.e.z.client.ServerDiscoveryClient -   [Interface #27] Intel(R) Wi-Fi 6E AX211 160MHz - ACTIVE
2025-12-27 13:39:39.651 [Discovery-Listener] INFO  o.e.z.server.ServerDiscoveryListener - >>> [Request #14] Discovery request từ 10.219.179.108:54406
2025-12-27 13:39:39.651 [ServerDiscovery-Thread] INFO  o.e.z.client.ServerDiscoveryClient -     >>> [Broadcast #2] Sent to 10.219.179.255 (Intel(R) Wi-Fi 6E AX211 160MHz)
2025-12-27 13:39:39.651 [Discovery-Listener] INFO  o.e.z.server.ServerDiscoveryListener - <<< [Response #14] Đã gửi response tới 10.219.179.108:54406 - TCP Port: 5000
2025-12-27 13:39:39.654 [ServerDiscovery-Thread] INFO  o.e.z.client.ServerDiscoveryClient - ✓ Đã quét 36 network interfaces
2025-12-27 13:39:39.654 [ServerDiscovery-Thread] INFO  o.e.z.client.ServerDiscoveryClient - === Tổng số broadcast packets gửi đi: 2 ===
2025-12-27 13:39:39.654 [ServerDiscovery-Thread] INFO  o.e.z.client.ServerDiscoveryClient - Đang chờ nhận phản hồi từ server (timeout: 3000ms)...
2025-12-27 13:39:39.657 [ServerDiscovery-Thread] INFO  o.e.z.client.ServerDiscoveryClient - <<< Nhận phản hồi từ 10.219.179.108:8888 (1ms)
2025-12-27 13:39:39.658 [ServerDiscovery-Thread] INFO  o.e.z.client.ServerDiscoveryClient - === ✓ TÌM THẤY SERVER ===
2025-12-27 13:39:39.658 [ServerDiscovery-Thread] INFO  o.e.z.client.ServerDiscoveryClient - Server Address: 10.219.179.108
2025-12-27 13:39:39.659 [ServerDiscovery-Thread] INFO  o.e.z.client.ServerDiscoveryClient - TCP Port: 5000
2025-12-27 13:39:39.659 [ServerDiscovery-Thread] INFO  o.e.z.client.ServerDiscoveryClient - Response Time: 1ms
2025-12-27 13:39:40.292 [JavaFX Application Thread] INFO  org.example.zalu.ZaluApplication - ✓ Zalu Client đã khởi động thành công!
2025-12-27 13:39:40.293 [JavaFX Application Thread] INFO  org.example.zalu.ZaluApplication -    Kích thước cố định: 1200.0 x 777.0
2025-12-27 13:39:40.293 [JavaFX Application Thread] INFO  org.example.zalu.ZaluApplication -    UDP Auto-Discovery: ENABLED
2025-12-27 13:39:40.301 [JavaFX Application Thread] INFO  o.e.z.c.auth.LoginController - === ✓ Auto-Discovery Thành Công ===
2025-12-27 13:39:40.301 [JavaFX Application Thread] INFO  o.e.z.c.auth.LoginController - Server được tìm thấy: 10.219.179.108:5000
2025-12-27 13:39:40.301 [JavaFX Application Thread] INFO  o.e.z.c.auth.LoginController - Thời gian tìm kiếm: 62ms
2025-12-27 13:39:40.306 [JavaFX Application Thread] INFO  org.example.zalu.client.ChatClient - ✓ Đã đọc cấu hình từ server.properties: localhost:5000
2025-12-27 13:39:40.307 [JavaFX Application Thread] INFO  org.example.zalu.client.ChatClient - ℹ Sử dụng IP mặc định: localhost (để kết nối từ máy khác, cấu hình trong server.properties hoặc dùng -Dserver.address=IP)
2025-12-27 13:39:40.308 [JavaFX Application Thread] INFO  org.example.zalu.client.ChatClient - Đã cập nhật cấu hình server: 10.219.179.108:5000
2025-12-27 13:39:40.309 [JavaFX Application Thread] INFO  org.example.zalu.client.ChatClient - Đã ngắt kết nối sạch sẽ – không reconnect tự động
2025-12-27 13:39:40.312 [JavaFX Application Thread] INFO  o.e.z.c.auth.LoginController - Đã cấu hình ChatClient với server: 10.219.179.108:5000
2025-12-27 13:39:40.312 [JavaFX Application Thread] INFO  o.e.z.c.auth.LoginController - === Kết thúc Auto-Discovery ===
2025-12-27 13:39:45.868 [JavaFX Application Thread] INFO  org.example.zalu.client.ChatClient - Chưa kết nối server, đang thử kết nối...
2025-12-27 13:39:45.870 [JavaFX Application Thread] INFO  org.example.zalu.client.ChatClient - === Đang kết nối đến Server ===
2025-12-27 13:39:45.870 [JavaFX Application Thread] INFO  org.example.zalu.client.ChatClient - Server Address: 10.219.179.108
2025-12-27 13:39:45.871 [JavaFX Application Thread] INFO  org.example.zalu.client.ChatClient - Server Port: 5000
2025-12-27 13:39:45.885 [Thread-5] INFO  org.example.zalu.server.ChatServer - ✅ Client mới kết nối: /10.219.179.108
2025-12-27 13:39:45.896 [JavaFX Application Thread] INFO  org.example.zalu.client.ChatClient - === ✓ Kết nối thành công ===
2025-12-27 13:39:45.896 [JavaFX Application Thread] INFO  org.example.zalu.client.ChatClient - Connected to: 10.219.179.108:5000
2025-12-27 13:39:45.896 [JavaFX Application Thread] INFO  org.example.zalu.client.ChatClient - Socket timeout: 120s
2025-12-27 13:39:45.896 [JavaFX Application Thread] INFO  org.example.zalu.client.ChatClient - Buffer size: 2MB
2025-12-27 13:39:45.899 [Global-Listener] INFO  org.example.zalu.client.ChatClient - Global listener đã khởi động
2025-12-27 13:39:46.029 [pool-2-thread-1] INFO  org.example.zalu.client.ChatClient - Gửi: LOGIN_REQUEST|hylee|123456
2025-12-27 13:39:46.030 [Thread-17] INFO  o.example.zalu.server.ClientHandler - Server: Xử lý LOGIN_REQUEST: LOGIN_REQUEST|hylee|123456
2025-12-27 13:39:46.265 [Thread-17] INFO  o.example.zalu.server.ClientHandler - Server: Login thành công, gửi LOGIN_RESPONSE cho user 1
2025-12-27 13:39:46.271 [Global-Listener] INFO  o.e.zalu.client.ChatEventManager - Received string message: LOGIN_RESPONSE|SUCCESS|1
2025-12-27 13:39:46.272 [Global-Listener] INFO  o.e.zalu.client.ChatEventManager - ChatEventManager: Current userId set to 1
2025-12-27 13:39:46.277 [JavaFX Application Thread] INFO  o.e.z.c.auth.LoginController - Login successful for user: hylee
2025-12-27 13:39:46.285 [Global-Listener] INFO  o.e.zalu.client.ChatEventManager - Received List<Integer> #1: [2, 17, 22, 23, 24, 25] (friends, pending, or online users?)
2025-12-27 13:39:46.321 [Thread-17] INFO  o.example.zalu.server.ClientHandler - ✓ hylee (ID: 1) đăng nhập thành công
2025-12-27 13:39:46.332 [Global-Listener] INFO  o.e.zalu.client.ChatEventManager - Received 128 messages total, grouped into 8 conversations
2025-12-27 13:39:46.361 [Global-Listener] INFO  org.example.zalu.client.ClientCache - Client cache loaded from disk: 7 users, 9 conversations
2025-12-27 13:39:46.370 [JavaFX Application Thread] INFO  o.e.zalu.controller.MainController - DAOs and Managers initialized
2025-12-27 13:39:46.396 [Global-Listener] INFO  org.example.zalu.client.ClientCache - Client cache saved to disk.
2025-12-27 13:39:46.415 [Global-Listener] INFO  org.example.zalu.client.ClientCache - Client cache saved to disk.
2025-12-27 13:39:46.428 [Global-Listener] INFO  org.example.zalu.client.ClientCache - Client cache saved to disk.
2025-12-27 13:39:46.444 [Global-Listener] INFO  org.example.zalu.client.ClientCache - Client cache saved to disk.
2025-12-27 13:39:46.450 [Global-Listener] INFO  org.example.zalu.client.ClientCache - Client cache saved to disk.
2025-12-27 13:39:46.457 [Global-Listener] INFO  org.example.zalu.client.ClientCache - Client cache saved to disk.
2025-12-27 13:39:46.464 [Global-Listener] INFO  org.example.zalu.client.ClientCache - Client cache saved to disk.
2025-12-27 13:39:46.470 [Global-Listener] INFO  org.example.zalu.client.ClientCache - Client cache saved to disk.
2025-12-27 13:39:46.474 [Global-Listener] INFO  o.e.zalu.client.ChatEventManager - Received List<GroupInfo>: 2 groups
2025-12-27 13:39:46.475 [Global-Listener] INFO  o.e.zalu.client.ChatEventManager - Received List<Integer> #2: [1] (friends, pending, or online users?)
2025-12-27 13:39:46.499 [JavaFX Application Thread] INFO  o.e.zalu.controller.MainController - Sub-controllers loaded for the first time
2025-12-27 13:39:46.509 [JavaFX Application Thread] INFO  o.e.zalu.controller.MainController - Welcome view (welcome-view.fxml) displayed successfully
2025-12-27 13:39:46.509 [JavaFX Application Thread] INFO  o.e.zalu.controller.MainController - MainController stage set
2025-12-27 13:39:46.509 [JavaFX Application Thread] INFO  o.e.zalu.controller.MainController - MainController currentUserId set to: 1
2025-12-27 13:39:46.509 [JavaFX Application Thread] INFO  o.e.zalu.controller.ChatListManager - Refreshing friend list for userId: 1
2025-12-27 13:39:46.511 [pool-2-thread-1] INFO  org.example.zalu.client.ChatClient - Gửi: GET_FRIENDS_LIST_FULL|1
2025-12-27 13:39:46.511 [pool-2-thread-1] INFO  org.example.zalu.client.ChatClient - Gửi: GET_GROUPS|1
2025-12-27 13:39:46.511 [pool-2-thread-1] INFO  org.example.zalu.client.ChatClient - Gửi: GET_USER_BY_ID|1
2025-12-27 13:39:46.525 [Global-Listener] INFO  o.e.zalu.client.ChatEventManager - Received List<GroupInfo>: 2 groups
2025-12-27 13:39:46.914 [JavaFX Application Thread] INFO  o.e.zalu.controller.MainController - DAOs and Managers initialized
2025-12-27 13:39:46.953 [JavaFX Application Thread] INFO  o.e.zalu.controller.MainController - Sub-controllers loaded for the first time
2025-12-27 13:39:46.964 [JavaFX Application Thread] INFO  o.e.zalu.controller.MainController - Welcome view (welcome-view.fxml) displayed successfully
2025-12-27 13:39:46.964 [JavaFX Application Thread] INFO  o.e.zalu.controller.MainController - MainController stage set
2025-12-27 13:39:46.964 [JavaFX Application Thread] INFO  o.e.zalu.controller.MainController - MainController currentUserId set to: 1
2025-12-27 13:39:46.964 [JavaFX Application Thread] INFO  o.e.zalu.controller.ChatListManager - Refreshing friend list for userId: 1
2025-12-27 13:39:46.966 [pool-2-thread-1] INFO  org.example.zalu.client.ChatClient - Gửi: GET_FRIENDS_LIST_FULL|1
2025-12-27 13:39:46.966 [pool-2-thread-1] INFO  org.example.zalu.client.ChatClient - Gửi: GET_GROUPS|1
2025-12-27 13:39:46.967 [pool-2-thread-1] INFO  org.example.zalu.client.ChatClient - Gửi: GET_USER_BY_ID|1
2025-12-27 13:39:46.978 [Global-Listener] INFO  o.e.zalu.client.ChatEventManager - Received List<GroupInfo>: 2 groups
2025-12-27 13:39:47.046 [JavaFX Application Thread] INFO  o.e.zalu.client.ChatEventManager - ✓ Đăng nhập thành công! UserID = 1
2025-12-27 13:39:47.054 [JavaFX Application Thread] INFO  o.e.zalu.controller.MainController - onMessagesReceived: 128 messages
2025-12-27 13:39:47.063 [JavaFX Application Thread] INFO  o.e.zalu.controller.ChatListManager - Received groups update: 2 groups
2025-12-27 13:39:47.067 [JavaFX Application Thread] INFO  o.e.zalu.controller.ChatListManager - Pre-fetched top 2 conversations in background
2025-12-27 13:39:47.067 [pool-2-thread-1] INFO  org.example.zalu.client.ChatClient - Gửi: GET_GROUP_CONVERSATION|1|1
2025-12-27 13:39:47.067 [JavaFX Application Thread] INFO  o.e.zalu.controller.ChatListManager - Friend list refreshed with 0 friends and 2 groups
2025-12-27 13:39:47.067 [pool-2-thread-1] INFO  org.example.zalu.client.ChatClient - Gửi: GET_GROUP_CONVERSATION|1|2
2025-12-27 13:39:47.068 [JavaFX Application Thread] INFO  o.e.zalu.controller.ChatListManager - Received online users list: 1 users
2025-12-27 13:39:47.069 [JavaFX Application Thread] INFO  o.e.zalu.controller.ChatListManager - Received full friend list: 6 friends
2025-12-27 13:39:47.069 [pool-2-thread-1] INFO  org.example.zalu.client.ChatClient - Gửi: GET_USER_AVATAR|2
2025-12-27 13:39:47.069 [pool-2-thread-1] INFO  org.example.zalu.client.ChatClient - Gửi: GET_USER_AVATAR|17
2025-12-27 13:39:47.069 [pool-2-thread-1] INFO  org.example.zalu.client.ChatClient - Gửi: GET_USER_AVATAR|22
2025-12-27 13:39:47.071 [pool-2-thread-1] INFO  org.example.zalu.client.ChatClient - Gửi: GET_USER_AVATAR|23
2025-12-27 13:39:47.071 [JavaFX Application Thread] INFO  o.e.zalu.controller.ChatListManager - Pre-fetched top 5 conversations in background
2025-12-27 13:39:47.071 [pool-2-thread-1] INFO  org.example.zalu.client.ChatClient - Gửi: GET_USER_AVATAR|24
2025-12-27 13:39:47.071 [JavaFX Application Thread] INFO  o.e.zalu.controller.ChatListManager - Friend list refreshed with 6 friends and 2 groups
2025-12-27 13:39:47.071 [pool-2-thread-1] INFO  org.example.zalu.client.ChatClient - Gửi: GET_USER_AVATAR|25
2025-12-27 13:39:47.071 [JavaFX Application Thread] INFO  o.e.zalu.controller.ChatListManager - Received groups update: 2 groups
2025-12-27 13:39:47.071 [pool-2-thread-1] INFO  org.example.zalu.client.ChatClient - Gửi: GET_CONVERSATION|1|17
2025-12-27 13:39:47.072 [pool-2-thread-1] INFO  org.example.zalu.client.ChatClient - Gửi: GET_CONVERSATION|1|22
2025-12-27 13:39:47.072 [pool-2-thread-1] INFO  org.example.zalu.client.ChatClient - Gửi: GET_GROUP_CONVERSATION|1|1
2025-12-27 13:39:47.072 [JavaFX Application Thread] INFO  o.e.zalu.controller.ChatListManager - Pre-fetched top 5 conversations in background
2025-12-27 13:39:47.072 [pool-2-thread-1] INFO  org.example.zalu.client.ChatClient - Gửi: GET_CONVERSATION|1|2
2025-12-27 13:39:47.072 [JavaFX Application Thread] INFO  o.e.zalu.controller.ChatListManager - Friend list refreshed with 6 friends and 2 groups
2025-12-27 13:39:47.074 [pool-2-thread-1] INFO  org.example.zalu.client.ChatClient - Gửi: GET_GROUP_CONVERSATION|1|2
2025-12-27 13:39:47.074 [pool-2-thread-1] INFO  org.example.zalu.client.ChatClient - Gửi: GET_CONVERSATION|1|17
2025-12-27 13:39:47.075 [pool-2-thread-1] INFO  org.example.zalu.client.ChatClient - Gửi: GET_CONVERSATION|1|22
2025-12-27 13:39:47.076 [pool-2-thread-1] INFO  org.example.zalu.client.ChatClient - Gửi: GET_GROUP_CONVERSATION|1|1
2025-12-27 13:39:47.077 [pool-2-thread-1] INFO  org.example.zalu.client.ChatClient - Gửi: GET_CONVERSATION|1|2
2025-12-27 13:39:47.077 [Global-Listener] INFO  o.e.zalu.client.ChatEventManager - Caching history for chatId -1: 7 messages
2025-12-27 13:39:47.077 [pool-2-thread-1] INFO  org.example.zalu.client.ChatClient - Gửi: GET_GROUP_CONVERSATION|1|2
2025-12-27 13:39:47.083 [Global-Listener] INFO  org.example.zalu.client.ClientCache - Client cache saved to disk.
2025-12-27 13:39:47.095 [Global-Listener] INFO  o.e.zalu.client.ChatEventManager - Caching history for chatId -2: 16 messages
2025-12-27 13:39:47.105 [Global-Listener] INFO  org.example.zalu.client.ClientCache - Client cache saved to disk.
2025-12-27 13:39:47.106 [Global-Listener] INFO  o.e.zalu.client.ChatEventManager - Received string message: USER_AVATAR|2|0
2025-12-27 13:39:47.106 [Global-Listener] INFO  o.e.zalu.client.ChatEventManager - Received string message: USER_AVATAR|17|0
2025-12-27 13:39:47.106 [Global-Listener] INFO  o.e.zalu.client.ChatEventManager - Received string message: USER_AVATAR|22|0
2025-12-27 13:39:47.107 [Global-Listener] INFO  o.e.zalu.client.ChatEventManager - Received string message: USER_AVATAR|23|0
2025-12-27 13:39:47.107 [Global-Listener] INFO  o.e.zalu.client.ChatEventManager - Received string message: USER_AVATAR|24|0
2025-12-27 13:39:47.114 [JavaFX Application Thread] INFO  o.e.zalu.controller.ChatListManager - Received full friend list: 6 friends
2025-12-27 13:39:47.114 [pool-2-thread-1] INFO  org.example.zalu.client.ChatClient - Gửi: GET_USER_AVATAR|2
2025-12-27 13:39:47.114 [JavaFX Application Thread] INFO  o.e.zalu.controller.ChatListManager - Pre-fetched top 5 conversations in background
2025-12-27 13:39:47.114 [pool-2-thread-1] INFO  org.example.zalu.client.ChatClient - Gửi: GET_USER_AVATAR|17
2025-12-27 13:39:47.115 [JavaFX Application Thread] INFO  o.e.zalu.controller.ChatListManager - Friend list refreshed with 6 friends and 2 groups
2025-12-27 13:39:47.115 [pool-2-thread-1] INFO  org.example.zalu.client.ChatClient - Gửi: GET_USER_AVATAR|22
2025-12-27 13:39:47.115 [pool-2-thread-1] INFO  org.example.zalu.client.ChatClient - Gửi: GET_USER_AVATAR|23
2025-12-27 13:39:47.115 [pool-2-thread-1] INFO  org.example.zalu.client.ChatClient - Gửi: GET_USER_AVATAR|24
2025-12-27 13:39:47.115 [pool-2-thread-1] INFO  org.example.zalu.client.ChatClient - Gửi: GET_USER_AVATAR|25
2025-12-27 13:39:47.116 [JavaFX Application Thread] INFO  o.e.zalu.controller.ChatListManager - Received groups update: 2 groups
2025-12-27 13:39:47.116 [pool-2-thread-1] INFO  org.example.zalu.client.ChatClient - Gửi: GET_CONVERSATION|1|17
2025-12-27 13:39:47.116 [pool-2-thread-1] INFO  org.example.zalu.client.ChatClient - Gửi: GET_CONVERSATION|1|22
2025-12-27 13:39:47.116 [JavaFX Application Thread] INFO  o.e.zalu.controller.ChatListManager - Pre-fetched top 5 conversations in background
2025-12-27 13:39:47.116 [pool-2-thread-1] INFO  org.example.zalu.client.ChatClient - Gửi: GET_GROUP_CONVERSATION|1|1
2025-12-27 13:39:47.116 [JavaFX Application Thread] INFO  o.e.zalu.controller.ChatListManager - Friend list refreshed with 6 friends and 2 groups
2025-12-27 13:39:47.116 [pool-2-thread-1] INFO  org.example.zalu.client.ChatClient - Gửi: GET_CONVERSATION|1|2
2025-12-27 13:39:47.118 [pool-2-thread-1] INFO  org.example.zalu.client.ChatClient - Gửi: GET_GROUP_CONVERSATION|1|2
2025-12-27 13:39:47.119 [pool-2-thread-1] INFO  org.example.zalu.client.ChatClient - Gửi: GET_CONVERSATION|1|17
2025-12-27 13:39:47.119 [pool-2-thread-1] INFO  org.example.zalu.client.ChatClient - Gửi: GET_CONVERSATION|1|22
2025-12-27 13:39:47.120 [pool-2-thread-1] INFO  org.example.zalu.client.ChatClient - Gửi: GET_GROUP_CONVERSATION|1|1
2025-12-27 13:39:47.120 [pool-2-thread-1] INFO  org.example.zalu.client.ChatClient - Gửi: GET_CONVERSATION|1|2
2025-12-27 13:39:47.121 [pool-2-thread-1] INFO  org.example.zalu.client.ChatClient - Gửi: GET_GROUP_CONVERSATION|1|2
2025-12-27 13:39:47.148 [Global-Listener] INFO  o.e.zalu.client.ChatEventManager - Received string message: USER_AVATAR|25|1377614
2025-12-27 13:39:47.178 [Global-Listener] INFO  o.e.zalu.client.ChatEventManager - Received byte data: 1377614 bytes
2025-12-27 13:39:47.194 [Global-Listener] INFO  o.e.zalu.client.ChatEventManager - Caching history for chatId 17: 17 messages
2025-12-27 13:39:47.203 [Global-Listener] INFO  org.example.zalu.client.ClientCache - Client cache saved to disk.
2025-12-27 13:39:47.280 [Global-Listener] INFO  o.e.zalu.client.ChatEventManager - Caching history for chatId 22: 36 messages
2025-12-27 13:39:47.296 [Global-Listener] INFO  org.example.zalu.client.ClientCache - Client cache saved to disk.
2025-12-27 13:39:47.296 [Global-Listener] INFO  o.e.zalu.client.ChatEventManager - Caching history for chatId -1: 7 messages
2025-12-27 13:39:47.315 [Global-Listener] INFO  org.example.zalu.client.ClientCache - Client cache saved to disk.
2025-12-27 13:39:47.318 [Global-Listener] INFO  o.e.zalu.client.ChatEventManager - Caching history for chatId 2: 28 messages
2025-12-27 13:39:47.336 [Global-Listener] INFO  org.example.zalu.client.ClientCache - Client cache saved to disk.
2025-12-27 13:39:47.338 [Global-Listener] INFO  o.e.zalu.client.ChatEventManager - Caching history for chatId -2: 16 messages
2025-12-27 13:39:47.355 [Global-Listener] INFO  org.example.zalu.client.ClientCache - Client cache saved to disk.
2025-12-27 13:39:47.358 [Global-Listener] INFO  o.e.zalu.client.ChatEventManager - Caching history for chatId 17: 17 messages
2025-12-27 13:39:47.376 [Global-Listener] INFO  org.example.zalu.client.ClientCache - Client cache saved to disk.
2025-12-27 13:39:47.441 [Global-Listener] INFO  o.e.zalu.client.ChatEventManager - Caching history for chatId 22: 36 messages
2025-12-27 13:39:47.459 [Global-Listener] INFO  org.example.zalu.client.ClientCache - Client cache saved to disk.
2025-12-27 13:39:47.461 [Global-Listener] INFO  o.e.zalu.client.ChatEventManager - Caching history for chatId -1: 7 messages
2025-12-27 13:39:47.487 [Global-Listener] INFO  org.example.zalu.client.ClientCache - Client cache saved to disk.
2025-12-27 13:39:47.490 [Global-Listener] INFO  o.e.zalu.client.ChatEventManager - Caching history for chatId 2: 28 messages
2025-12-27 13:39:47.532 [Global-Listener] INFO  org.example.zalu.client.ClientCache - Client cache saved to disk.
2025-12-27 13:39:47.535 [Global-Listener] INFO  o.e.zalu.client.ChatEventManager - Caching history for chatId -2: 16 messages
2025-12-27 13:39:47.553 [Global-Listener] INFO  org.example.zalu.client.ClientCache - Client cache saved to disk.
2025-12-27 13:39:47.554 [Global-Listener] INFO  o.e.zalu.client.ChatEventManager - Received string message: USER_AVATAR|2|0
2025-12-27 13:39:47.554 [Global-Listener] INFO  o.e.zalu.client.ChatEventManager - Received string message: USER_AVATAR|17|0
2025-12-27 13:39:47.556 [Global-Listener] INFO  o.e.zalu.client.ChatEventManager - Received string message: USER_AVATAR|22|0
2025-12-27 13:39:47.557 [Global-Listener] INFO  o.e.zalu.client.ChatEventManager - Received string message: USER_AVATAR|23|0
2025-12-27 13:39:47.558 [Global-Listener] INFO  o.e.zalu.client.ChatEventManager - Received string message: USER_AVATAR|24|0
2025-12-27 13:39:47.558 [Global-Listener] INFO  o.e.zalu.client.ChatEventManager - Received string message: USER_AVATAR|25|1377614
2025-12-27 13:39:47.587 [Global-Listener] INFO  o.e.zalu.client.ChatEventManager - Received byte data: 1377614 bytes
2025-12-27 13:39:47.611 [Global-Listener] INFO  o.e.zalu.client.ChatEventManager - Caching history for chatId 17: 17 messages
2025-12-27 13:39:47.637 [Global-Listener] INFO  org.example.zalu.client.ClientCache - Client cache saved to disk.
2025-12-27 13:39:47.734 [Global-Listener] INFO  o.e.zalu.client.ChatEventManager - Caching history for chatId 22: 36 messages
2025-12-27 13:39:47.761 [Global-Listener] INFO  org.example.zalu.client.ClientCache - Client cache saved to disk.
2025-12-27 13:39:47.763 [Global-Listener] INFO  o.e.zalu.client.ChatEventManager - Caching history for chatId -1: 7 messages
2025-12-27 13:39:47.798 [Global-Listener] INFO  org.example.zalu.client.ClientCache - Client cache saved to disk.
2025-12-27 13:39:47.802 [Global-Listener] INFO  o.e.zalu.client.ChatEventManager - Caching history for chatId 2: 28 messages
2025-12-27 13:39:47.834 [Global-Listener] INFO  org.example.zalu.client.ClientCache - Client cache saved to disk.
2025-12-27 13:39:47.838 [Global-Listener] INFO  o.e.zalu.client.ChatEventManager - Caching history for chatId -2: 16 messages
2025-12-27 13:39:47.870 [Global-Listener] INFO  org.example.zalu.client.ClientCache - Client cache saved to disk.
2025-12-27 13:39:47.873 [Global-Listener] INFO  o.e.zalu.client.ChatEventManager - Caching history for chatId 17: 17 messages
2025-12-27 13:39:47.904 [Global-Listener] INFO  org.example.zalu.client.ClientCache - Client cache saved to disk.
2025-12-27 13:39:47.951 [Global-Listener] INFO  o.e.zalu.client.ChatEventManager - Caching history for chatId 22: 36 messages
2025-12-27 13:39:47.981 [Global-Listener] INFO  org.example.zalu.client.ClientCache - Client cache saved to disk.
2025-12-27 13:39:47.983 [Global-Listener] INFO  o.e.zalu.client.ChatEventManager - Caching history for chatId -1: 7 messages
2025-12-27 13:39:48.018 [Global-Listener] INFO  org.example.zalu.client.ClientCache - Client cache saved to disk.
2025-12-27 13:39:48.023 [Global-Listener] INFO  o.e.zalu.client.ChatEventManager - Caching history for chatId 2: 28 messages
2025-12-27 13:39:48.044 [Global-Listener] INFO  org.example.zalu.client.ClientCache - Client cache saved to disk.
2025-12-27 13:39:48.048 [Global-Listener] INFO  o.e.zalu.client.ChatEventManager - Caching history for chatId -2: 16 messages
2025-12-27 13:39:48.054 [JavaFX Application Thread] INFO  o.e.zalu.controller.MainController - Selection changed to: Đoàn Trọng Mỹ (isWelcomeMode: true)
2025-12-27 13:39:48.068 [Global-Listener] INFO  org.example.zalu.client.ClientCache - Client cache saved to disk.
2025-12-27 13:39:48.094 [JavaFX Application Thread] INFO  o.e.zalu.controller.MainController - Loading chat for: Đoàn Trọng Mỹ
2025-12-27 13:39:48.094 [JavaFX Application Thread] INFO  o.e.zalu.controller.MainController - Reloading chat for: Đoàn Trọng Mỹ
2025-12-27 13:39:48.094 [JavaFX Application Thread] INFO  o.e.zalu.controller.MainController - Using cached messages for friend 17: 17 messages
2025-12-27 13:39:48.100 [pool-2-thread-1] INFO  org.example.zalu.client.ChatClient - Gửi: GET_PINNED_MESSAGES|1|17|false
2025-12-27 13:39:48.216 [pool-2-thread-1] INFO  org.example.zalu.client.ChatClient - Gửi: MARK_AS_READ|1|17
2025-12-27 13:39:48.227 [pool-2-thread-1] INFO  org.example.zalu.client.ChatClient - Gửi: GET_CONVERSATION|1|17
2025-12-27 13:39:48.231 [JavaFX Application Thread] INFO  o.e.zalu.controller.MainController - Reloading chat for: Đoàn Trọng Mỹ
2025-12-27 13:39:48.231 [JavaFX Application Thread] INFO  o.e.zalu.controller.MainController - Using cached messages for friend 17: 17 messages
2025-12-27 13:39:48.232 [pool-2-thread-1] INFO  org.example.zalu.client.ChatClient - Gửi: GET_CONVERSATION|1|17
2025-12-27 13:39:48.264 [Global-Listener] INFO  o.e.zalu.client.ChatEventManager - Caching history for chatId 17: 17 messages
2025-12-27 13:39:48.283 [Global-Listener] INFO  org.example.zalu.client.ClientCache - Client cache saved to disk.
2025-12-27 13:39:48.286 [Global-Listener] INFO  o.e.zalu.client.ChatEventManager - Caching history for chatId 17: 17 messages
2025-12-27 13:39:48.305 [Global-Listener] INFO  org.example.zalu.client.ClientCache - Client cache saved to disk.
2025-12-27 13:39:50.207 [JavaFX Application Thread] INFO  o.e.zalu.controller.MainController - Selection changed to: Nguyễn Danh Linh (isWelcomeMode: false)
2025-12-27 13:39:50.208 [JavaFX Application Thread] INFO  o.e.zalu.controller.MainController - Loading chat for: Nguyễn Danh Linh
2025-12-27 13:39:50.209 [JavaFX Application Thread] INFO  o.e.zalu.controller.MainController - Reloading chat for: Nguyễn Danh Linh
2025-12-27 13:39:50.209 [JavaFX Application Thread] INFO  o.e.zalu.controller.MainController - Using cached messages for friend 22: 36 messages
2025-12-27 13:39:50.212 [pool-2-thread-1] INFO  org.example.zalu.client.ChatClient - Gửi: GET_PINNED_MESSAGES|1|22|false
2025-12-27 13:39:50.580 [pool-2-thread-1] INFO  org.example.zalu.client.ChatClient - Gửi: MARK_AS_READ|1|22
2025-12-27 13:39:50.581 [pool-2-thread-1] INFO  org.example.zalu.client.ChatClient - Gửi: GET_CONVERSATION|1|22
2025-12-27 13:39:50.587 [JavaFX Application Thread] INFO  o.e.zalu.controller.MainController - Reloading chat for: Nguyễn Danh Linh
2025-12-27 13:39:50.588 [JavaFX Application Thread] INFO  o.e.zalu.controller.MainController - Using cached messages for friend 22: 36 messages
2025-12-27 13:39:50.588 [pool-2-thread-1] INFO  org.example.zalu.client.ChatClient - Gửi: GET_CONVERSATION|1|22
2025-12-27 13:39:50.671 [Global-Listener] INFO  o.e.zalu.client.ChatEventManager - Caching history for chatId 22: 36 messages
2025-12-27 13:39:50.689 [Global-Listener] INFO  org.example.zalu.client.ClientCache - Client cache saved to disk.
2025-12-27 13:39:50.736 [Global-Listener] INFO  o.e.zalu.client.ChatEventManager - Caching history for chatId 22: 36 messages
2025-12-27 13:39:50.754 [Global-Listener] INFO  org.example.zalu.client.ClientCache - Client cache saved to disk.
2025-12-27 13:39:52.464 [JavaFX Application Thread] INFO  o.e.zalu.controller.MainController - Selection changed to: Nguyễn Thành Đạt (isWelcomeMode: false)
2025-12-27 13:39:52.466 [JavaFX Application Thread] INFO  o.e.zalu.controller.MainController - Loading chat for: Nguyễn Thành Đạt
2025-12-27 13:39:52.466 [JavaFX Application Thread] INFO  o.e.zalu.controller.MainController - Reloading chat for: Nguyễn Thành Đạt
2025-12-27 13:39:52.466 [JavaFX Application Thread] INFO  o.e.zalu.controller.MainController - Using cached messages for friend 2: 28 messages
2025-12-27 13:39:52.469 [pool-2-thread-1] INFO  org.example.zalu.client.ChatClient - Gửi: GET_PINNED_MESSAGES|1|2|false
2025-12-27 13:39:52.493 [pool-2-thread-1] INFO  org.example.zalu.client.ChatClient - Gửi: MARK_AS_READ|1|2
2025-12-27 13:39:52.494 [pool-2-thread-1] INFO  org.example.zalu.client.ChatClient - Gửi: GET_CONVERSATION|1|2
2025-12-27 13:39:52.517 [Global-Listener] INFO  o.e.zalu.client.ChatEventManager - Caching history for chatId 2: 28 messages
2025-12-27 13:39:52.546 [Global-Listener] INFO  org.example.zalu.client.ClientCache - Client cache saved to disk.
2025-12-27 13:39:54.451 [JavaFX Application Thread] INFO  o.e.zalu.controller.MainController - Selection changed to: Trần Công Hậu (isWelcomeMode: false)
2025-12-27 13:39:54.453 [JavaFX Application Thread] INFO  o.e.zalu.controller.MainController - Loading chat for: Trần Công Hậu
2025-12-27 13:39:54.453 [JavaFX Application Thread] INFO  o.e.zalu.controller.MainController - Reloading chat for: Trần Công Hậu
2025-12-27 13:39:54.454 [JavaFX Application Thread] INFO  o.e.zalu.controller.MainController - Using cached messages for friend 24: 10 messages
2025-12-27 13:39:54.458 [pool-2-thread-1] INFO  org.example.zalu.client.ChatClient - Gửi: GET_PINNED_MESSAGES|1|24|false
2025-12-27 13:39:54.483 [pool-2-thread-1] INFO  org.example.zalu.client.ChatClient - Gửi: MARK_AS_READ|1|24
2025-12-27 13:39:54.485 [pool-2-thread-1] INFO  org.example.zalu.client.ChatClient - Gửi: GET_CONVERSATION|1|24
2025-12-27 13:39:54.512 [Global-Listener] INFO  o.e.zalu.client.ChatEventManager - Caching history for chatId 24: 10 messages
2025-12-27 13:39:54.550 [Global-Listener] INFO  org.example.zalu.client.ClientCache - Client cache saved to disk.
2025-12-27 13:39:58.036 [JavaFX Application Thread] INFO  o.e.zalu.controller.MainController - Logout triggered for userId: 1
2025-12-27 13:39:59.466 [JavaFX Application Thread] INFO  org.example.zalu.client.ChatClient - Đã gửi LOGOUT tới server
2025-12-27 13:39:59.466 [Thread-17] INFO  o.example.zalu.server.ClientHandler - User 1 đăng xuất chủ động
2025-12-27 13:39:59.468 [Global-Listener] INFO  o.e.zalu.client.ChatEventManager - Received string message: LOGOUT_OK
2025-12-27 13:39:59.469 [Global-Listener] WARN  o.e.zalu.client.ChatEventManager - Unknown event type: java.lang.String
2025-12-27 13:39:59.668 [Thread-17] INFO  o.example.zalu.server.ClientHandler - Server: Client 1 đã đóng kết nối (EOF)
2025-12-27 13:39:59.668 [JavaFX Application Thread] INFO  org.example.zalu.client.ChatClient - Đã ngắt kết nối sạch sẽ – không reconnect tự động
2025-12-27 13:39:59.670 [Thread-17] INFO  o.example.zalu.server.ClientHandler - User 1 đã thoát
2025-12-27 13:39:59.670 [JavaFX Application Thread] INFO  o.e.zalu.controller.MainController - Resetting data flags for logout...
2025-12-27 13:39:59.675 [JavaFX Application Thread] INFO  o.e.zalu.controller.MainController - Data flags reset completed
2025-12-27 13:39:59.690 [JavaFX Application Thread] INFO  o.e.z.c.auth.LoginController - === Khởi động Auto-Discovery ===
2025-12-27 13:39:59.692 [ServerDiscovery-Thread] INFO  o.e.z.c.auth.LoginController - Bắt đầu quá trình tìm kiếm server tự động...
2025-12-27 13:39:59.693 [ServerDiscovery-Thread] INFO  o.e.z.client.ServerDiscoveryClient - === Bắt đầu tìm kiếm Server trong mạng LAN ===
2025-12-27 13:39:59.693 [ServerDiscovery-Thread] INFO  o.e.z.client.ServerDiscoveryClient - Discovery Port: 8888
2025-12-27 13:39:59.693 [ServerDiscovery-Thread] INFO  o.e.z.client.ServerDiscoveryClient - Timeout: 3000ms
2025-12-27 13:39:59.694 [ServerDiscovery-Thread] INFO  o.e.z.client.ServerDiscoveryClient - ✓ UDP Socket đã khởi tạo
2025-12-27 13:39:59.695 [ServerDiscovery-Thread] INFO  o.e.z.client.ServerDiscoveryClient - ✓ Broadcast mode: ENABLED
2025-12-27 13:39:59.695 [ServerDiscovery-Thread] INFO  o.e.z.client.ServerDiscoveryClient - ✓ Timeout: 3000ms
2025-12-27 13:39:59.698 [ServerDiscovery-Thread] INFO  o.e.z.client.ServerDiscoveryClient - >>> [Broadcast #1] Sent to 255.255.255.255:8888
2025-12-27 13:39:59.698 [Discovery-Listener] INFO  o.e.z.server.ServerDiscoveryListener - >>> [Request #15] Discovery request từ 10.219.179.108:59676
2025-12-27 13:39:59.699 [ServerDiscovery-Thread] INFO  o.e.z.client.ServerDiscoveryClient - Đang quét các network interfaces...
2025-12-27 13:39:59.700 [Discovery-Listener] INFO  o.e.z.server.ServerDiscoveryListener - <<< [Response #15] Đã gửi response tới 10.219.179.108:59676 - TCP Port: 5000
2025-12-27 13:39:59.706 [ServerDiscovery-Thread] INFO  o.e.z.client.ServerDiscoveryClient -   [Interface #1] WAN Miniport (IP)-WFP Native MAC Layer LightWeight Filter-0000 - ACTIVE
2025-12-27 13:39:59.707 [ServerDiscovery-Thread] INFO  o.e.z.client.ServerDiscoveryClient -   [Interface #2] WAN Miniport (IP)-QoS Packet Scheduler-0000 - ACTIVE
2025-12-27 13:39:59.707 [ServerDiscovery-Thread] INFO  o.e.z.client.ServerDiscoveryClient -   [Interface #3] WAN Miniport (IPv6)-WFP Native MAC Layer LightWeight Filter-0000 - ACTIVE
2025-12-27 13:39:59.708 [ServerDiscovery-Thread] INFO  o.e.z.client.ServerDiscoveryClient -   [Interface #4] WAN Miniport (IPv6)-QoS Packet Scheduler-0000 - ACTIVE
2025-12-27 13:39:59.710 [ServerDiscovery-Thread] INFO  o.e.z.client.ServerDiscoveryClient -   [Interface #5] WAN Miniport (Network Monitor)-WFP Native MAC Layer LightWeight Filter-0000 - ACTIVE
2025-12-27 13:39:59.710 [ServerDiscovery-Thread] INFO  o.e.z.client.ServerDiscoveryClient -   [Interface #6] WAN Miniport (Network Monitor)-QoS Packet Scheduler-0000 - ACTIVE
2025-12-27 13:39:59.711 [ServerDiscovery-Thread] INFO  o.e.z.client.ServerDiscoveryClient -   [Interface #8] WAN Miniport (IP) - ACTIVE
2025-12-27 13:39:59.712 [ServerDiscovery-Thread] INFO  o.e.z.client.ServerDiscoveryClient -   [Interface #9] WAN Miniport (IPv6) - ACTIVE
2025-12-27 13:39:59.713 [ServerDiscovery-Thread] INFO  o.e.z.client.ServerDiscoveryClient -   [Interface #10] WAN Miniport (Network Monitor) - ACTIVE
2025-12-27 13:39:59.714 [ServerDiscovery-Thread] INFO  o.e.z.client.ServerDiscoveryClient -   [Interface #14] Intel(R) Wi-Fi 6E AX211 160MHz-WFP Native MAC Layer LightWeight Filter-0000 - ACTIVE
2025-12-27 13:39:59.716 [ServerDiscovery-Thread] INFO  o.e.z.client.ServerDiscoveryClient -   [Interface #15] Intel(R) Wi-Fi 6E AX211 160MHz-Virtual WiFi Filter Driver-0000 - ACTIVE
2025-12-27 13:39:59.718 [ServerDiscovery-Thread] INFO  o.e.z.client.ServerDiscoveryClient -   [Interface #16] Intel(R) Wi-Fi 6E AX211 160MHz-Native WiFi Filter Driver-0000 - ACTIVE
2025-12-27 13:39:59.719 [ServerDiscovery-Thread] INFO  o.e.z.client.ServerDiscoveryClient -   [Interface #17] Intel(R) Wi-Fi 6E AX211 160MHz-QoS Packet Scheduler-0000 - ACTIVE
2025-12-27 13:39:59.721 [ServerDiscovery-Thread] INFO  o.e.z.client.ServerDiscoveryClient -   [Interface #18] Intel(R) Wi-Fi 6E AX211 160MHz-WFP 802.3 MAC Layer LightWeight Filter-0000 - ACTIVE
2025-12-27 13:39:59.727 [ServerDiscovery-Thread] INFO  o.e.z.client.ServerDiscoveryClient -   [Interface #27] Intel(R) Wi-Fi 6E AX211 160MHz - ACTIVE
2025-12-27 13:39:59.728 [ServerDiscovery-Thread] INFO  o.e.z.client.ServerDiscoveryClient -     >>> [Broadcast #2] Sent to 10.219.179.255 (Intel(R) Wi-Fi 6E AX211 160MHz)
2025-12-27 13:39:59.728 [Discovery-Listener] INFO  o.e.z.server.ServerDiscoveryListener - >>> [Request #16] Discovery request từ 10.219.179.108:59676
2025-12-27 13:39:59.728 [Discovery-Listener] INFO  o.e.z.server.ServerDiscoveryListener - <<< [Response #16] Đã gửi response tới 10.219.179.108:59676 - TCP Port: 5000
2025-12-27 13:39:59.731 [ServerDiscovery-Thread] INFO  o.e.z.client.ServerDiscoveryClient - ✓ Đã quét 36 network interfaces
2025-12-27 13:39:59.732 [ServerDiscovery-Thread] INFO  o.e.z.client.ServerDiscoveryClient - === Tổng số broadcast packets gửi đi: 2 ===
2025-12-27 13:39:59.732 [ServerDiscovery-Thread] INFO  o.e.z.client.ServerDiscoveryClient - Đang chờ nhận phản hồi từ server (timeout: 3000ms)...
2025-12-27 13:39:59.733 [ServerDiscovery-Thread] INFO  o.e.z.client.ServerDiscoveryClient - <<< Nhận phản hồi từ 10.219.179.108:8888 (1ms)
2025-12-27 13:39:59.733 [ServerDiscovery-Thread] INFO  o.e.z.client.ServerDiscoveryClient - === ✓ TÌM THẤY SERVER ===
2025-12-27 13:39:59.733 [ServerDiscovery-Thread] INFO  o.e.z.client.ServerDiscoveryClient - Server Address: 10.219.179.108
2025-12-27 13:39:59.733 [ServerDiscovery-Thread] INFO  o.e.z.client.ServerDiscoveryClient - TCP Port: 5000
2025-12-27 13:39:59.734 [ServerDiscovery-Thread] INFO  o.e.z.client.ServerDiscoveryClient - Response Time: 1ms
2025-12-27 13:39:59.963 [JavaFX Application Thread] INFO  o.e.zalu.controller.MainController - Logout successful
2025-12-27 13:39:59.965 [JavaFX Application Thread] ERROR org.example.zalu.ZaluApplication - ⚠ LỖI KHÔNG MONG MUỐN (UNCAUGHT EXCEPTION): Cannot invoke "java.util.function.Consumer.accept(Object)" because "org.example.zalu.client.ChatEventManager.broadcastCallback" is null
java.lang.NullPointerException: Cannot invoke "java.util.function.Consumer.accept(Object)" because "org.example.zalu.client.ChatEventManager.broadcastCallback" is null
	at org.example.zalu/org.example.zalu.client.ChatEventManager.lambda$43(ChatEventManager.java:797)
	at javafx.graphics@21/com.sun.javafx.application.PlatformImpl.lambda$runLater$10(PlatformImpl.java:456)
	at java.base/java.security.AccessController.doPrivileged(AccessController.java:400)
	at javafx.graphics@21/com.sun.javafx.application.PlatformImpl.lambda$runLater$11(PlatformImpl.java:455)
	at javafx.graphics@21/com.sun.glass.ui.InvokeLaterDispatcher$Future.run(InvokeLaterDispatcher.java:95)
	at javafx.graphics@21/com.sun.glass.ui.win.WinApplication._runLoop(Native Method)
	at javafx.graphics@21/com.sun.glass.ui.win.WinApplication.lambda$runLoop$3(WinApplication.java:185)
	at java.base/java.lang.Thread.run(Thread.java:1583)
2025-12-27 13:39:59.979 [JavaFX Application Thread] INFO  o.e.z.c.auth.LoginController - === ✓ Auto-Discovery Thành Công ===
2025-12-27 13:39:59.980 [JavaFX Application Thread] INFO  o.e.z.c.auth.LoginController - Server được tìm thấy: 10.219.179.108:5000
2025-12-27 13:39:59.980 [JavaFX Application Thread] INFO  o.e.z.c.auth.LoginController - Thời gian tìm kiếm: 42ms
2025-12-27 13:39:59.980 [JavaFX Application Thread] INFO  org.example.zalu.client.ChatClient - Đã cập nhật cấu hình server: 10.219.179.108:5000
2025-12-27 13:39:59.980 [JavaFX Application Thread] INFO  org.example.zalu.client.ChatClient - Đã ngắt kết nối sạch sẽ – không reconnect tự động
2025-12-27 13:39:59.981 [JavaFX Application Thread] INFO  o.e.z.c.auth.LoginController - Đã cấu hình ChatClient với server: 10.219.179.108:5000
2025-12-27 13:39:59.981 [JavaFX Application Thread] INFO  o.e.z.c.auth.LoginController - === Kết thúc Auto-Discovery ===
2025-12-27 13:40:04.354 [JavaFX Application Thread] INFO  org.example.zalu.client.ChatClient - Chưa kết nối server, đang thử kết nối...
2025-12-27 13:40:04.354 [JavaFX Application Thread] INFO  org.example.zalu.client.ChatClient - === Đang kết nối đến Server ===
2025-12-27 13:40:04.354 [JavaFX Application Thread] INFO  org.example.zalu.client.ChatClient - Server Address: 10.219.179.108
2025-12-27 13:40:04.354 [JavaFX Application Thread] INFO  org.example.zalu.client.ChatClient - Server Port: 5000
2025-12-27 13:40:04.357 [Thread-5] INFO  org.example.zalu.server.ChatServer - ✅ Client mới kết nối: /10.219.179.108
2025-12-27 13:40:04.359 [JavaFX Application Thread] INFO  org.example.zalu.client.ChatClient - === ✓ Kết nối thành công ===
2025-12-27 13:40:04.360 [JavaFX Application Thread] INFO  org.example.zalu.client.ChatClient - Connected to: 10.219.179.108:5000
2025-12-27 13:40:04.360 [JavaFX Application Thread] INFO  org.example.zalu.client.ChatClient - Socket timeout: 120s
2025-12-27 13:40:04.361 [JavaFX Application Thread] INFO  org.example.zalu.client.ChatClient - Buffer size: 2MB
2025-12-27 13:40:04.362 [Global-Listener] INFO  org.example.zalu.client.ChatClient - Global listener đã khởi động
2025-12-27 13:40:04.464 [pool-2-thread-1] INFO  org.example.zalu.client.ChatClient - Gửi: LOGIN_REQUEST|hylee|123456
2025-12-27 13:40:04.464 [Thread-18] INFO  o.example.zalu.server.ClientHandler - Server: Xử lý LOGIN_REQUEST: LOGIN_REQUEST|hylee|123456
2025-12-27 13:40:04.721 [Thread-18] INFO  o.example.zalu.server.ClientHandler - Server: Login thành công, gửi LOGIN_RESPONSE cho user 1
2025-12-27 13:40:04.722 [Global-Listener] INFO  o.e.zalu.client.ChatEventManager - Received string message: LOGIN_RESPONSE|SUCCESS|1
2025-12-27 13:40:04.722 [Global-Listener] INFO  o.e.zalu.client.ChatEventManager - ChatEventManager: Current userId set to 1
2025-12-27 13:40:04.722 [JavaFX Application Thread] INFO  o.e.z.c.auth.LoginController - Login successful for user: hylee
2025-12-27 13:40:04.726 [Global-Listener] INFO  o.e.zalu.client.ChatEventManager - Received List<Integer> #1: [2, 17, 22, 23, 24, 25] (friends, pending, or online users?)
2025-12-27 13:40:04.733 [JavaFX Application Thread] INFO  o.e.zalu.controller.MainController - DAOs and Managers initialized
2025-12-27 13:40:04.753 [Global-Listener] INFO  o.e.zalu.client.ChatEventManager - Received 128 messages total, grouped into 8 conversations
2025-12-27 13:40:04.762 [Thread-18] INFO  o.example.zalu.server.ClientHandler - ✓ hylee (ID: 1) đăng nhập thành công
2025-12-27 13:40:04.776 [JavaFX Application Thread] INFO  o.e.zalu.controller.MainController - Sub-controllers loaded for the first time
2025-12-27 13:40:04.781 [Global-Listener] INFO  org.example.zalu.client.ClientCache - Client cache saved to disk.
2025-12-27 13:40:04.785 [JavaFX Application Thread] INFO  o.e.zalu.controller.MainController - Welcome view (welcome-view.fxml) displayed successfully
2025-12-27 13:40:04.786 [JavaFX Application Thread] INFO  o.e.zalu.controller.MainController - MainController stage set
2025-12-27 13:40:04.787 [JavaFX Application Thread] INFO  o.e.zalu.controller.MainController - MainController currentUserId set to: 1
2025-12-27 13:40:04.787 [JavaFX Application Thread] INFO  o.e.zalu.controller.ChatListManager - Refreshing friend list for userId: 1
2025-12-27 13:40:04.788 [pool-2-thread-1] INFO  org.example.zalu.client.ChatClient - Gửi: GET_FRIENDS_LIST_FULL|1
2025-12-27 13:40:04.795 [pool-2-thread-1] INFO  org.example.zalu.client.ChatClient - Gửi: GET_GROUPS|1
2025-12-27 13:40:04.796 [pool-2-thread-1] INFO  org.example.zalu.client.ChatClient - Gửi: GET_USER_BY_ID|1
2025-12-27 13:40:04.812 [Global-Listener] INFO  org.example.zalu.client.ClientCache - Client cache saved to disk.
2025-12-27 13:40:04.830 [Global-Listener] INFO  org.example.zalu.client.ClientCache - Client cache saved to disk.
2025-12-27 13:40:04.850 [Global-Listener] INFO  org.example.zalu.client.ClientCache - Client cache saved to disk.
2025-12-27 13:40:04.858 [Global-Listener] INFO  org.example.zalu.client.ClientCache - Client cache saved to disk.
2025-12-27 13:40:04.865 [Global-Listener] INFO  org.example.zalu.client.ClientCache - Client cache saved to disk.
2025-12-27 13:40:04.871 [Global-Listener] INFO  org.example.zalu.client.ClientCache - Client cache saved to disk.
2025-12-27 13:40:04.879 [Global-Listener] INFO  org.example.zalu.client.ClientCache - Client cache saved to disk.
2025-12-27 13:40:04.881 [Global-Listener] INFO  o.e.zalu.client.ChatEventManager - Received List<GroupInfo>: 2 groups
2025-12-27 13:40:04.882 [Global-Listener] INFO  o.e.zalu.client.ChatEventManager - Received List<Integer> #2: [1] (friends, pending, or online users?)
2025-12-27 13:40:04.883 [Global-Listener] INFO  o.e.zalu.client.ChatEventManager - Received List<GroupInfo>: 2 groups
2025-12-27 13:40:04.961 [JavaFX Application Thread] INFO  o.e.zalu.controller.MainController - DAOs and Managers initialized
2025-12-27 13:40:04.980 [JavaFX Application Thread] INFO  o.e.zalu.controller.MainController - Sub-controllers loaded for the first time
2025-12-27 13:40:04.983 [JavaFX Application Thread] INFO  o.e.zalu.controller.MainController - Welcome view (welcome-view.fxml) displayed successfully
2025-12-27 13:40:04.984 [JavaFX Application Thread] INFO  o.e.zalu.controller.MainController - MainController stage set
2025-12-27 13:40:04.984 [JavaFX Application Thread] INFO  o.e.zalu.controller.MainController - MainController currentUserId set to: 1
2025-12-27 13:40:04.984 [JavaFX Application Thread] INFO  o.e.zalu.controller.ChatListManager - Refreshing friend list for userId: 1
2025-12-27 13:40:04.984 [pool-2-thread-1] INFO  org.example.zalu.client.ChatClient - Gửi: GET_FRIENDS_LIST_FULL|1
2025-12-27 13:40:04.985 [pool-2-thread-1] INFO  org.example.zalu.client.ChatClient - Gửi: GET_GROUPS|1
2025-12-27 13:40:04.985 [pool-2-thread-1] INFO  org.example.zalu.client.ChatClient - Gửi: GET_USER_BY_ID|1
2025-12-27 13:40:04.994 [Global-Listener] INFO  o.e.zalu.client.ChatEventManager - Received List<GroupInfo>: 2 groups
2025-12-27 13:40:05.030 [JavaFX Application Thread] INFO  o.e.zalu.client.ChatEventManager - ✓ Đăng nhập thành công! UserID = 1
2025-12-27 13:40:05.035 [JavaFX Application Thread] INFO  o.e.zalu.controller.MainController - onMessagesReceived: 128 messages
2025-12-27 13:40:05.038 [JavaFX Application Thread] INFO  o.e.zalu.controller.ChatListManager - Received groups update: 2 groups
2025-12-27 13:40:05.039 [JavaFX Application Thread] INFO  o.e.zalu.controller.ChatListManager - Pre-fetched top 2 conversations in background
2025-12-27 13:40:05.039 [pool-2-thread-1] INFO  org.example.zalu.client.ChatClient - Gửi: GET_GROUP_CONVERSATION|1|1
2025-12-27 13:40:05.039 [JavaFX Application Thread] INFO  o.e.zalu.controller.ChatListManager - Friend list refreshed with 0 friends and 2 groups
2025-12-27 13:40:05.041 [pool-2-thread-1] INFO  org.example.zalu.client.ChatClient - Gửi: GET_GROUP_CONVERSATION|1|2
2025-12-27 13:40:05.042 [JavaFX Application Thread] INFO  o.e.zalu.controller.ChatListManager - Received online users list: 1 users
2025-12-27 13:40:05.043 [JavaFX Application Thread] INFO  o.e.zalu.controller.ChatListManager - Received full friend list: 6 friends
2025-12-27 13:40:05.043 [pool-2-thread-1] INFO  org.example.zalu.client.ChatClient - Gửi: GET_USER_AVATAR|2
2025-12-27 13:40:05.044 [pool-2-thread-1] INFO  org.example.zalu.client.ChatClient - Gửi: GET_USER_AVATAR|17
2025-12-27 13:40:05.044 [JavaFX Application Thread] INFO  o.e.zalu.controller.ChatListManager - Pre-fetched top 5 conversations in background
2025-12-27 13:40:05.044 [pool-2-thread-1] INFO  org.example.zalu.client.ChatClient - Gửi: GET_USER_AVATAR|22
2025-12-27 13:40:05.045 [JavaFX Application Thread] INFO  o.e.zalu.controller.ChatListManager - Friend list refreshed with 6 friends and 2 groups
2025-12-27 13:40:05.046 [pool-2-thread-1] INFO  org.example.zalu.client.ChatClient - Gửi: GET_USER_AVATAR|23
2025-12-27 13:40:05.046 [JavaFX Application Thread] INFO  o.e.zalu.controller.ChatListManager - Received groups update: 2 groups
2025-12-27 13:40:05.046 [pool-2-thread-1] INFO  org.example.zalu.client.ChatClient - Gửi: GET_USER_AVATAR|24
2025-12-27 13:40:05.047 [pool-2-thread-1] INFO  org.example.zalu.client.ChatClient - Gửi: GET_CONVERSATION|1|17
2025-12-27 13:40:05.047 [pool-2-thread-1] INFO  org.example.zalu.client.ChatClient - Gửi: GET_CONVERSATION|1|22
2025-12-27 13:40:05.047 [JavaFX Application Thread] INFO  o.e.zalu.controller.ChatListManager - Pre-fetched top 5 conversations in background
2025-12-27 13:40:05.047 [JavaFX Application Thread] INFO  o.e.zalu.controller.ChatListManager - Friend list refreshed with 6 friends and 2 groups
2025-12-27 13:40:05.047 [pool-2-thread-1] INFO  org.example.zalu.client.ChatClient - Gửi: GET_GROUP_CONVERSATION|1|1
2025-12-27 13:40:05.048 [pool-2-thread-1] INFO  org.example.zalu.client.ChatClient - Gửi: GET_CONVERSATION|1|2
2025-12-27 13:40:05.048 [pool-2-thread-1] INFO  org.example.zalu.client.ChatClient - Gửi: GET_GROUP_CONVERSATION|1|2
2025-12-27 13:40:05.049 [pool-2-thread-1] INFO  org.example.zalu.client.ChatClient - Gửi: GET_CONVERSATION|1|17
2025-12-27 13:40:05.049 [Global-Listener] INFO  o.e.zalu.client.ChatEventManager - Caching history for chatId -1: 7 messages
2025-12-27 13:40:05.049 [pool-2-thread-1] INFO  org.example.zalu.client.ChatClient - Gửi: GET_CONVERSATION|1|22
2025-12-27 13:40:05.049 [pool-2-thread-1] INFO  org.example.zalu.client.ChatClient - Gửi: GET_GROUP_CONVERSATION|1|1
2025-12-27 13:40:05.050 [pool-2-thread-1] INFO  org.example.zalu.client.ChatClient - Gửi: GET_CONVERSATION|1|2
2025-12-27 13:40:05.050 [pool-2-thread-1] INFO  org.example.zalu.client.ChatClient - Gửi: GET_GROUP_CONVERSATION|1|2
2025-12-27 13:40:05.050 [JavaFX Application Thread] INFO  o.e.zalu.controller.ChatListManager - Received full friend list: 6 friends
2025-12-27 13:40:05.051 [pool-2-thread-1] INFO  org.example.zalu.client.ChatClient - Gửi: GET_USER_AVATAR|2
2025-12-27 13:40:05.051 [pool-2-thread-1] INFO  org.example.zalu.client.ChatClient - Gửi: GET_USER_AVATAR|17
2025-12-27 13:40:05.051 [JavaFX Application Thread] INFO  o.e.zalu.controller.ChatListManager - Pre-fetched top 5 conversations in background
2025-12-27 13:40:05.053 [pool-2-thread-1] INFO  org.example.zalu.client.ChatClient - Gửi: GET_USER_AVATAR|22
2025-12-27 13:40:05.053 [JavaFX Application Thread] INFO  o.e.zalu.controller.ChatListManager - Friend list refreshed with 6 friends and 2 groups
2025-12-27 13:40:05.053 [pool-2-thread-1] INFO  org.example.zalu.client.ChatClient - Gửi: GET_USER_AVATAR|23
2025-12-27 13:40:05.054 [JavaFX Application Thread] INFO  o.e.zalu.controller.ChatListManager - Received groups update: 2 groups
2025-12-27 13:40:05.054 [pool-2-thread-1] INFO  org.example.zalu.client.ChatClient - Gửi: GET_USER_AVATAR|24
2025-12-27 13:40:05.054 [pool-2-thread-1] INFO  org.example.zalu.client.ChatClient - Gửi: GET_CONVERSATION|1|17
2025-12-27 13:40:05.055 [pool-2-thread-1] INFO  org.example.zalu.client.ChatClient - Gửi: GET_CONVERSATION|1|22
2025-12-27 13:40:05.055 [JavaFX Application Thread] INFO  o.e.zalu.controller.ChatListManager - Pre-fetched top 5 conversations in background
2025-12-27 13:40:05.057 [Global-Listener] INFO  org.example.zalu.client.ClientCache - Client cache saved to disk.
2025-12-27 13:40:05.058 [pool-2-thread-1] INFO  org.example.zalu.client.ChatClient - Gửi: GET_GROUP_CONVERSATION|1|1
2025-12-27 13:40:05.058 [JavaFX Application Thread] INFO  o.e.zalu.controller.ChatListManager - Friend list refreshed with 6 friends and 2 groups
2025-12-27 13:40:05.059 [pool-2-thread-1] INFO  org.example.zalu.client.ChatClient - Gửi: GET_CONVERSATION|1|2
2025-12-27 13:40:05.061 [pool-2-thread-1] INFO  org.example.zalu.client.ChatClient - Gửi: GET_GROUP_CONVERSATION|1|2
2025-12-27 13:40:05.062 [pool-2-thread-1] INFO  org.example.zalu.client.ChatClient - Gửi: GET_CONVERSATION|1|17
2025-12-27 13:40:05.062 [pool-2-thread-1] INFO  org.example.zalu.client.ChatClient - Gửi: GET_CONVERSATION|1|22
2025-12-27 13:40:05.062 [pool-2-thread-1] INFO  org.example.zalu.client.ChatClient - Gửi: GET_GROUP_CONVERSATION|1|1
2025-12-27 13:40:05.064 [pool-2-thread-1] INFO  org.example.zalu.client.ChatClient - Gửi: GET_CONVERSATION|1|2
2025-12-27 13:40:05.065 [pool-2-thread-1] INFO  org.example.zalu.client.ChatClient - Gửi: GET_GROUP_CONVERSATION|1|2
2025-12-27 13:40:05.073 [Global-Listener] INFO  o.e.zalu.client.ChatEventManager - Caching history for chatId -2: 16 messages
2025-12-27 13:40:05.083 [Global-Listener] INFO  org.example.zalu.client.ClientCache - Client cache saved to disk.
2025-12-27 13:40:05.084 [Global-Listener] INFO  o.e.zalu.client.ChatEventManager - Received string message: USER_AVATAR|2|0
2025-12-27 13:40:05.084 [Global-Listener] INFO  o.e.zalu.client.ChatEventManager - Received string message: USER_AVATAR|17|0
2025-12-27 13:40:05.086 [Global-Listener] INFO  o.e.zalu.client.ChatEventManager - Received string message: USER_AVATAR|22|0
2025-12-27 13:40:05.087 [Global-Listener] INFO  o.e.zalu.client.ChatEventManager - Received string message: USER_AVATAR|23|0
2025-12-27 13:40:05.090 [Global-Listener] INFO  o.e.zalu.client.ChatEventManager - Received string message: USER_AVATAR|24|0
2025-12-27 13:40:05.106 [Global-Listener] INFO  o.e.zalu.client.ChatEventManager - Caching history for chatId 17: 17 messages
2025-12-27 13:40:05.116 [Global-Listener] INFO  org.example.zalu.client.ClientCache - Client cache saved to disk.
2025-12-27 13:40:05.254 [Global-Listener] INFO  o.e.zalu.client.ChatEventManager - Caching history for chatId 22: 36 messages
2025-12-27 13:40:05.276 [Global-Listener] INFO  org.example.zalu.client.ClientCache - Client cache saved to disk.
2025-12-27 13:40:05.276 [Global-Listener] INFO  o.e.zalu.client.ChatEventManager - Caching history for chatId -1: 7 messages
2025-12-27 13:40:05.294 [Global-Listener] INFO  org.example.zalu.client.ClientCache - Client cache saved to disk.
2025-12-27 13:40:05.295 [Global-Listener] INFO  o.e.zalu.client.ChatEventManager - Caching history for chatId 2: 28 messages
2025-12-27 13:40:05.310 [Global-Listener] INFO  org.example.zalu.client.ClientCache - Client cache saved to disk.
2025-12-27 13:40:05.313 [Global-Listener] INFO  o.e.zalu.client.ChatEventManager - Caching history for chatId -2: 16 messages
2025-12-27 13:40:05.330 [Global-Listener] INFO  org.example.zalu.client.ClientCache - Client cache saved to disk.
2025-12-27 13:40:05.333 [Global-Listener] INFO  o.e.zalu.client.ChatEventManager - Caching history for chatId 17: 17 messages
2025-12-27 13:40:05.349 [Global-Listener] INFO  org.example.zalu.client.ClientCache - Client cache saved to disk.
2025-12-27 13:40:05.393 [Global-Listener] INFO  o.e.zalu.client.ChatEventManager - Caching history for chatId 22: 36 messages
2025-12-27 13:40:05.407 [Global-Listener] INFO  org.example.zalu.client.ClientCache - Client cache saved to disk.
2025-12-27 13:40:05.408 [Global-Listener] INFO  o.e.zalu.client.ChatEventManager - Caching history for chatId -1: 7 messages
2025-12-27 13:40:05.430 [Global-Listener] INFO  org.example.zalu.client.ClientCache - Client cache saved to disk.
2025-12-27 13:40:05.434 [Global-Listener] INFO  o.e.zalu.client.ChatEventManager - Caching history for chatId 2: 28 messages
2025-12-27 13:40:05.459 [Global-Listener] INFO  org.example.zalu.client.ClientCache - Client cache saved to disk.
2025-12-27 13:40:05.462 [Global-Listener] INFO  o.e.zalu.client.ChatEventManager - Caching history for chatId -2: 16 messages
2025-12-27 13:40:05.489 [Global-Listener] INFO  org.example.zalu.client.ClientCache - Client cache saved to disk.
2025-12-27 13:40:05.490 [Global-Listener] INFO  o.e.zalu.client.ChatEventManager - Received string message: USER_AVATAR|2|0
2025-12-27 13:40:05.490 [Global-Listener] INFO  o.e.zalu.client.ChatEventManager - Received string message: USER_AVATAR|17|0
2025-12-27 13:40:05.491 [Global-Listener] INFO  o.e.zalu.client.ChatEventManager - Received string message: USER_AVATAR|22|0
2025-12-27 13:40:05.491 [Global-Listener] INFO  o.e.zalu.client.ChatEventManager - Received string message: USER_AVATAR|23|0
2025-12-27 13:40:05.491 [Global-Listener] INFO  o.e.zalu.client.ChatEventManager - Received string message: USER_AVATAR|24|0
2025-12-27 13:40:05.494 [Global-Listener] INFO  o.e.zalu.client.ChatEventManager - Caching history for chatId 17: 17 messages
2025-12-27 13:40:05.516 [Global-Listener] INFO  org.example.zalu.client.ClientCache - Client cache saved to disk.
2025-12-27 13:40:05.538 [Global-Listener] INFO  o.e.zalu.client.ChatEventManager - Caching history for chatId 22: 36 messages
2025-12-27 13:40:05.568 [Global-Listener] INFO  org.example.zalu.client.ClientCache - Client cache saved to disk.
2025-12-27 13:40:05.571 [Global-Listener] INFO  o.e.zalu.client.ChatEventManager - Caching history for chatId -1: 7 messages
2025-12-27 13:40:05.602 [Global-Listener] INFO  org.example.zalu.client.ClientCache - Client cache saved to disk.
2025-12-27 13:40:05.606 [Global-Listener] INFO  o.e.zalu.client.ChatEventManager - Caching history for chatId 2: 28 messages
2025-12-27 13:40:05.636 [Global-Listener] INFO  org.example.zalu.client.ClientCache - Client cache saved to disk.
2025-12-27 13:40:05.640 [Global-Listener] INFO  o.e.zalu.client.ChatEventManager - Caching history for chatId -2: 16 messages
2025-12-27 13:40:05.672 [Global-Listener] INFO  org.example.zalu.client.ClientCache - Client cache saved to disk.
2025-12-27 13:40:05.677 [Global-Listener] INFO  o.e.zalu.client.ChatEventManager - Caching history for chatId 17: 17 messages
2025-12-27 13:40:05.712 [Global-Listener] INFO  org.example.zalu.client.ClientCache - Client cache saved to disk.
2025-12-27 13:40:05.729 [Global-Listener] INFO  o.e.zalu.client.ChatEventManager - Caching history for chatId 22: 36 messages
2025-12-27 13:40:05.759 [Global-Listener] INFO  org.example.zalu.client.ClientCache - Client cache saved to disk.
2025-12-27 13:40:05.761 [Global-Listener] INFO  o.e.zalu.client.ChatEventManager - Caching history for chatId -1: 7 messages
2025-12-27 13:40:05.786 [Global-Listener] INFO  org.example.zalu.client.ClientCache - Client cache saved to disk.
2025-12-27 13:40:05.789 [Global-Listener] INFO  o.e.zalu.client.ChatEventManager - Caching history for chatId 2: 28 messages
2025-12-27 13:40:05.815 [Global-Listener] INFO  org.example.zalu.client.ClientCache - Client cache saved to disk.
2025-12-27 13:40:05.816 [Global-Listener] INFO  o.e.zalu.client.ChatEventManager - Caching history for chatId -2: 16 messages
2025-12-27 13:40:05.838 [Global-Listener] INFO  org.example.zalu.client.ClientCache - Client cache saved to disk.
2025-12-27 13:40:08.346 [JavaFX Application Thread] INFO  org.example.zalu.client.ChatClient - Đã gửi LOGOUT tới server
2025-12-27 13:40:08.346 [Thread-18] INFO  o.example.zalu.server.ClientHandler - User 1 đăng xuất chủ động
2025-12-27 13:40:08.348 [Global-Listener] INFO  o.e.zalu.client.ChatEventManager - Received string message: LOGOUT_OK
2025-12-27 13:40:08.349 [Global-Listener] WARN  o.e.zalu.client.ChatEventManager - Unknown event type: java.lang.String
2025-12-27 13:40:08.548 [JavaFX Application Thread] INFO  org.example.zalu.client.ChatClient - Đã ngắt kết nối sạch sẽ – không reconnect tự động
2025-12-27 13:40:08.548 [Thread-18] INFO  o.example.zalu.server.ClientHandler - Server: Client 1 đã đóng kết nối (EOF)
2025-12-27 13:40:08.548 [Thread-18] INFO  o.example.zalu.server.ClientHandler - User 1 đã thoát
2025-12-27 13:40:08.550 [JavaFX Application Thread] INFO  org.example.zalu.ZaluApplication - Ứng dụng Zalu đã tắt hoàn toàn – Hẹn gặp lại!
2025-12-27 13:40:15.558 [main] INFO  org.example.zalu.server.ChatServer - ⚠ BỎ QUA KIỂM TRA LICENSE (yêu cầu bảo mật đã tắt cho bản dev).
2025-12-27 13:40:15.576 [main] INFO  org.example.zalu.server.ChatServer - ✓ Tất cả DAO đã khởi tạo thành công với HikariCP!
2025-12-27 13:40:15.577 [main] INFO  org.example.zalu.server.ChatServer - === Kiểm tra cấu hình MySQL ===
2025-12-27 13:40:15.980 [main] INFO  o.e.z.u.database.MySQLConfigHelper - MySQL max_allowed_packet hiện tại: 16777216 bytes (16 MB)
2025-12-27 13:40:15.982 [main] INFO  o.e.z.u.database.MySQLConfigHelper - ✓ max_allowed_packet đã đủ lớn (16 MB)
2025-12-27 13:40:15.990 [main] INFO  org.example.zalu.server.ChatServer - ================================

2025-12-27 13:40:18.880 [JavaFX Application Thread] INFO  org.example.zalu.ZaluApplication - === Khởi động Zalu Client ===
2025-12-27 13:40:18.882 [JavaFX Application Thread] INFO  org.example.zalu.ZaluApplication - ⚠ License check đã bị vô hiệu hóa – dùng cho môi trường phát triển.
2025-12-27 13:40:18.882 [JavaFX Application Thread] INFO  org.example.zalu.ZaluApplication - ℹ Sẽ tìm kiếm server tự động qua UDP Discovery...
2025-12-27 13:40:19.178 [JavaFX Application Thread] INFO  o.e.z.c.auth.LoginController - === Khởi động Auto-Discovery ===
2025-12-27 13:40:19.181 [ServerDiscovery-Thread] INFO  o.e.z.c.auth.LoginController - Bắt đầu quá trình tìm kiếm server tự động...
2025-12-27 13:40:19.184 [ServerDiscovery-Thread] INFO  o.e.z.client.ServerDiscoveryClient - === Bắt đầu tìm kiếm Server trong mạng LAN ===
2025-12-27 13:40:19.184 [ServerDiscovery-Thread] INFO  o.e.z.client.ServerDiscoveryClient - Discovery Port: 8888
2025-12-27 13:40:19.185 [ServerDiscovery-Thread] INFO  o.e.z.client.ServerDiscoveryClient - Timeout: 3000ms
2025-12-27 13:40:19.200 [ServerDiscovery-Thread] INFO  o.e.z.client.ServerDiscoveryClient - ✓ UDP Socket đã khởi tạo
2025-12-27 13:40:19.201 [ServerDiscovery-Thread] INFO  o.e.z.client.ServerDiscoveryClient - ✓ Broadcast mode: ENABLED
2025-12-27 13:40:19.201 [ServerDiscovery-Thread] INFO  o.e.z.client.ServerDiscoveryClient - ✓ Timeout: 3000ms
2025-12-27 13:40:19.204 [ServerDiscovery-Thread] INFO  o.e.z.client.ServerDiscoveryClient - >>> [Broadcast #1] Sent to 255.255.255.255:8888
2025-12-27 13:40:19.205 [ServerDiscovery-Thread] INFO  o.e.z.client.ServerDiscoveryClient - Đang quét các network interfaces...
2025-12-27 13:40:19.212 [ServerDiscovery-Thread] INFO  o.e.z.client.ServerDiscoveryClient -   [Interface #1] WAN Miniport (IP)-WFP Native MAC Layer LightWeight Filter-0000 - ACTIVE
2025-12-27 13:40:19.212 [ServerDiscovery-Thread] INFO  o.e.z.client.ServerDiscoveryClient -   [Interface #2] WAN Miniport (IP)-QoS Packet Scheduler-0000 - ACTIVE
2025-12-27 13:40:19.213 [ServerDiscovery-Thread] INFO  o.e.z.client.ServerDiscoveryClient -   [Interface #3] WAN Miniport (IPv6)-WFP Native MAC Layer LightWeight Filter-0000 - ACTIVE
2025-12-27 13:40:19.214 [ServerDiscovery-Thread] INFO  o.e.z.client.ServerDiscoveryClient -   [Interface #4] WAN Miniport (IPv6)-QoS Packet Scheduler-0000 - ACTIVE
2025-12-27 13:40:19.214 [ServerDiscovery-Thread] INFO  o.e.z.client.ServerDiscoveryClient -   [Interface #5] WAN Miniport (Network Monitor)-WFP Native MAC Layer LightWeight Filter-0000 - ACTIVE
2025-12-27 13:40:19.214 [ServerDiscovery-Thread] INFO  o.e.z.client.ServerDiscoveryClient -   [Interface #6] WAN Miniport (Network Monitor)-QoS Packet Scheduler-0000 - ACTIVE
2025-12-27 13:40:19.214 [ServerDiscovery-Thread] INFO  o.e.z.client.ServerDiscoveryClient -   [Interface #8] WAN Miniport (IP) - ACTIVE
2025-12-27 13:40:19.215 [ServerDiscovery-Thread] INFO  o.e.z.client.ServerDiscoveryClient -   [Interface #9] WAN Miniport (IPv6) - ACTIVE
2025-12-27 13:40:19.215 [ServerDiscovery-Thread] INFO  o.e.z.client.ServerDiscoveryClient -   [Interface #10] WAN Miniport (Network Monitor) - ACTIVE
2025-12-27 13:40:19.217 [ServerDiscovery-Thread] INFO  o.e.z.client.ServerDiscoveryClient -   [Interface #14] Intel(R) Wi-Fi 6E AX211 160MHz-WFP Native MAC Layer LightWeight Filter-0000 - ACTIVE
2025-12-27 13:40:19.217 [ServerDiscovery-Thread] INFO  o.e.z.client.ServerDiscoveryClient -   [Interface #15] Intel(R) Wi-Fi 6E AX211 160MHz-Virtual WiFi Filter Driver-0000 - ACTIVE
2025-12-27 13:40:19.218 [ServerDiscovery-Thread] INFO  o.e.z.client.ServerDiscoveryClient -   [Interface #16] Intel(R) Wi-Fi 6E AX211 160MHz-Native WiFi Filter Driver-0000 - ACTIVE
2025-12-27 13:40:19.219 [ServerDiscovery-Thread] INFO  o.e.z.client.ServerDiscoveryClient -   [Interface #17] Intel(R) Wi-Fi 6E AX211 160MHz-QoS Packet Scheduler-0000 - ACTIVE
2025-12-27 13:40:19.219 [ServerDiscovery-Thread] INFO  o.e.z.client.ServerDiscoveryClient -   [Interface #18] Intel(R) Wi-Fi 6E AX211 160MHz-WFP 802.3 MAC Layer LightWeight Filter-0000 - ACTIVE
2025-12-27 13:40:19.222 [ServerDiscovery-Thread] INFO  o.e.z.client.ServerDiscoveryClient -   [Interface #27] Intel(R) Wi-Fi 6E AX211 160MHz - ACTIVE
2025-12-27 13:40:19.224 [ServerDiscovery-Thread] INFO  o.e.z.client.ServerDiscoveryClient -     >>> [Broadcast #2] Sent to 10.219.179.255 (Intel(R) Wi-Fi 6E AX211 160MHz)
2025-12-27 13:40:19.225 [ServerDiscovery-Thread] INFO  o.e.z.client.ServerDiscoveryClient - ✓ Đã quét 36 network interfaces
2025-12-27 13:40:19.226 [ServerDiscovery-Thread] INFO  o.e.z.client.ServerDiscoveryClient - === Tổng số broadcast packets gửi đi: 2 ===
2025-12-27 13:40:19.226 [ServerDiscovery-Thread] INFO  o.e.z.client.ServerDiscoveryClient - Đang chờ nhận phản hồi từ server (timeout: 3000ms)...
2025-12-27 13:40:19.769 [JavaFX Application Thread] INFO  org.example.zalu.ZaluApplication - ✓ Zalu Client đã khởi động thành công!
2025-12-27 13:40:19.769 [JavaFX Application Thread] INFO  org.example.zalu.ZaluApplication -    Kích thước cố định: 1200.0 x 777.0
2025-12-27 13:40:19.771 [JavaFX Application Thread] INFO  org.example.zalu.ZaluApplication -    UDP Auto-Discovery: ENABLED
2025-12-27 13:40:22.229 [ServerDiscovery-Thread] WARN  o.e.z.client.ServerDiscoveryClient - === ✗ KHÔNG TÌM THẤY SERVER ===
2025-12-27 13:40:22.231 [ServerDiscovery-Thread] WARN  o.e.z.client.ServerDiscoveryClient - Không nhận được phản hồi sau 3000ms
2025-12-27 13:40:22.232 [ServerDiscovery-Thread] WARN  o.e.z.client.ServerDiscoveryClient - Đảm bảo server đang chạy và cùng mạng LAN
2025-12-27 13:40:22.234 [ServerDiscovery-Thread] INFO  o.e.z.client.ServerDiscoveryClient - === Kết thúc tìm kiếm Server ===
2025-12-27 13:40:22.239 [JavaFX Application Thread] WARN  o.e.z.c.auth.LoginController - === ✗ Auto-Discovery Thất Bại ===
2025-12-27 13:40:22.241 [JavaFX Application Thread] WARN  o.e.z.c.auth.LoginController - Không tìm thấy server sau 3053ms
2025-12-27 13:40:22.242 [JavaFX Application Thread] WARN  o.e.z.c.auth.LoginController - Sẽ sử dụng cấu hình mặc định (localhost)
2025-12-27 13:40:22.243 [JavaFX Application Thread] INFO  o.e.z.c.auth.LoginController - === Kết thúc Auto-Discovery ===
2025-12-27 13:40:30.766 [JavaFX Application Thread] INFO  org.example.zalu.client.ChatClient - ✓ Đã đọc cấu hình từ server.properties: localhost:5000
2025-12-27 13:40:30.767 [JavaFX Application Thread] INFO  org.example.zalu.client.ChatClient - ℹ Sử dụng IP mặc định: localhost (để kết nối từ máy khác, cấu hình trong server.properties hoặc dùng -Dserver.address=IP)
2025-12-27 13:40:30.769 [JavaFX Application Thread] INFO  org.example.zalu.client.ChatClient - Chưa kết nối server, đang thử kết nối...
2025-12-27 13:40:30.770 [JavaFX Application Thread] INFO  org.example.zalu.client.ChatClient - === Đang kết nối đến Server ===
2025-12-27 13:40:30.770 [JavaFX Application Thread] INFO  org.example.zalu.client.ChatClient - Server Address: localhost
2025-12-27 13:40:30.770 [JavaFX Application Thread] INFO  org.example.zalu.client.ChatClient - Server Port: 5000
2025-12-27 13:40:30.792 [JavaFX Application Thread] ERROR org.example.zalu.client.ChatClient - === ✗ Kết nối thất bại ===
2025-12-27 13:40:30.793 [JavaFX Application Thread] ERROR org.example.zalu.client.ChatClient - Lỗi: Connection refused
2025-12-27 13:40:30.794 [JavaFX Application Thread] ERROR org.example.zalu.client.ChatClient - Server: localhost:5000
2025-12-27 13:40:30.794 [JavaFX Application Thread] ERROR org.example.zalu.client.ChatClient - Nguyên nhân có thể:
2025-12-27 13:40:30.795 [JavaFX Application Thread] ERROR org.example.zalu.client.ChatClient -   1. Server chưa khởi động
2025-12-27 13:40:30.796 [JavaFX Application Thread] ERROR org.example.zalu.client.ChatClient -   2. Server đang chạy trên port khác
2025-12-27 13:40:30.798 [JavaFX Application Thread] ERROR org.example.zalu.client.ChatClient -   3. Firewall đang chặn kết nối
2025-12-27 13:40:30.798 [JavaFX Application Thread] ERROR org.example.zalu.client.ChatClient -   4. Địa chỉ IP không đúng
2025-12-27 13:40:30.805 [JavaFX Application Thread] WARN  o.e.z.c.auth.LoginController - Login failed for user: hylee. Reason: Không thể kết nối tới server. Vui lòng kiểm tra server có đang chạy không.
2025-12-27 13:40:37.996 [Thread-5] INFO  org.example.zalu.server.ChatServer - 🚀 Zalu Server đang chạy trên port 5000
2025-12-27 13:40:38.001 [Discovery-Listener] INFO  o.e.z.server.ServerDiscoveryListener - === UDP Discovery Listener Starting ===
2025-12-27 13:40:38.001 [Discovery-Listener] INFO  o.e.z.server.ServerDiscoveryListener - TCP Port to advertise: 5000
2025-12-27 13:40:38.003 [Discovery-Listener] INFO  o.e.z.server.ServerDiscoveryListener - UDP Discovery Port: 8888
2025-12-27 13:40:38.009 [Discovery-Listener] INFO  o.e.z.server.ServerDiscoveryListener - ✓ Server Discovery đang lắng nghe UDP trên port 8888
2025-12-27 13:40:38.010 [Discovery-Listener] INFO  o.e.z.server.ServerDiscoveryListener - ✓ Broadcast mode: ENABLED
2025-12-27 13:40:38.010 [Discovery-Listener] INFO  o.e.z.server.ServerDiscoveryListener - ✓ Sẵn sàng nhận discovery requests từ clients...
2025-12-27 13:40:43.362 [JavaFX Application Thread] INFO  org.example.zalu.client.ChatClient - Chưa kết nối server, đang thử kết nối...
2025-12-27 13:40:43.362 [JavaFX Application Thread] INFO  org.example.zalu.client.ChatClient - === Đang kết nối đến Server ===
2025-12-27 13:40:43.363 [JavaFX Application Thread] INFO  org.example.zalu.client.ChatClient - Server Address: localhost
2025-12-27 13:40:43.364 [JavaFX Application Thread] INFO  org.example.zalu.client.ChatClient - Server Port: 5000
2025-12-27 13:40:43.366 [Thread-5] INFO  org.example.zalu.server.ChatServer - ✅ Client mới kết nối: /127.0.0.1
2025-12-27 13:40:43.382 [JavaFX Application Thread] INFO  org.example.zalu.client.ChatClient - === ✓ Kết nối thành công ===
2025-12-27 13:40:43.382 [JavaFX Application Thread] INFO  org.example.zalu.client.ChatClient - Connected to: localhost:5000
2025-12-27 13:40:43.383 [JavaFX Application Thread] INFO  org.example.zalu.client.ChatClient - Socket timeout: 120s
2025-12-27 13:40:43.383 [JavaFX Application Thread] INFO  org.example.zalu.client.ChatClient - Buffer size: 2MB
2025-12-27 13:40:43.385 [Global-Listener] INFO  org.example.zalu.client.ChatClient - Global listener đã khởi động
2025-12-27 13:40:43.503 [pool-2-thread-1] INFO  org.example.zalu.client.ChatClient - Gửi: LOGIN_REQUEST|hylee|123456
2025-12-27 13:40:43.504 [Thread-7] INFO  o.example.zalu.server.ClientHandler - Server: Xử lý LOGIN_REQUEST: LOGIN_REQUEST|hylee|123456
2025-12-27 13:40:43.758 [Thread-7] INFO  o.example.zalu.server.ClientHandler - Server: Login thành công, gửi LOGIN_RESPONSE cho user 1
2025-12-27 13:40:43.777 [Global-Listener] INFO  o.e.zalu.client.ChatEventManager - Received string message: LOGIN_RESPONSE|SUCCESS|1
2025-12-27 13:40:43.778 [Global-Listener] INFO  o.e.zalu.client.ChatEventManager - ChatEventManager: Current userId set to 1
2025-12-27 13:40:43.782 [JavaFX Application Thread] INFO  o.e.z.c.auth.LoginController - Login successful for user: hylee
2025-12-27 13:40:43.793 [Global-Listener] INFO  o.e.zalu.client.ChatEventManager - Received List<Integer> #1: [2, 17, 22, 23, 24, 25] (friends, pending, or online users?)
2025-12-27 13:40:43.856 [JavaFX Application Thread] INFO  o.e.zalu.controller.MainController - DAOs and Managers initialized
2025-12-27 13:40:43.894 [Global-Listener] INFO  o.e.zalu.client.ChatEventManager - Received 128 messages total, grouped into 8 conversations
2025-12-27 13:40:43.922 [Global-Listener] INFO  org.example.zalu.client.ClientCache - Client cache loaded from disk: 7 users, 9 conversations
2025-12-27 13:40:43.961 [Global-Listener] INFO  org.example.zalu.client.ClientCache - Client cache saved to disk.
2025-12-27 13:40:43.983 [Global-Listener] INFO  org.example.zalu.client.ClientCache - Client cache saved to disk.
2025-12-27 13:40:43.988 [Thread-7] INFO  o.example.zalu.server.ClientHandler - ✓ hylee (ID: 1) đăng nhập thành công
2025-12-27 13:40:43.989 [JavaFX Application Thread] INFO  o.e.zalu.controller.MainController - Sub-controllers loaded for the first time
2025-12-27 13:40:44.000 [JavaFX Application Thread] INFO  o.e.zalu.controller.MainController - Welcome view (welcome-view.fxml) displayed successfully
2025-12-27 13:40:44.000 [JavaFX Application Thread] INFO  o.e.zalu.controller.MainController - MainController stage set
2025-12-27 13:40:44.001 [JavaFX Application Thread] INFO  o.e.zalu.controller.MainController - MainController currentUserId set to: 1
2025-12-27 13:40:44.001 [JavaFX Application Thread] INFO  o.e.zalu.controller.ChatListManager - Refreshing friend list for userId: 1
2025-12-27 13:40:44.001 [pool-2-thread-1] INFO  org.example.zalu.client.ChatClient - Gửi: GET_FRIENDS_LIST_FULL|1
2025-12-27 13:40:44.001 [pool-2-thread-1] INFO  org.example.zalu.client.ChatClient - Gửi: GET_GROUPS|1
2025-12-27 13:40:44.003 [Global-Listener] INFO  org.example.zalu.client.ClientCache - Client cache saved to disk.
2025-12-27 13:40:44.003 [pool-2-thread-1] INFO  org.example.zalu.client.ChatClient - Gửi: GET_USER_BY_ID|1
2025-12-27 13:40:44.020 [Global-Listener] INFO  org.example.zalu.client.ClientCache - Client cache saved to disk.
2025-12-27 13:40:44.028 [Global-Listener] INFO  org.example.zalu.client.ClientCache - Client cache saved to disk.
2025-12-27 13:40:44.036 [Global-Listener] INFO  org.example.zalu.client.ClientCache - Client cache saved to disk.
2025-12-27 13:40:44.044 [Global-Listener] INFO  org.example.zalu.client.ClientCache - Client cache saved to disk.
2025-12-27 13:40:44.050 [Global-Listener] INFO  org.example.zalu.client.ClientCache - Client cache saved to disk.
2025-12-27 13:40:44.054 [Global-Listener] INFO  o.e.zalu.client.ChatEventManager - Received List<GroupInfo>: 2 groups
2025-12-27 13:40:44.056 [Global-Listener] INFO  o.e.zalu.client.ChatEventManager - Received List<Integer> #2: [1] (friends, pending, or online users?)
2025-12-27 13:40:44.058 [Global-Listener] WARN  o.e.zalu.client.ChatEventManager - Unknown event type: java.util.HashMap
2025-12-27 13:40:44.059 [Global-Listener] INFO  o.e.zalu.client.ChatEventManager - Received List<GroupInfo>: 2 groups
2025-12-27 13:40:44.313 [JavaFX Application Thread] INFO  o.e.zalu.controller.MainController - DAOs and Managers initialized
2025-12-27 13:40:44.366 [JavaFX Application Thread] INFO  o.e.zalu.controller.MainController - Sub-controllers loaded for the first time
2025-12-27 13:40:44.372 [JavaFX Application Thread] INFO  o.e.zalu.controller.MainController - Welcome view (welcome-view.fxml) displayed successfully
2025-12-27 13:40:44.372 [JavaFX Application Thread] INFO  o.e.zalu.controller.MainController - MainController stage set
2025-12-27 13:40:44.373 [JavaFX Application Thread] INFO  o.e.zalu.controller.MainController - MainController currentUserId set to: 1
2025-12-27 13:40:44.373 [JavaFX Application Thread] INFO  o.e.zalu.controller.ChatListManager - Refreshing friend list for userId: 1
2025-12-27 13:40:44.375 [pool-2-thread-1] INFO  org.example.zalu.client.ChatClient - Gửi: GET_FRIENDS_LIST_FULL|1
2025-12-27 13:40:44.376 [pool-2-thread-1] INFO  org.example.zalu.client.ChatClient - Gửi: GET_GROUPS|1
2025-12-27 13:40:44.377 [pool-2-thread-1] INFO  org.example.zalu.client.ChatClient - Gửi: GET_USER_BY_ID|1
2025-12-27 13:40:44.427 [Global-Listener] INFO  o.e.zalu.client.ChatEventManager - Received List<GroupInfo>: 2 groups
2025-12-27 13:40:44.466 [JavaFX Application Thread] INFO  o.e.zalu.client.ChatEventManager - ✓ Đăng nhập thành công! UserID = 1
2025-12-27 13:40:44.474 [JavaFX Application Thread] INFO  o.e.zalu.controller.MainController - onMessagesReceived: 128 messages
2025-12-27 13:40:44.486 [JavaFX Application Thread] INFO  o.e.zalu.controller.ChatListManager - Received groups update: 2 groups
2025-12-27 13:40:44.492 [JavaFX Application Thread] INFO  o.e.zalu.controller.ChatListManager - Pre-fetched top 2 conversations in background
2025-12-27 13:40:44.493 [pool-2-thread-1] INFO  org.example.zalu.client.ChatClient - Gửi: GET_GROUP_CONVERSATION|1|1
2025-12-27 13:40:44.493 [JavaFX Application Thread] INFO  o.e.zalu.controller.ChatListManager - Friend list refreshed with 0 friends and 2 groups
2025-12-27 13:40:44.493 [pool-2-thread-1] INFO  org.example.zalu.client.ChatClient - Gửi: GET_GROUP_CONVERSATION|1|2
2025-12-27 13:40:44.494 [JavaFX Application Thread] INFO  o.e.zalu.controller.ChatListManager - Received online users list: 1 users
2025-12-27 13:40:44.495 [JavaFX Application Thread] INFO  o.e.zalu.controller.ChatListManager - Received full friend list: 6 friends
2025-12-27 13:40:44.496 [pool-2-thread-1] INFO  org.example.zalu.client.ChatClient - Gửi: GET_USER_AVATAR|2
2025-12-27 13:40:44.496 [pool-2-thread-1] INFO  org.example.zalu.client.ChatClient - Gửi: GET_USER_AVATAR|17
2025-12-27 13:40:44.496 [pool-2-thread-1] INFO  org.example.zalu.client.ChatClient - Gửi: GET_USER_AVATAR|22
2025-12-27 13:40:44.498 [JavaFX Application Thread] INFO  o.e.zalu.controller.ChatListManager - Pre-fetched top 5 conversations in background
2025-12-27 13:40:44.498 [pool-2-thread-1] INFO  org.example.zalu.client.ChatClient - Gửi: GET_USER_AVATAR|23
2025-12-27 13:40:44.499 [JavaFX Application Thread] INFO  o.e.zalu.controller.ChatListManager - Friend list refreshed with 6 friends and 2 groups
2025-12-27 13:40:44.499 [pool-2-thread-1] INFO  org.example.zalu.client.ChatClient - Gửi: GET_USER_AVATAR|24
2025-12-27 13:40:44.499 [JavaFX Application Thread] INFO  o.e.zalu.controller.ChatListManager - Received groups update: 2 groups
2025-12-27 13:40:44.499 [pool-2-thread-1] INFO  org.example.zalu.client.ChatClient - Gửi: GET_USER_AVATAR|25
2025-12-27 13:40:44.500 [pool-2-thread-1] INFO  org.example.zalu.client.ChatClient - Gửi: GET_CONVERSATION|1|17
2025-12-27 13:40:44.500 [pool-2-thread-1] INFO  org.example.zalu.client.ChatClient - Gửi: GET_CONVERSATION|1|22
2025-12-27 13:40:44.500 [JavaFX Application Thread] INFO  o.e.zalu.controller.ChatListManager - Pre-fetched top 5 conversations in background
2025-12-27 13:40:44.501 [JavaFX Application Thread] INFO  o.e.zalu.controller.ChatListManager - Friend list refreshed with 6 friends and 2 groups
2025-12-27 13:40:44.502 [pool-2-thread-1] INFO  org.example.zalu.client.ChatClient - Gửi: GET_GROUP_CONVERSATION|1|1
2025-12-27 13:40:44.502 [pool-2-thread-1] INFO  org.example.zalu.client.ChatClient - Gửi: GET_CONVERSATION|1|2
2025-12-27 13:40:44.503 [pool-2-thread-1] INFO  org.example.zalu.client.ChatClient - Gửi: GET_GROUP_CONVERSATION|1|2
2025-12-27 13:40:44.504 [pool-2-thread-1] INFO  org.example.zalu.client.ChatClient - Gửi: GET_CONVERSATION|1|17
2025-12-27 13:40:44.504 [pool-2-thread-1] INFO  org.example.zalu.client.ChatClient - Gửi: GET_CONVERSATION|1|22
2025-12-27 13:40:44.505 [pool-2-thread-1] INFO  org.example.zalu.client.ChatClient - Gửi: GET_GROUP_CONVERSATION|1|1
2025-12-27 13:40:44.505 [pool-2-thread-1] INFO  org.example.zalu.client.ChatClient - Gửi: GET_CONVERSATION|1|2
2025-12-27 13:40:44.506 [pool-2-thread-1] INFO  org.example.zalu.client.ChatClient - Gửi: GET_GROUP_CONVERSATION|1|2
2025-12-27 13:40:44.521 [JavaFX Application Thread] INFO  o.e.zalu.controller.ChatListManager - Received full friend list: 6 friends
2025-12-27 13:40:44.522 [pool-2-thread-1] INFO  org.example.zalu.client.ChatClient - Gửi: GET_USER_AVATAR|2
2025-12-27 13:40:44.522 [pool-2-thread-1] INFO  org.example.zalu.client.ChatClient - Gửi: GET_USER_AVATAR|17
2025-12-27 13:40:44.522 [JavaFX Application Thread] INFO  o.e.zalu.controller.ChatListManager - Pre-fetched top 5 conversations in background
2025-12-27 13:40:44.522 [pool-2-thread-1] INFO  org.example.zalu.client.ChatClient - Gửi: GET_USER_AVATAR|22
2025-12-27 13:40:44.523 [JavaFX Application Thread] INFO  o.e.zalu.controller.ChatListManager - Friend list refreshed with 6 friends and 2 groups
2025-12-27 13:40:44.523 [pool-2-thread-1] INFO  org.example.zalu.client.ChatClient - Gửi: GET_USER_AVATAR|23
2025-12-27 13:40:44.523 [pool-2-thread-1] INFO  org.example.zalu.client.ChatClient - Gửi: GET_USER_AVATAR|24
2025-12-27 13:40:44.523 [JavaFX Application Thread] INFO  o.e.zalu.controller.ChatListManager - Received groups update: 2 groups
2025-12-27 13:40:44.524 [pool-2-thread-1] INFO  org.example.zalu.client.ChatClient - Gửi: GET_USER_AVATAR|25
2025-12-27 13:40:44.524 [pool-2-thread-1] INFO  org.example.zalu.client.ChatClient - Gửi: GET_CONVERSATION|1|17
2025-12-27 13:40:44.524 [pool-2-thread-1] INFO  org.example.zalu.client.ChatClient - Gửi: GET_CONVERSATION|1|22
2025-12-27 13:40:44.524 [JavaFX Application Thread] INFO  o.e.zalu.controller.ChatListManager - Pre-fetched top 5 conversations in background
2025-12-27 13:40:44.525 [pool-2-thread-1] INFO  org.example.zalu.client.ChatClient - Gửi: GET_GROUP_CONVERSATION|1|1
2025-12-27 13:40:44.526 [JavaFX Application Thread] INFO  o.e.zalu.controller.ChatListManager - Friend list refreshed with 6 friends and 2 groups
2025-12-27 13:40:44.526 [pool-2-thread-1] INFO  org.example.zalu.client.ChatClient - Gửi: GET_CONVERSATION|1|2
2025-12-27 13:40:44.526 [pool-2-thread-1] INFO  org.example.zalu.client.ChatClient - Gửi: GET_GROUP_CONVERSATION|1|2
2025-12-27 13:40:44.527 [pool-2-thread-1] INFO  org.example.zalu.client.ChatClient - Gửi: GET_CONVERSATION|1|17
2025-12-27 13:40:44.527 [pool-2-thread-1] INFO  org.example.zalu.client.ChatClient - Gửi: GET_CONVERSATION|1|22
2025-12-27 13:40:44.528 [pool-2-thread-1] INFO  org.example.zalu.client.ChatClient - Gửi: GET_GROUP_CONVERSATION|1|1
2025-12-27 13:40:44.529 [pool-2-thread-1] INFO  org.example.zalu.client.ChatClient - Gửi: GET_CONVERSATION|1|2
2025-12-27 13:40:44.530 [pool-2-thread-1] INFO  org.example.zalu.client.ChatClient - Gửi: GET_GROUP_CONVERSATION|1|2
2025-12-27 13:40:44.533 [Global-Listener] INFO  o.e.zalu.client.ChatEventManager - Caching history for chatId -1: 7 messages
2025-12-27 13:40:44.543 [Global-Listener] INFO  org.example.zalu.client.ClientCache - Client cache saved to disk.
2025-12-27 13:40:44.561 [Global-Listener] INFO  o.e.zalu.client.ChatEventManager - Caching history for chatId -2: 16 messages
2025-12-27 13:40:44.569 [Global-Listener] INFO  org.example.zalu.client.ClientCache - Client cache saved to disk.
2025-12-27 13:40:44.570 [Global-Listener] INFO  o.e.zalu.client.ChatEventManager - Received string message: USER_AVATAR|2|0
2025-12-27 13:40:44.570 [Global-Listener] INFO  o.e.zalu.client.ChatEventManager - Received string message: USER_AVATAR|17|0
2025-12-27 13:40:44.573 [Global-Listener] INFO  o.e.zalu.client.ChatEventManager - Received string message: USER_AVATAR|22|0
2025-12-27 13:40:44.576 [Global-Listener] INFO  o.e.zalu.client.ChatEventManager - Received string message: USER_AVATAR|23|0
2025-12-27 13:40:44.580 [Global-Listener] INFO  o.e.zalu.client.ChatEventManager - Received string message: USER_AVATAR|24|0
2025-12-27 13:40:44.612 [Global-Listener] INFO  o.e.zalu.client.ChatEventManager - Received string message: USER_AVATAR|25|1377614
2025-12-27 13:40:44.651 [Global-Listener] INFO  o.e.zalu.client.ChatEventManager - Received byte data: 1377614 bytes
2025-12-27 13:40:44.683 [Global-Listener] INFO  o.e.zalu.client.ChatEventManager - Caching history for chatId 17: 17 messages
2025-12-27 13:40:44.691 [Global-Listener] INFO  org.example.zalu.client.ClientCache - Client cache saved to disk.
2025-12-27 13:40:44.798 [Global-Listener] INFO  o.e.zalu.client.ChatEventManager - Caching history for chatId 22: 36 messages
2025-12-27 13:40:44.815 [Global-Listener] INFO  org.example.zalu.client.ClientCache - Client cache saved to disk.
2025-12-27 13:40:44.816 [Global-Listener] INFO  o.e.zalu.client.ChatEventManager - Caching history for chatId -1: 7 messages
2025-12-27 13:40:44.834 [Global-Listener] INFO  org.example.zalu.client.ClientCache - Client cache saved to disk.
2025-12-27 13:40:44.838 [Global-Listener] INFO  o.e.zalu.client.ChatEventManager - Caching history for chatId 2: 28 messages
2025-12-27 13:40:44.858 [Global-Listener] INFO  org.example.zalu.client.ClientCache - Client cache saved to disk.
2025-12-27 13:40:44.859 [Global-Listener] INFO  o.e.zalu.client.ChatEventManager - Caching history for chatId -2: 16 messages
2025-12-27 13:40:44.878 [Global-Listener] INFO  org.example.zalu.client.ClientCache - Client cache saved to disk.
2025-12-27 13:40:44.880 [Global-Listener] INFO  o.e.zalu.client.ChatEventManager - Caching history for chatId 17: 17 messages
2025-12-27 13:40:44.900 [Global-Listener] INFO  org.example.zalu.client.ClientCache - Client cache saved to disk.
2025-12-27 13:40:44.971 [Global-Listener] INFO  o.e.zalu.client.ChatEventManager - Caching history for chatId 22: 36 messages
2025-12-27 13:40:44.985 [Global-Listener] INFO  org.example.zalu.client.ClientCache - Client cache saved to disk.
2025-12-27 13:40:44.986 [Global-Listener] INFO  o.e.zalu.client.ChatEventManager - Caching history for chatId -1: 7 messages
2025-12-27 13:40:45.002 [Global-Listener] INFO  org.example.zalu.client.ClientCache - Client cache saved to disk.
2025-12-27 13:40:45.003 [Global-Listener] INFO  o.e.zalu.client.ChatEventManager - Caching history for chatId 2: 28 messages
2025-12-27 13:40:45.019 [Global-Listener] INFO  org.example.zalu.client.ClientCache - Client cache saved to disk.
2025-12-27 13:40:45.021 [Global-Listener] INFO  o.e.zalu.client.ChatEventManager - Caching history for chatId -2: 16 messages
2025-12-27 13:40:45.040 [Global-Listener] INFO  org.example.zalu.client.ClientCache - Client cache saved to disk.
2025-12-27 13:40:45.041 [Global-Listener] INFO  o.e.zalu.client.ChatEventManager - Received string message: USER_AVATAR|2|0
2025-12-27 13:40:45.042 [Global-Listener] INFO  o.e.zalu.client.ChatEventManager - Received string message: USER_AVATAR|17|0
2025-12-27 13:40:45.042 [Global-Listener] INFO  o.e.zalu.client.ChatEventManager - Received string message: USER_AVATAR|22|0
2025-12-27 13:40:45.043 [Global-Listener] INFO  o.e.zalu.client.ChatEventManager - Received string message: USER_AVATAR|23|0
2025-12-27 13:40:45.043 [Global-Listener] INFO  o.e.zalu.client.ChatEventManager - Received string message: USER_AVATAR|24|0
2025-12-27 13:40:45.043 [Global-Listener] INFO  o.e.zalu.client.ChatEventManager - Received string message: USER_AVATAR|25|1377614
2025-12-27 13:40:45.077 [Global-Listener] INFO  o.e.zalu.client.ChatEventManager - Received byte data: 1377614 bytes
2025-12-27 13:40:45.094 [Global-Listener] INFO  o.e.zalu.client.ChatEventManager - Caching history for chatId 17: 17 messages
2025-12-27 13:40:45.117 [Global-Listener] INFO  org.example.zalu.client.ClientCache - Client cache saved to disk.
2025-12-27 13:40:45.198 [Global-Listener] INFO  o.e.zalu.client.ChatEventManager - Caching history for chatId 22: 36 messages
2025-12-27 13:40:45.214 [Global-Listener] INFO  org.example.zalu.client.ClientCache - Client cache saved to disk.
2025-12-27 13:40:45.227 [Global-Listener] INFO  o.e.zalu.client.ChatEventManager - Caching history for chatId -1: 7 messages
2025-12-27 13:40:45.244 [Global-Listener] INFO  org.example.zalu.client.ClientCache - Client cache saved to disk.
2025-12-27 13:40:45.246 [Global-Listener] INFO  o.e.zalu.client.ChatEventManager - Caching history for chatId 2: 28 messages
2025-12-27 13:40:45.261 [Global-Listener] INFO  org.example.zalu.client.ClientCache - Client cache saved to disk.
2025-12-27 13:40:45.263 [Global-Listener] INFO  o.e.zalu.client.ChatEventManager - Caching history for chatId -2: 16 messages
2025-12-27 13:40:45.283 [Global-Listener] INFO  org.example.zalu.client.ClientCache - Client cache saved to disk.
2025-12-27 13:40:45.286 [Global-Listener] INFO  o.e.zalu.client.ChatEventManager - Caching history for chatId 17: 17 messages
2025-12-27 13:40:45.304 [Global-Listener] INFO  org.example.zalu.client.ClientCache - Client cache saved to disk.
2025-12-27 13:40:45.363 [Global-Listener] INFO  o.e.zalu.client.ChatEventManager - Caching history for chatId 22: 36 messages
2025-12-27 13:40:45.386 [Global-Listener] INFO  org.example.zalu.client.ClientCache - Client cache saved to disk.
2025-12-27 13:40:45.386 [Global-Listener] INFO  o.e.zalu.client.ChatEventManager - Caching history for chatId -1: 7 messages
2025-12-27 13:40:45.411 [Global-Listener] INFO  org.example.zalu.client.ClientCache - Client cache saved to disk.
2025-12-27 13:40:45.416 [Global-Listener] INFO  o.e.zalu.client.ChatEventManager - Caching history for chatId 2: 28 messages
2025-12-27 13:40:45.436 [Global-Listener] INFO  org.example.zalu.client.ClientCache - Client cache saved to disk.
2025-12-27 13:40:45.438 [Global-Listener] INFO  o.e.zalu.client.ChatEventManager - Caching history for chatId -2: 16 messages
2025-12-27 13:40:45.457 [Global-Listener] INFO  org.example.zalu.client.ClientCache - Client cache saved to disk.
2025-12-27 13:40:45.671 [JavaFX Application Thread] INFO  o.e.zalu.controller.MainController - Selection changed to: Đoàn Trọng Mỹ (isWelcomeMode: true)
2025-12-27 13:40:45.734 [JavaFX Application Thread] INFO  o.e.zalu.controller.MainController - Loading chat for: Đoàn Trọng Mỹ
2025-12-27 13:40:45.736 [JavaFX Application Thread] INFO  o.e.zalu.controller.MainController - Reloading chat for: Đoàn Trọng Mỹ
2025-12-27 13:40:45.736 [JavaFX Application Thread] INFO  o.e.zalu.controller.MainController - Using cached messages for friend 17: 17 messages
2025-12-27 13:40:45.744 [pool-2-thread-1] INFO  org.example.zalu.client.ChatClient - Gửi: GET_PINNED_MESSAGES|1|17|false
2025-12-27 13:40:45.886 [pool-2-thread-1] INFO  org.example.zalu.client.ChatClient - Gửi: MARK_AS_READ|1|17
2025-12-27 13:40:45.887 [pool-2-thread-1] INFO  org.example.zalu.client.ChatClient - Gửi: GET_CONVERSATION|1|17
2025-12-27 13:40:45.918 [Global-Listener] INFO  o.e.zalu.client.ChatEventManager - Caching history for chatId 17: 17 messages
2025-12-27 13:40:45.934 [Global-Listener] INFO  org.example.zalu.client.ClientCache - Client cache saved to disk.
2025-12-27 13:40:52.878 [JavaFX Application Thread] INFO  o.e.zalu.controller.MainController - Logout triggered for userId: 1
2025-12-27 13:40:53.854 [JavaFX Application Thread] INFO  org.example.zalu.client.ChatClient - Đã gửi LOGOUT tới server
2025-12-27 13:40:53.854 [Thread-7] INFO  o.example.zalu.server.ClientHandler - User 1 đăng xuất chủ động
2025-12-27 13:40:53.856 [Global-Listener] INFO  o.e.zalu.client.ChatEventManager - Received string message: LOGOUT_OK
2025-12-27 13:40:53.858 [Global-Listener] WARN  o.e.zalu.client.ChatEventManager - Unknown event type: java.lang.String
2025-12-27 13:40:54.056 [JavaFX Application Thread] INFO  org.example.zalu.client.ChatClient - Đã ngắt kết nối sạch sẽ – không reconnect tự động
2025-12-27 13:40:54.056 [Thread-7] INFO  o.example.zalu.server.ClientHandler - Server: Client 1 đã đóng kết nối (EOF)
2025-12-27 13:40:54.058 [JavaFX Application Thread] INFO  o.e.zalu.controller.MainController - Resetting data flags for logout...
2025-12-27 13:40:54.058 [Thread-7] INFO  o.example.zalu.server.ClientHandler - User 1 đã thoát
2025-12-27 13:40:54.061 [JavaFX Application Thread] INFO  o.e.zalu.controller.MainController - Data flags reset completed
2025-12-27 13:40:54.068 [JavaFX Application Thread] INFO  o.e.z.c.auth.LoginController - === Khởi động Auto-Discovery ===
2025-12-27 13:40:54.069 [ServerDiscovery-Thread] INFO  o.e.z.c.auth.LoginController - Bắt đầu quá trình tìm kiếm server tự động...
2025-12-27 13:40:54.071 [ServerDiscovery-Thread] INFO  o.e.z.client.ServerDiscoveryClient - === Bắt đầu tìm kiếm Server trong mạng LAN ===
2025-12-27 13:40:54.071 [ServerDiscovery-Thread] INFO  o.e.z.client.ServerDiscoveryClient - Discovery Port: 8888
2025-12-27 13:40:54.072 [ServerDiscovery-Thread] INFO  o.e.z.client.ServerDiscoveryClient - Timeout: 3000ms
2025-12-27 13:40:54.072 [ServerDiscovery-Thread] INFO  o.e.z.client.ServerDiscoveryClient - ✓ UDP Socket đã khởi tạo
2025-12-27 13:40:54.072 [ServerDiscovery-Thread] INFO  o.e.z.client.ServerDiscoveryClient - ✓ Broadcast mode: ENABLED
2025-12-27 13:40:54.072 [ServerDiscovery-Thread] INFO  o.e.z.client.ServerDiscoveryClient - ✓ Timeout: 3000ms
2025-12-27 13:40:54.074 [Discovery-Listener] INFO  o.e.z.server.ServerDiscoveryListener - >>> [Request #1] Discovery request từ 10.219.179.108:58890
2025-12-27 13:40:54.073 [ServerDiscovery-Thread] INFO  o.e.z.client.ServerDiscoveryClient - >>> [Broadcast #1] Sent to 255.255.255.255:8888
2025-12-27 13:40:54.076 [ServerDiscovery-Thread] INFO  o.e.z.client.ServerDiscoveryClient - Đang quét các network interfaces...
2025-12-27 13:40:54.076 [Discovery-Listener] INFO  o.e.z.server.ServerDiscoveryListener - <<< [Response #1] Đã gửi response tới 10.219.179.108:58890 - TCP Port: 5000
2025-12-27 13:40:54.078 [ServerDiscovery-Thread] INFO  o.e.z.client.ServerDiscoveryClient -   [Interface #1] WAN Miniport (IP)-WFP Native MAC Layer LightWeight Filter-0000 - ACTIVE
2025-12-27 13:40:54.078 [ServerDiscovery-Thread] INFO  o.e.z.client.ServerDiscoveryClient -   [Interface #2] WAN Miniport (IP)-QoS Packet Scheduler-0000 - ACTIVE
2025-12-27 13:40:54.080 [ServerDiscovery-Thread] INFO  o.e.z.client.ServerDiscoveryClient -   [Interface #3] WAN Miniport (IPv6)-WFP Native MAC Layer LightWeight Filter-0000 - ACTIVE
2025-12-27 13:40:54.080 [ServerDiscovery-Thread] INFO  o.e.z.client.ServerDiscoveryClient -   [Interface #4] WAN Miniport (IPv6)-QoS Packet Scheduler-0000 - ACTIVE
2025-12-27 13:40:54.080 [ServerDiscovery-Thread] INFO  o.e.z.client.ServerDiscoveryClient -   [Interface #5] WAN Miniport (Network Monitor)-WFP Native MAC Layer LightWeight Filter-0000 - ACTIVE
2025-12-27 13:40:54.080 [ServerDiscovery-Thread] INFO  o.e.z.client.ServerDiscoveryClient -   [Interface #6] WAN Miniport (Network Monitor)-QoS Packet Scheduler-0000 - ACTIVE
2025-12-27 13:40:54.081 [ServerDiscovery-Thread] INFO  o.e.z.client.ServerDiscoveryClient -   [Interface #8] WAN Miniport (IP) - ACTIVE
2025-12-27 13:40:54.081 [ServerDiscovery-Thread] INFO  o.e.z.client.ServerDiscoveryClient -   [Interface #9] WAN Miniport (IPv6) - ACTIVE
2025-12-27 13:40:54.081 [ServerDiscovery-Thread] INFO  o.e.z.client.ServerDiscoveryClient -   [Interface #10] WAN Miniport (Network Monitor) - ACTIVE
2025-12-27 13:40:54.083 [ServerDiscovery-Thread] INFO  o.e.z.client.ServerDiscoveryClient -   [Interface #14] Intel(R) Wi-Fi 6E AX211 160MHz-WFP Native MAC Layer LightWeight Filter-0000 - ACTIVE
2025-12-27 13:40:54.084 [ServerDiscovery-Thread] INFO  o.e.z.client.ServerDiscoveryClient -   [Interface #15] Intel(R) Wi-Fi 6E AX211 160MHz-Virtual WiFi Filter Driver-0000 - ACTIVE
2025-12-27 13:40:54.084 [ServerDiscovery-Thread] INFO  o.e.z.client.ServerDiscoveryClient -   [Interface #16] Intel(R) Wi-Fi 6E AX211 160MHz-Native WiFi Filter Driver-0000 - ACTIVE
2025-12-27 13:40:54.086 [ServerDiscovery-Thread] INFO  o.e.z.client.ServerDiscoveryClient -   [Interface #17] Intel(R) Wi-Fi 6E AX211 160MHz-QoS Packet Scheduler-0000 - ACTIVE
2025-12-27 13:40:54.086 [ServerDiscovery-Thread] INFO  o.e.z.client.ServerDiscoveryClient -   [Interface #18] Intel(R) Wi-Fi 6E AX211 160MHz-WFP 802.3 MAC Layer LightWeight Filter-0000 - ACTIVE
2025-12-27 13:40:54.089 [ServerDiscovery-Thread] INFO  o.e.z.client.ServerDiscoveryClient -   [Interface #27] Intel(R) Wi-Fi 6E AX211 160MHz - ACTIVE
2025-12-27 13:40:54.090 [ServerDiscovery-Thread] INFO  o.e.z.client.ServerDiscoveryClient -     >>> [Broadcast #2] Sent to 10.219.179.255 (Intel(R) Wi-Fi 6E AX211 160MHz)
2025-12-27 13:40:54.090 [Discovery-Listener] INFO  o.e.z.server.ServerDiscoveryListener - >>> [Request #2] Discovery request từ 10.219.179.108:58890
2025-12-27 13:40:54.092 [ServerDiscovery-Thread] INFO  o.e.z.client.ServerDiscoveryClient - ✓ Đã quét 36 network interfaces
2025-12-27 13:40:54.092 [Discovery-Listener] INFO  o.e.z.server.ServerDiscoveryListener - <<< [Response #2] Đã gửi response tới 10.219.179.108:58890 - TCP Port: 5000
2025-12-27 13:40:54.092 [ServerDiscovery-Thread] INFO  o.e.z.client.ServerDiscoveryClient - === Tổng số broadcast packets gửi đi: 2 ===
2025-12-27 13:40:54.092 [ServerDiscovery-Thread] INFO  o.e.z.client.ServerDiscoveryClient - Đang chờ nhận phản hồi từ server (timeout: 3000ms)...
2025-12-27 13:40:54.098 [ServerDiscovery-Thread] INFO  o.e.z.client.ServerDiscoveryClient - <<< Nhận phản hồi từ 10.219.179.108:8888 (5ms)
2025-12-27 13:40:54.099 [ServerDiscovery-Thread] INFO  o.e.z.client.ServerDiscoveryClient - === ✓ TÌM THẤY SERVER ===
2025-12-27 13:40:54.099 [ServerDiscovery-Thread] INFO  o.e.z.client.ServerDiscoveryClient - Server Address: 10.219.179.108
2025-12-27 13:40:54.099 [ServerDiscovery-Thread] INFO  o.e.z.client.ServerDiscoveryClient - TCP Port: 5000
2025-12-27 13:40:54.100 [ServerDiscovery-Thread] INFO  o.e.z.client.ServerDiscoveryClient - Response Time: 5ms
2025-12-27 13:40:54.321 [JavaFX Application Thread] INFO  o.e.zalu.controller.MainController - Logout successful
2025-12-27 13:40:54.322 [JavaFX Application Thread] ERROR org.example.zalu.ZaluApplication - ⚠ LỖI KHÔNG MONG MUỐN (UNCAUGHT EXCEPTION): Cannot invoke "java.util.function.Consumer.accept(Object)" because "org.example.zalu.client.ChatEventManager.broadcastCallback" is null
java.lang.NullPointerException: Cannot invoke "java.util.function.Consumer.accept(Object)" because "org.example.zalu.client.ChatEventManager.broadcastCallback" is null
	at org.example.zalu/org.example.zalu.client.ChatEventManager.lambda$43(ChatEventManager.java:797)
	at javafx.graphics@21/com.sun.javafx.application.PlatformImpl.lambda$runLater$10(PlatformImpl.java:456)
	at java.base/java.security.AccessController.doPrivileged(AccessController.java:400)
	at javafx.graphics@21/com.sun.javafx.application.PlatformImpl.lambda$runLater$11(PlatformImpl.java:455)
	at javafx.graphics@21/com.sun.glass.ui.InvokeLaterDispatcher$Future.run(InvokeLaterDispatcher.java:95)
	at javafx.graphics@21/com.sun.glass.ui.win.WinApplication._runLoop(Native Method)
	at javafx.graphics@21/com.sun.glass.ui.win.WinApplication.lambda$runLoop$3(WinApplication.java:185)
	at java.base/java.lang.Thread.run(Thread.java:1583)
2025-12-27 13:40:54.333 [JavaFX Application Thread] INFO  o.e.z.c.auth.LoginController - === ✓ Auto-Discovery Thành Công ===
2025-12-27 13:40:54.334 [JavaFX Application Thread] INFO  o.e.z.c.auth.LoginController - Server được tìm thấy: 10.219.179.108:5000
2025-12-27 13:40:54.334 [JavaFX Application Thread] INFO  o.e.z.c.auth.LoginController - Thời gian tìm kiếm: 29ms
2025-12-27 13:40:54.334 [JavaFX Application Thread] INFO  org.example.zalu.client.ChatClient - Đã cập nhật cấu hình server: 10.219.179.108:5000
2025-12-27 13:40:54.334 [JavaFX Application Thread] INFO  org.example.zalu.client.ChatClient - Đã ngắt kết nối sạch sẽ – không reconnect tự động
2025-12-27 13:40:54.335 [JavaFX Application Thread] INFO  o.e.z.c.auth.LoginController - Đã cấu hình ChatClient với server: 10.219.179.108:5000
2025-12-27 13:40:54.335 [JavaFX Application Thread] INFO  o.e.z.c.auth.LoginController - === Kết thúc Auto-Discovery ===
2025-12-27 13:41:01.916 [JavaFX Application Thread] INFO  org.example.zalu.client.ChatClient - Chưa kết nối server, đang thử kết nối...
2025-12-27 13:41:01.916 [JavaFX Application Thread] INFO  org.example.zalu.client.ChatClient - === Đang kết nối đến Server ===
2025-12-27 13:41:01.916 [JavaFX Application Thread] INFO  org.example.zalu.client.ChatClient - Server Address: 10.219.179.108
2025-12-27 13:41:01.918 [JavaFX Application Thread] INFO  org.example.zalu.client.ChatClient - Server Port: 5000
2025-12-27 13:41:01.920 [Thread-5] INFO  org.example.zalu.server.ChatServer - ✅ Client mới kết nối: /10.219.179.108
2025-12-27 13:41:01.922 [JavaFX Application Thread] INFO  org.example.zalu.client.ChatClient - === ✓ Kết nối thành công ===
2025-12-27 13:41:01.922 [JavaFX Application Thread] INFO  org.example.zalu.client.ChatClient - Connected to: 10.219.179.108:5000
2025-12-27 13:41:01.924 [JavaFX Application Thread] INFO  org.example.zalu.client.ChatClient - Socket timeout: 120s
2025-12-27 13:41:01.924 [JavaFX Application Thread] INFO  org.example.zalu.client.ChatClient - Buffer size: 2MB
2025-12-27 13:41:01.925 [Global-Listener] INFO  org.example.zalu.client.ChatClient - Global listener đã khởi động
2025-12-27 13:41:02.026 [pool-2-thread-1] INFO  org.example.zalu.client.ChatClient - Gửi: LOGIN_REQUEST|hylee|123456
2025-12-27 13:41:02.026 [Thread-8] INFO  o.example.zalu.server.ClientHandler - Server: Xử lý LOGIN_REQUEST: LOGIN_REQUEST|hylee|123456
2025-12-27 13:41:02.257 [Thread-8] INFO  o.example.zalu.server.ClientHandler - Server: Login thành công, gửi LOGIN_RESPONSE cho user 1
2025-12-27 13:41:02.258 [Global-Listener] INFO  o.e.zalu.client.ChatEventManager - Received string message: LOGIN_RESPONSE|SUCCESS|1
2025-12-27 13:41:02.259 [Global-Listener] INFO  o.e.zalu.client.ChatEventManager - ChatEventManager: Current userId set to 1
2025-12-27 13:41:02.262 [Global-Listener] INFO  o.e.zalu.client.ChatEventManager - Received List<Integer> #1: [2, 17, 22, 23, 24, 25] (friends, pending, or online users?)
2025-12-27 13:41:02.265 [JavaFX Application Thread] INFO  o.e.z.c.auth.LoginController - Login successful for user: hylee
2025-12-27 13:41:02.272 [JavaFX Application Thread] INFO  o.e.zalu.controller.MainController - DAOs and Managers initialized
2025-12-27 13:41:02.303 [Global-Listener] INFO  o.e.zalu.client.ChatEventManager - Received 128 messages total, grouped into 8 conversations
2025-12-27 13:41:02.314 [JavaFX Application Thread] INFO  o.e.zalu.controller.MainController - Sub-controllers loaded for the first time
2025-12-27 13:41:02.321 [JavaFX Application Thread] INFO  o.e.zalu.controller.MainController - Welcome view (welcome-view.fxml) displayed successfully
2025-12-27 13:41:02.321 [JavaFX Application Thread] INFO  o.e.zalu.controller.MainController - MainController stage set
2025-12-27 13:41:02.321 [JavaFX Application Thread] INFO  o.e.zalu.controller.MainController - MainController currentUserId set to: 1
2025-12-27 13:41:02.321 [JavaFX Application Thread] INFO  o.e.zalu.controller.ChatListManager - Refreshing friend list for userId: 1
2025-12-27 13:41:02.322 [pool-2-thread-1] INFO  org.example.zalu.client.ChatClient - Gửi: GET_FRIENDS_LIST_FULL|1
2025-12-27 13:41:02.322 [pool-2-thread-1] INFO  org.example.zalu.client.ChatClient - Gửi: GET_GROUPS|1
2025-12-27 13:41:02.322 [pool-2-thread-1] INFO  org.example.zalu.client.ChatClient - Gửi: GET_USER_BY_ID|1
2025-12-27 13:41:02.322 [Global-Listener] INFO  org.example.zalu.client.ClientCache - Client cache saved to disk.
2025-12-27 13:41:02.341 [Global-Listener] INFO  org.example.zalu.client.ClientCache - Client cache saved to disk.
2025-12-27 13:41:02.346 [Thread-8] INFO  o.example.zalu.server.ClientHandler - ✓ hylee (ID: 1) đăng nhập thành công
2025-12-27 13:41:02.359 [Global-Listener] INFO  org.example.zalu.client.ClientCache - Client cache saved to disk.
2025-12-27 13:41:02.376 [Global-Listener] INFO  org.example.zalu.client.ClientCache - Client cache saved to disk.
2025-12-27 13:41:02.381 [Global-Listener] INFO  org.example.zalu.client.ClientCache - Client cache saved to disk.
2025-12-27 13:41:02.387 [Global-Listener] INFO  org.example.zalu.client.ClientCache - Client cache saved to disk.
2025-12-27 13:41:02.392 [Global-Listener] INFO  org.example.zalu.client.ClientCache - Client cache saved to disk.
2025-12-27 13:41:02.398 [Global-Listener] INFO  org.example.zalu.client.ClientCache - Client cache saved to disk.
2025-12-27 13:41:02.398 [Global-Listener] INFO  o.e.zalu.client.ChatEventManager - Received List<GroupInfo>: 2 groups
2025-12-27 13:41:02.398 [Global-Listener] INFO  o.e.zalu.client.ChatEventManager - Received List<Integer> #2: [1] (friends, pending, or online users?)
2025-12-27 13:41:02.400 [Global-Listener] WARN  o.e.zalu.client.ChatEventManager - Unknown event type: java.util.HashMap
2025-12-27 13:41:02.400 [Global-Listener] INFO  o.e.zalu.client.ChatEventManager - Received List<GroupInfo>: 2 groups
2025-12-27 13:41:02.441 [JavaFX Application Thread] INFO  o.e.zalu.controller.MainController - DAOs and Managers initialized
2025-12-27 13:41:02.469 [JavaFX Application Thread] INFO  o.e.zalu.controller.MainController - Sub-controllers loaded for the first time
2025-12-27 13:41:02.472 [JavaFX Application Thread] INFO  o.e.zalu.controller.MainController - Welcome view (welcome-view.fxml) displayed successfully
2025-12-27 13:41:02.472 [JavaFX Application Thread] INFO  o.e.zalu.controller.MainController - MainController stage set
2025-12-27 13:41:02.472 [JavaFX Application Thread] INFO  o.e.zalu.controller.MainController - MainController currentUserId set to: 1
2025-12-27 13:41:02.473 [JavaFX Application Thread] INFO  o.e.zalu.controller.ChatListManager - Refreshing friend list for userId: 1
2025-12-27 13:41:02.473 [pool-2-thread-1] INFO  org.example.zalu.client.ChatClient - Gửi: GET_FRIENDS_LIST_FULL|1
2025-12-27 13:41:02.475 [pool-2-thread-1] INFO  org.example.zalu.client.ChatClient - Gửi: GET_GROUPS|1
2025-12-27 13:41:02.475 [pool-2-thread-1] INFO  org.example.zalu.client.ChatClient - Gửi: GET_USER_BY_ID|1
2025-12-27 13:41:02.489 [Global-Listener] INFO  o.e.zalu.client.ChatEventManager - Received List<GroupInfo>: 2 groups
2025-12-27 13:41:02.526 [JavaFX Application Thread] INFO  o.e.zalu.client.ChatEventManager - ✓ Đăng nhập thành công! UserID = 1
2025-12-27 13:41:02.533 [JavaFX Application Thread] INFO  o.e.zalu.controller.MainController - onMessagesReceived: 128 messages
2025-12-27 13:41:02.536 [JavaFX Application Thread] INFO  o.e.zalu.controller.ChatListManager - Received groups update: 2 groups
2025-12-27 13:41:02.538 [JavaFX Application Thread] INFO  o.e.zalu.controller.ChatListManager - Pre-fetched top 2 conversations in background
2025-12-27 13:41:02.538 [pool-2-thread-1] INFO  org.example.zalu.client.ChatClient - Gửi: GET_GROUP_CONVERSATION|1|1
2025-12-27 13:41:02.538 [JavaFX Application Thread] INFO  o.e.zalu.controller.ChatListManager - Friend list refreshed with 0 friends and 2 groups
2025-12-27 13:41:02.538 [pool-2-thread-1] INFO  org.example.zalu.client.ChatClient - Gửi: GET_GROUP_CONVERSATION|1|2
2025-12-27 13:41:02.538 [JavaFX Application Thread] INFO  o.e.zalu.controller.ChatListManager - Received online users list: 1 users
2025-12-27 13:41:02.538 [JavaFX Application Thread] INFO  o.e.zalu.controller.ChatListManager - Received full friend list: 6 friends
2025-12-27 13:41:02.539 [pool-2-thread-1] INFO  org.example.zalu.client.ChatClient - Gửi: GET_USER_AVATAR|2
2025-12-27 13:41:02.539 [pool-2-thread-1] INFO  org.example.zalu.client.ChatClient - Gửi: GET_USER_AVATAR|17
2025-12-27 13:41:02.540 [JavaFX Application Thread] INFO  o.e.zalu.controller.ChatListManager - Pre-fetched top 5 conversations in background
2025-12-27 13:41:02.540 [pool-2-thread-1] INFO  org.example.zalu.client.ChatClient - Gửi: GET_USER_AVATAR|22
2025-12-27 13:41:02.540 [JavaFX Application Thread] INFO  o.e.zalu.controller.ChatListManager - Friend list refreshed with 6 friends and 2 groups
2025-12-27 13:41:02.541 [pool-2-thread-1] INFO  org.example.zalu.client.ChatClient - Gửi: GET_USER_AVATAR|23
2025-12-27 13:41:02.541 [JavaFX Application Thread] INFO  o.e.zalu.controller.ChatListManager - Received groups update: 2 groups
2025-12-27 13:41:02.541 [pool-2-thread-1] INFO  org.example.zalu.client.ChatClient - Gửi: GET_USER_AVATAR|24
2025-12-27 13:41:02.541 [pool-2-thread-1] INFO  org.example.zalu.client.ChatClient - Gửi: GET_CONVERSATION|1|17
2025-12-27 13:41:02.542 [pool-2-thread-1] INFO  org.example.zalu.client.ChatClient - Gửi: GET_CONVERSATION|1|22
2025-12-27 13:41:02.542 [JavaFX Application Thread] INFO  o.e.zalu.controller.ChatListManager - Pre-fetched top 5 conversations in background
2025-12-27 13:41:02.542 [pool-2-thread-1] INFO  org.example.zalu.client.ChatClient - Gửi: GET_GROUP_CONVERSATION|1|1
2025-12-27 13:41:02.542 [JavaFX Application Thread] INFO  o.e.zalu.controller.ChatListManager - Friend list refreshed with 6 friends and 2 groups
2025-12-27 13:41:02.543 [pool-2-thread-1] INFO  org.example.zalu.client.ChatClient - Gửi: GET_CONVERSATION|1|2
2025-12-27 13:41:02.544 [pool-2-thread-1] INFO  org.example.zalu.client.ChatClient - Gửi: GET_GROUP_CONVERSATION|1|2
2025-12-27 13:41:02.544 [pool-2-thread-1] INFO  org.example.zalu.client.ChatClient - Gửi: GET_CONVERSATION|1|17
2025-12-27 13:41:02.544 [pool-2-thread-1] INFO  org.example.zalu.client.ChatClient - Gửi: GET_CONVERSATION|1|22
2025-12-27 13:41:02.545 [pool-2-thread-1] INFO  org.example.zalu.client.ChatClient - Gửi: GET_GROUP_CONVERSATION|1|1
2025-12-27 13:41:02.545 [pool-2-thread-1] INFO  org.example.zalu.client.ChatClient - Gửi: GET_CONVERSATION|1|2
2025-12-27 13:41:02.545 [pool-2-thread-1] INFO  org.example.zalu.client.ChatClient - Gửi: GET_GROUP_CONVERSATION|1|2
2025-12-27 13:41:02.546 [JavaFX Application Thread] INFO  o.e.zalu.controller.ChatListManager - Received full friend list: 6 friends
2025-12-27 13:41:02.548 [pool-2-thread-1] INFO  org.example.zalu.client.ChatClient - Gửi: GET_USER_AVATAR|2
2025-12-27 13:41:02.549 [pool-2-thread-1] INFO  org.example.zalu.client.ChatClient - Gửi: GET_USER_AVATAR|17
2025-12-27 13:41:02.549 [JavaFX Application Thread] INFO  o.e.zalu.controller.ChatListManager - Pre-fetched top 5 conversations in background
2025-12-27 13:41:02.549 [JavaFX Application Thread] INFO  o.e.zalu.controller.ChatListManager - Friend list refreshed with 6 friends and 2 groups
2025-12-27 13:41:02.549 [pool-2-thread-1] INFO  org.example.zalu.client.ChatClient - Gửi: GET_USER_AVATAR|22
2025-12-27 13:41:02.550 [JavaFX Application Thread] INFO  o.e.zalu.controller.ChatListManager - Received groups update: 2 groups
2025-12-27 13:41:02.550 [pool-2-thread-1] INFO  org.example.zalu.client.ChatClient - Gửi: GET_USER_AVATAR|23
2025-12-27 13:41:02.550 [pool-2-thread-1] INFO  org.example.zalu.client.ChatClient - Gửi: GET_USER_AVATAR|24
2025-12-27 13:41:02.550 [pool-2-thread-1] INFO  org.example.zalu.client.ChatClient - Gửi: GET_CONVERSATION|1|17
2025-12-27 13:41:02.550 [JavaFX Application Thread] INFO  o.e.zalu.controller.ChatListManager - Pre-fetched top 5 conversations in background
2025-12-27 13:41:02.550 [pool-2-thread-1] INFO  org.example.zalu.client.ChatClient - Gửi: GET_CONVERSATION|1|22
2025-12-27 13:41:02.550 [JavaFX Application Thread] INFO  o.e.zalu.controller.ChatListManager - Friend list refreshed with 6 friends and 2 groups
2025-12-27 13:41:02.550 [pool-2-thread-1] INFO  org.example.zalu.client.ChatClient - Gửi: GET_GROUP_CONVERSATION|1|1
2025-12-27 13:41:02.550 [Global-Listener] INFO  o.e.zalu.client.ChatEventManager - Caching history for chatId -1: 7 messages
2025-12-27 13:41:02.552 [pool-2-thread-1] INFO  org.example.zalu.client.ChatClient - Gửi: GET_CONVERSATION|1|2
2025-12-27 13:41:02.553 [pool-2-thread-1] INFO  org.example.zalu.client.ChatClient - Gửi: GET_GROUP_CONVERSATION|1|2
2025-12-27 13:41:02.553 [pool-2-thread-1] INFO  org.example.zalu.client.ChatClient - Gửi: GET_CONVERSATION|1|17
2025-12-27 13:41:02.554 [pool-2-thread-1] INFO  org.example.zalu.client.ChatClient - Gửi: GET_CONVERSATION|1|22
2025-12-27 13:41:02.556 [pool-2-thread-1] INFO  org.example.zalu.client.ChatClient - Gửi: GET_GROUP_CONVERSATION|1|1
2025-12-27 13:41:02.556 [pool-2-thread-1] INFO  org.example.zalu.client.ChatClient - Gửi: GET_CONVERSATION|1|2
2025-12-27 13:41:02.557 [pool-2-thread-1] INFO  org.example.zalu.client.ChatClient - Gửi: GET_GROUP_CONVERSATION|1|2
2025-12-27 13:41:02.559 [Global-Listener] INFO  org.example.zalu.client.ClientCache - Client cache saved to disk.
2025-12-27 13:41:02.571 [Global-Listener] INFO  o.e.zalu.client.ChatEventManager - Caching history for chatId -2: 16 messages
2025-12-27 13:41:02.579 [Global-Listener] INFO  org.example.zalu.client.ClientCache - Client cache saved to disk.
2025-12-27 13:41:02.580 [Global-Listener] INFO  o.e.zalu.client.ChatEventManager - Received string message: USER_AVATAR|2|0
2025-12-27 13:41:02.580 [Global-Listener] INFO  o.e.zalu.client.ChatEventManager - Received string message: USER_AVATAR|17|0
2025-12-27 13:41:02.581 [Global-Listener] INFO  o.e.zalu.client.ChatEventManager - Received string message: USER_AVATAR|22|0
2025-12-27 13:41:02.584 [Global-Listener] INFO  o.e.zalu.client.ChatEventManager - Received string message: USER_AVATAR|23|0
2025-12-27 13:41:02.588 [Global-Listener] INFO  o.e.zalu.client.ChatEventManager - Received string message: USER_AVATAR|24|0
2025-12-27 13:41:02.603 [Global-Listener] INFO  o.e.zalu.client.ChatEventManager - Caching history for chatId 17: 17 messages
2025-12-27 13:41:02.610 [Global-Listener] INFO  org.example.zalu.client.ClientCache - Client cache saved to disk.
2025-12-27 13:41:02.706 [Global-Listener] INFO  o.e.zalu.client.ChatEventManager - Caching history for chatId 22: 36 messages
2025-12-27 13:41:02.722 [Global-Listener] INFO  org.example.zalu.client.ClientCache - Client cache saved to disk.
2025-12-27 13:41:02.723 [Global-Listener] INFO  o.e.zalu.client.ChatEventManager - Caching history for chatId -1: 7 messages
2025-12-27 13:41:02.740 [Global-Listener] INFO  org.example.zalu.client.ClientCache - Client cache saved to disk.
2025-12-27 13:41:02.741 [Global-Listener] INFO  o.e.zalu.client.ChatEventManager - Caching history for chatId 2: 28 messages
2025-12-27 13:41:02.757 [Global-Listener] INFO  org.example.zalu.client.ClientCache - Client cache saved to disk.
2025-12-27 13:41:02.759 [Global-Listener] INFO  o.e.zalu.client.ChatEventManager - Caching history for chatId -2: 16 messages
2025-12-27 13:41:02.772 [Global-Listener] INFO  org.example.zalu.client.ClientCache - Client cache saved to disk.
2025-12-27 13:41:02.774 [Global-Listener] INFO  o.e.zalu.client.ChatEventManager - Caching history for chatId 17: 17 messages
2025-12-27 13:41:02.789 [Global-Listener] INFO  org.example.zalu.client.ClientCache - Client cache saved to disk.
2025-12-27 13:41:02.839 [Global-Listener] INFO  o.e.zalu.client.ChatEventManager - Caching history for chatId 22: 36 messages
2025-12-27 13:41:02.854 [Global-Listener] INFO  org.example.zalu.client.ClientCache - Client cache saved to disk.
2025-12-27 13:41:02.854 [Global-Listener] INFO  o.e.zalu.client.ChatEventManager - Caching history for chatId -1: 7 messages
2025-12-27 13:41:02.869 [Global-Listener] INFO  org.example.zalu.client.ClientCache - Client cache saved to disk.
2025-12-27 13:41:02.871 [Global-Listener] INFO  o.e.zalu.client.ChatEventManager - Caching history for chatId 2: 28 messages
2025-12-27 13:41:02.885 [Global-Listener] INFO  org.example.zalu.client.ClientCache - Client cache saved to disk.
2025-12-27 13:41:02.887 [Global-Listener] INFO  o.e.zalu.client.ChatEventManager - Caching history for chatId -2: 16 messages
2025-12-27 13:41:02.903 [Global-Listener] INFO  org.example.zalu.client.ClientCache - Client cache saved to disk.
2025-12-27 13:41:02.903 [Global-Listener] INFO  o.e.zalu.client.ChatEventManager - Received string message: USER_AVATAR|2|0
2025-12-27 13:41:02.903 [Global-Listener] INFO  o.e.zalu.client.ChatEventManager - Received string message: USER_AVATAR|17|0
2025-12-27 13:41:02.903 [Global-Listener] INFO  o.e.zalu.client.ChatEventManager - Received string message: USER_AVATAR|22|0
2025-12-27 13:41:02.903 [Global-Listener] INFO  o.e.zalu.client.ChatEventManager - Received string message: USER_AVATAR|23|0
2025-12-27 13:41:02.904 [Global-Listener] INFO  o.e.zalu.client.ChatEventManager - Received string message: USER_AVATAR|24|0
2025-12-27 13:41:02.916 [Global-Listener] INFO  o.e.zalu.client.ChatEventManager - Caching history for chatId 17: 17 messages
2025-12-27 13:41:02.933 [Global-Listener] INFO  org.example.zalu.client.ClientCache - Client cache saved to disk.
2025-12-27 13:41:03.001 [Global-Listener] INFO  o.e.zalu.client.ChatEventManager - Caching history for chatId 22: 36 messages
2025-12-27 13:41:03.027 [Global-Listener] INFO  org.example.zalu.client.ClientCache - Client cache saved to disk.
2025-12-27 13:41:03.028 [Global-Listener] INFO  o.e.zalu.client.ChatEventManager - Caching history for chatId -1: 7 messages
2025-12-27 13:41:03.058 [Global-Listener] INFO  org.example.zalu.client.ClientCache - Client cache saved to disk.
2025-12-27 13:41:03.061 [Global-Listener] INFO  o.e.zalu.client.ChatEventManager - Caching history for chatId 2: 28 messages
2025-12-27 13:41:03.092 [Global-Listener] INFO  org.example.zalu.client.ClientCache - Client cache saved to disk.
2025-12-27 13:41:03.094 [Global-Listener] INFO  o.e.zalu.client.ChatEventManager - Caching history for chatId -2: 16 messages
2025-12-27 13:41:03.134 [Global-Listener] INFO  org.example.zalu.client.ClientCache - Client cache saved to disk.
2025-12-27 13:41:03.136 [Global-Listener] INFO  o.e.zalu.client.ChatEventManager - Caching history for chatId 17: 17 messages
2025-12-27 13:41:03.167 [Global-Listener] INFO  org.example.zalu.client.ClientCache - Client cache saved to disk.
2025-12-27 13:41:03.177 [Global-Listener] INFO  o.e.zalu.client.ChatEventManager - Caching history for chatId 22: 36 messages
2025-12-27 13:41:03.221 [Global-Listener] INFO  org.example.zalu.client.ClientCache - Client cache saved to disk.
2025-12-27 13:41:03.222 [Global-Listener] INFO  o.e.zalu.client.ChatEventManager - Caching history for chatId -1: 7 messages
2025-12-27 13:41:03.258 [Global-Listener] INFO  org.example.zalu.client.ClientCache - Client cache saved to disk.
2025-12-27 13:41:03.262 [Global-Listener] INFO  o.e.zalu.client.ChatEventManager - Caching history for chatId 2: 28 messages
2025-12-27 13:41:03.286 [Global-Listener] INFO  org.example.zalu.client.ClientCache - Client cache saved to disk.
2025-12-27 13:41:03.289 [Global-Listener] INFO  o.e.zalu.client.ChatEventManager - Caching history for chatId -2: 16 messages
2025-12-27 13:41:03.328 [Global-Listener] INFO  org.example.zalu.client.ClientCache - Client cache saved to disk.
2025-12-27 13:43:03.351 [Global-Listener] WARN  org.example.zalu.client.ChatClient - Mất kết nối bất ngờ → thử reconnect...
2025-12-27 13:43:03.415 [JavaFX Application Thread] INFO  org.example.zalu.client.ChatClient - Đang thử kết nối lại...
2025-12-27 13:43:03.422 [JavaFX Application Thread] INFO  org.example.zalu.client.ChatClient - === Đang kết nối đến Server ===
2025-12-27 13:43:03.422 [JavaFX Application Thread] INFO  org.example.zalu.client.ChatClient - Server Address: 10.219.179.108
2025-12-27 13:43:03.424 [JavaFX Application Thread] INFO  org.example.zalu.client.ChatClient - Server Port: 5000
2025-12-27 13:43:03.421 [Thread-8] INFO  o.example.zalu.server.ClientHandler - Server: Client 1 đã đóng kết nối (EOF)
2025-12-27 13:43:03.434 [Thread-5] INFO  org.example.zalu.server.ChatServer - ✅ Client mới kết nối: /10.219.179.108
2025-12-27 13:43:03.434 [Thread-8] INFO  o.example.zalu.server.ClientHandler - User 1 đã thoát
2025-12-27 13:43:03.448 [JavaFX Application Thread] INFO  org.example.zalu.client.ChatClient - === ✓ Kết nối thành công ===
2025-12-27 13:43:03.449 [JavaFX Application Thread] INFO  org.example.zalu.client.ChatClient - Connected to: 10.219.179.108:5000
2025-12-27 13:43:03.449 [JavaFX Application Thread] INFO  org.example.zalu.client.ChatClient - Socket timeout: 120s
2025-12-27 13:43:03.450 [JavaFX Application Thread] INFO  org.example.zalu.client.ChatClient - Buffer size: 2MB
2025-12-27 13:43:03.451 [JavaFX Application Thread] INFO  org.example.zalu.client.ChatClient - ✓ Kết nối lại thành công sau 1 lần thử!
2025-12-27 13:43:03.459 [Global-Listener] INFO  org.example.zalu.client.ChatClient - Global listener đã khởi động
2025-12-27 13:43:03.465 [JavaFX Application Thread] INFO  org.example.zalu.client.ChatClient - Đã gửi yêu cầu khôi phục session cho userId=1
2025-12-27 13:43:03.493 [Thread-9] INFO  o.example.zalu.server.ClientHandler - Khôi phục session thành công cho userId 1
2025-12-27 13:43:03.494 [Global-Listener] INFO  o.e.zalu.client.ChatEventManager - Received string message: RESUME_SESSION|OK
2025-12-27 13:43:03.496 [Global-Listener] INFO  o.e.zalu.client.ChatEventManager - ✓ Khôi phục session thành công, yêu cầu tải lại nhóm
2025-12-27 13:43:03.498 [Global-Listener] INFO  o.e.zalu.client.ChatEventManager - Received string message: FRIENDS_UPDATE
2025-12-27 13:43:03.498 [Global-Listener] WARN  o.e.zalu.client.ChatEventManager - Unknown event type: java.lang.String
2025-12-27 13:43:03.499 [Global-Listener] INFO  o.e.zalu.client.ChatEventManager - Received string message: GROUPS_UPDATE
2025-12-27 13:43:03.499 [pool-2-thread-1] INFO  org.example.zalu.client.ChatClient - Gửi: GET_GROUPS|1
2025-12-27 13:43:03.499 [Global-Listener] WARN  o.e.zalu.client.ChatEventManager - Unknown event type: java.lang.String
2025-12-27 13:43:03.500 [pool-2-thread-1] INFO  org.example.zalu.client.ChatClient - Gửi: GET_GROUPS|1
2025-12-27 13:43:03.521 [Global-Listener] INFO  o.e.zalu.client.ChatEventManager - Received List<GroupInfo>: 2 groups
2025-12-27 13:43:03.524 [JavaFX Application Thread] INFO  o.e.zalu.controller.ChatListManager - Received groups update: 2 groups
2025-12-27 13:43:03.526 [Global-Listener] INFO  o.e.zalu.client.ChatEventManager - Received List<GroupInfo>: 2 groups
2025-12-27 13:43:03.586 [JavaFX Application Thread] INFO  o.e.zalu.controller.ChatListManager - Pre-fetched top 5 conversations in background
2025-12-27 13:43:03.588 [pool-2-thread-1] INFO  org.example.zalu.client.ChatClient - Gửi: GET_CONVERSATION|1|17
2025-12-27 13:43:03.588 [JavaFX Application Thread] INFO  o.e.zalu.controller.ChatListManager - Friend list refreshed with 6 friends and 2 groups
2025-12-27 13:43:03.588 [pool-2-thread-1] INFO  org.example.zalu.client.ChatClient - Gửi: GET_CONVERSATION|1|22
2025-12-27 13:43:03.588 [pool-2-thread-1] INFO  org.example.zalu.client.ChatClient - Gửi: GET_GROUP_CONVERSATION|1|1
2025-12-27 13:43:03.588 [pool-2-thread-1] INFO  org.example.zalu.client.ChatClient - Gửi: GET_CONVERSATION|1|2
2025-12-27 13:43:03.590 [pool-2-thread-1] INFO  org.example.zalu.client.ChatClient - Gửi: GET_GROUP_CONVERSATION|1|2
2025-12-27 13:43:03.648 [Global-Listener] INFO  o.e.zalu.client.ChatEventManager - Caching history for chatId 17: 17 messages
2025-12-27 13:43:03.677 [JavaFX Application Thread] INFO  o.e.zalu.controller.ChatListManager - Received groups update: 2 groups
2025-12-27 13:43:03.702 [Global-Listener] INFO  org.example.zalu.client.ClientCache - Client cache saved to disk.
2025-12-27 13:43:03.705 [pool-2-thread-1] INFO  org.example.zalu.client.ChatClient - Gửi: GET_CONVERSATION|1|17
2025-12-27 13:43:03.704 [JavaFX Application Thread] INFO  o.e.zalu.controller.ChatListManager - Pre-fetched top 5 conversations in background
2025-12-27 13:43:03.705 [pool-2-thread-1] INFO  org.example.zalu.client.ChatClient - Gửi: GET_CONVERSATION|1|22
2025-12-27 13:43:03.707 [JavaFX Application Thread] INFO  o.e.zalu.controller.ChatListManager - Friend list refreshed with 6 friends and 2 groups
2025-12-27 13:43:03.707 [pool-2-thread-1] INFO  org.example.zalu.client.ChatClient - Gửi: GET_GROUP_CONVERSATION|1|1
2025-12-27 13:43:03.710 [pool-2-thread-1] INFO  org.example.zalu.client.ChatClient - Gửi: GET_CONVERSATION|1|2
2025-12-27 13:43:03.711 [pool-2-thread-1] INFO  org.example.zalu.client.ChatClient - Gửi: GET_GROUP_CONVERSATION|1|2
2025-12-27 13:43:03.778 [Global-Listener] INFO  o.e.zalu.client.ChatEventManager - Caching history for chatId 22: 36 messages
2025-12-27 13:43:03.835 [Global-Listener] INFO  org.example.zalu.client.ClientCache - Client cache saved to disk.
2025-12-27 13:43:03.841 [Global-Listener] INFO  o.e.zalu.client.ChatEventManager - Caching history for chatId -1: 7 messages
2025-12-27 13:43:03.920 [Global-Listener] INFO  org.example.zalu.client.ClientCache - Client cache saved to disk.
2025-12-27 13:43:03.923 [Global-Listener] INFO  o.e.zalu.client.ChatEventManager - Caching history for chatId 2: 28 messages
2025-12-27 13:43:03.962 [Global-Listener] INFO  org.example.zalu.client.ClientCache - Client cache saved to disk.
2025-12-27 13:43:03.966 [Global-Listener] INFO  o.e.zalu.client.ChatEventManager - Caching history for chatId -2: 16 messages
2025-12-27 13:43:04.003 [Global-Listener] INFO  org.example.zalu.client.ClientCache - Client cache saved to disk.
2025-12-27 13:43:04.009 [Global-Listener] INFO  o.e.zalu.client.ChatEventManager - Caching history for chatId 17: 17 messages
2025-12-27 13:43:04.046 [Global-Listener] INFO  org.example.zalu.client.ClientCache - Client cache saved to disk.
2025-12-27 13:43:04.071 [Global-Listener] INFO  o.e.zalu.client.ChatEventManager - Caching history for chatId 22: 36 messages
2025-12-27 13:43:04.109 [Global-Listener] INFO  org.example.zalu.client.ClientCache - Client cache saved to disk.
2025-12-27 13:43:04.111 [Global-Listener] INFO  o.e.zalu.client.ChatEventManager - Caching history for chatId -1: 7 messages
2025-12-27 13:43:04.148 [Global-Listener] INFO  org.example.zalu.client.ClientCache - Client cache saved to disk.
2025-12-27 13:43:04.151 [Global-Listener] INFO  o.e.zalu.client.ChatEventManager - Caching history for chatId 2: 28 messages
2025-12-27 13:43:04.199 [Global-Listener] INFO  org.example.zalu.client.ClientCache - Client cache saved to disk.
2025-12-27 13:43:04.202 [Global-Listener] INFO  o.e.zalu.client.ChatEventManager - Caching history for chatId -2: 16 messages
2025-12-27 13:43:04.238 [Global-Listener] INFO  org.example.zalu.client.ClientCache - Client cache saved to disk.
2025-12-27 13:43:17.207 [JavaFX Application Thread] INFO  o.e.zalu.controller.MainController - Selection changed to: Đoàn Trọng Mỹ (isWelcomeMode: true)
2025-12-27 13:43:17.331 [JavaFX Application Thread] INFO  o.e.zalu.controller.MainController - Loading chat for: Đoàn Trọng Mỹ
2025-12-27 13:43:17.331 [JavaFX Application Thread] INFO  o.e.zalu.controller.MainController - Reloading chat for: Đoàn Trọng Mỹ
2025-12-27 13:43:17.332 [JavaFX Application Thread] INFO  o.e.zalu.controller.MainController - Using cached messages for friend 17: 17 messages
2025-12-27 13:43:17.336 [pool-2-thread-1] INFO  org.example.zalu.client.ChatClient - Gửi: GET_PINNED_MESSAGES|1|17|false
2025-12-27 13:43:17.489 [pool-2-thread-1] INFO  org.example.zalu.client.ChatClient - Gửi: MARK_AS_READ|1|17
2025-12-27 13:43:17.491 [pool-2-thread-1] INFO  org.example.zalu.client.ChatClient - Gửi: GET_CONVERSATION|1|17
2025-12-27 13:43:17.534 [Global-Listener] INFO  o.e.zalu.client.ChatEventManager - Caching history for chatId 17: 17 messages
2025-12-27 13:43:17.552 [Global-Listener] INFO  org.example.zalu.client.ClientCache - Client cache saved to disk.
2025-12-27 13:43:33.080 [pool-2-thread-1] INFO  org.example.zalu.client.ChatClient - Gửi: TYPING|1|17
2025-12-27 13:43:35.266 [pool-2-thread-1] INFO  org.example.zalu.client.ChatClient - Gửi: TYPING|1|17
2025-12-27 13:43:36.490 [pool-2-thread-1] INFO  org.example.zalu.client.ChatClient - Gửi: TYPING_STOP|1|17
2025-12-27 13:43:36.612 [pool-2-thread-1] INFO  org.example.zalu.client.ChatClient - Gửi: SEND_MESSAGE|17|1|test video nhá|TEMP_ID|cc7f494b-e8c2-417b-94a0-f6a847be0308
2025-12-27 13:43:36.618 [pool-2-thread-1] INFO  org.example.zalu.client.ChatClient - Gửi: TYPING_STOP|1|17
2025-12-27 13:43:36.623 [JavaFX Application Thread] INFO  o.example.zalu.util.ui.ChatRenderer - Rendering text msg: 'test video nhá' (length: 14, own: true)
2025-12-27 13:43:36.912 [Global-Listener] INFO  o.e.zalu.client.ChatEventManager - Received string message: NEW_MESSAGE|1|17|test video nhá|TEMP_ID|cc7f494b-e8c2-417b-94a0-f6a847be0308
2025-12-27 13:43:36.913 [Global-Listener] WARN  o.e.zalu.client.ChatEventManager - Unknown event type: java.lang.String
2025-12-27 13:43:36.913 [JavaFX Application Thread] INFO  o.e.zalu.controller.MainController - onMessagesReceived: 1 messages
2025-12-27 13:43:36.922 [Global-Listener] INFO  o.e.zalu.client.ChatEventManager - Received string message: MESSAGE_SENT|OK|145|cc7f494b-e8c2-417b-94a0-f6a847be0308
2025-12-27 13:43:36.923 [Global-Listener] WARN  o.e.zalu.client.ChatEventManager - Unknown event type: java.lang.String
2025-12-27 13:43:37.012 [JavaFX Application Thread] INFO  o.e.zalu.controller.MainController - Received MESSAGE_SENT|OK, message confirmed by server
2025-12-27 13:43:37.053 [JavaFX Application Thread] WARN  o.e.z.c.chat.MessageListController - tempId not found in pendingMessageNodes: tempId=cc7f494b-e8c2-417b-94a0-f6a847be0308
2025-12-27 13:43:54.483 [pool-2-thread-1] INFO  org.example.zalu.client.ChatClient - Gửi: TYPING_STOP|1|17
2025-12-27 13:43:54.490 [pool-2-thread-1] INFO  org.example.zalu.client.ChatClient - Gửi: SEND_FILE|1|17|Quay màn hình 2025-12-27 134341.mp4|6965213
2025-12-27 13:43:54.490 [pool-2-thread-1] INFO  org.example.zalu.client.ChatClient - Gửi file: 6965213 bytes
2025-12-27 13:43:54.493 [JavaFX Application Thread] INFO  o.e.z.controller.chat.ChatController - Sent file: Quay màn hình 2025-12-27 134341.mp4 (6.6 MB)
2025-12-27 13:43:54.493 [Thread-9] INFO  o.example.zalu.server.ClientHandler - Server: Nhận SEND_FILE từ user 1 - fileName: Quay màn hình 2025-12-27 134341.mp4, receiverId: 17, fileSize: 6965213 bytes
2025-12-27 13:43:54.501 [Global-Listener] INFO  o.e.zalu.client.ChatEventManager - Received string message: READY_FOR_FILE
2025-12-27 13:43:54.501 [Global-Listener] WARN  o.e.zalu.client.ChatEventManager - Unknown event type: java.lang.String
2025-12-27 13:43:54.506 [JavaFX Application Thread] INFO  o.example.zalu.util.ui.ChatRenderer - Rendering file msg: 'Quay màn hình 2025-12-27 134341.mp4' (size: 6.6 MB, own: true)
2025-12-27 13:43:54.708 [Thread-9] INFO  o.example.zalu.server.ClientHandler - Server: Nhận được file data từ user 1, size: 6965213 bytes
2025-12-27 13:43:55.430 [Thread-9] INFO  o.example.zalu.server.ClientHandler - Server: Lưu file thành công! Message ID: 146
2025-12-27 13:43:55.456 [Global-Listener] INFO  o.e.zalu.client.ChatEventManager - Received string message: NEW_FILE|1|17|Quay màn hình 2025-12-27 134341.mp4|6965213
2025-12-27 13:43:55.457 [Global-Listener] WARN  o.e.zalu.client.ChatEventManager - Unknown event type: java.lang.String
2025-12-27 13:43:55.669 [Global-Listener] INFO  o.e.zalu.client.ChatEventManager - Received byte data: 6965213 bytes
2025-12-27 13:43:55.671 [Global-Listener] INFO  o.e.zalu.client.ChatEventManager - Received string message: FILE_SENT|OK|146
2025-12-27 13:43:55.671 [JavaFX Application Thread] INFO  o.e.zalu.controller.MainController - onMessagesReceived: 1 messages
2025-12-27 13:43:55.672 [Global-Listener] WARN  o.e.zalu.client.ChatEventManager - Unknown event type: java.lang.String
2025-12-27 13:43:55.675 [JavaFX Application Thread] WARN  o.e.z.c.chat.MessageListController - tempId not found in pendingMessageNodes: tempId=null
2025-12-27 13:43:57.793 [JavaFX Application Thread] ERROR o.e.z.util.ui.MessageBubbleFactory - Error opening video player
java.lang.IllegalStateException: Location is not set.
	at javafx.fxml@21/javafx.fxml.FXMLLoader.loadImpl(FXMLLoader.java:2556)
	at javafx.fxml@21/javafx.fxml.FXMLLoader.load(FXMLLoader.java:2531)
	at org.example.zalu/org.example.zalu.util.ui.MessageBubbleFactory.lambda$15(MessageBubbleFactory.java:783)
	at javafx.graphics@21/com.sun.javafx.application.PlatformImpl.lambda$runLater$10(PlatformImpl.java:456)
	at java.base/java.security.AccessController.doPrivileged(AccessController.java:400)
	at javafx.graphics@21/com.sun.javafx.application.PlatformImpl.lambda$runLater$11(PlatformImpl.java:455)
	at javafx.graphics@21/com.sun.glass.ui.InvokeLaterDispatcher$Future.run(InvokeLaterDispatcher.java:95)
	at javafx.graphics@21/com.sun.glass.ui.win.WinApplication._runLoop(Native Method)
	at javafx.graphics@21/com.sun.glass.ui.win.WinApplication.lambda$runLoop$3(WinApplication.java:185)
	at java.base/java.lang.Thread.run(Thread.java:1583)
2025-12-27 13:44:01.436 [JavaFX Application Thread] ERROR o.e.z.util.ui.MessageBubbleFactory - Error opening video player
java.lang.IllegalStateException: Location is not set.
	at javafx.fxml@21/javafx.fxml.FXMLLoader.loadImpl(FXMLLoader.java:2556)
	at javafx.fxml@21/javafx.fxml.FXMLLoader.load(FXMLLoader.java:2531)
	at org.example.zalu/org.example.zalu.util.ui.MessageBubbleFactory.lambda$15(MessageBubbleFactory.java:783)
	at javafx.graphics@21/com.sun.javafx.application.PlatformImpl.lambda$runLater$10(PlatformImpl.java:456)
	at java.base/java.security.AccessController.doPrivileged(AccessController.java:400)
	at javafx.graphics@21/com.sun.javafx.application.PlatformImpl.lambda$runLater$11(PlatformImpl.java:455)
	at javafx.graphics@21/com.sun.glass.ui.InvokeLaterDispatcher$Future.run(InvokeLaterDispatcher.java:95)
	at javafx.graphics@21/com.sun.glass.ui.win.WinApplication._runLoop(Native Method)
	at javafx.graphics@21/com.sun.glass.ui.win.WinApplication.lambda$runLoop$3(WinApplication.java:185)
	at java.base/java.lang.Thread.run(Thread.java:1583)
2025-12-27 13:44:03.754 [JavaFX Application Thread] ERROR o.e.z.util.ui.MessageBubbleFactory - Error opening video player
java.lang.IllegalStateException: Location is not set.
	at javafx.fxml@21/javafx.fxml.FXMLLoader.loadImpl(FXMLLoader.java:2556)
	at javafx.fxml@21/javafx.fxml.FXMLLoader.load(FXMLLoader.java:2531)
	at org.example.zalu/org.example.zalu.util.ui.MessageBubbleFactory.lambda$15(MessageBubbleFactory.java:783)
	at javafx.graphics@21/com.sun.javafx.application.PlatformImpl.lambda$runLater$10(PlatformImpl.java:456)
	at java.base/java.security.AccessController.doPrivileged(AccessController.java:400)
	at javafx.graphics@21/com.sun.javafx.application.PlatformImpl.lambda$runLater$11(PlatformImpl.java:455)
	at javafx.graphics@21/com.sun.glass.ui.InvokeLaterDispatcher$Future.run(InvokeLaterDispatcher.java:95)
	at javafx.graphics@21/com.sun.glass.ui.win.WinApplication._runLoop(Native Method)
	at javafx.graphics@21/com.sun.glass.ui.win.WinApplication.lambda$runLoop$3(WinApplication.java:185)
	at java.base/java.lang.Thread.run(Thread.java:1583)
2025-12-27 13:44:04.938 [JavaFX Application Thread] ERROR o.e.z.util.ui.MessageBubbleFactory - Error opening video player
java.lang.IllegalStateException: Location is not set.
	at javafx.fxml@21/javafx.fxml.FXMLLoader.loadImpl(FXMLLoader.java:2556)
	at javafx.fxml@21/javafx.fxml.FXMLLoader.load(FXMLLoader.java:2531)
	at org.example.zalu/org.example.zalu.util.ui.MessageBubbleFactory.lambda$15(MessageBubbleFactory.java:783)
	at javafx.graphics@21/com.sun.javafx.application.PlatformImpl.lambda$runLater$10(PlatformImpl.java:456)
	at java.base/java.security.AccessController.doPrivileged(AccessController.java:400)
	at javafx.graphics@21/com.sun.javafx.application.PlatformImpl.lambda$runLater$11(PlatformImpl.java:455)
	at javafx.graphics@21/com.sun.glass.ui.InvokeLaterDispatcher$Future.run(InvokeLaterDispatcher.java:95)
	at javafx.graphics@21/com.sun.glass.ui.win.WinApplication._runLoop(Native Method)
	at javafx.graphics@21/com.sun.glass.ui.win.WinApplication.lambda$runLoop$3(WinApplication.java:185)
	at java.base/java.lang.Thread.run(Thread.java:1583)
2025-12-27 13:44:05.104 [JavaFX Application Thread] ERROR o.e.z.util.ui.MessageBubbleFactory - Error opening video player
java.lang.IllegalStateException: Location is not set.
	at javafx.fxml@21/javafx.fxml.FXMLLoader.loadImpl(FXMLLoader.java:2556)
	at javafx.fxml@21/javafx.fxml.FXMLLoader.load(FXMLLoader.java:2531)
	at org.example.zalu/org.example.zalu.util.ui.MessageBubbleFactory.lambda$15(MessageBubbleFactory.java:783)
	at javafx.graphics@21/com.sun.javafx.application.PlatformImpl.lambda$runLater$10(PlatformImpl.java:456)
	at java.base/java.security.AccessController.doPrivileged(AccessController.java:400)
	at javafx.graphics@21/com.sun.javafx.application.PlatformImpl.lambda$runLater$11(PlatformImpl.java:455)
	at javafx.graphics@21/com.sun.glass.ui.InvokeLaterDispatcher$Future.run(InvokeLaterDispatcher.java:95)
	at javafx.graphics@21/com.sun.glass.ui.win.WinApplication._runLoop(Native Method)
	at javafx.graphics@21/com.sun.glass.ui.win.WinApplication.lambda$runLoop$3(WinApplication.java:185)
	at java.base/java.lang.Thread.run(Thread.java:1583)
2025-12-27 13:44:05.282 [JavaFX Application Thread] ERROR o.e.z.util.ui.MessageBubbleFactory - Error opening video player
java.lang.IllegalStateException: Location is not set.
	at javafx.fxml@21/javafx.fxml.FXMLLoader.loadImpl(FXMLLoader.java:2556)
	at javafx.fxml@21/javafx.fxml.FXMLLoader.load(FXMLLoader.java:2531)
	at org.example.zalu/org.example.zalu.util.ui.MessageBubbleFactory.lambda$15(MessageBubbleFactory.java:783)
	at javafx.graphics@21/com.sun.javafx.application.PlatformImpl.lambda$runLater$10(PlatformImpl.java:456)
	at java.base/java.security.AccessController.doPrivileged(AccessController.java:400)
	at javafx.graphics@21/com.sun.javafx.application.PlatformImpl.lambda$runLater$11(PlatformImpl.java:455)
	at javafx.graphics@21/com.sun.glass.ui.InvokeLaterDispatcher$Future.run(InvokeLaterDispatcher.java:95)
	at javafx.graphics@21/com.sun.glass.ui.win.WinApplication._runLoop(Native Method)
	at javafx.graphics@21/com.sun.glass.ui.win.WinApplication.lambda$runLoop$3(WinApplication.java:185)
	at java.base/java.lang.Thread.run(Thread.java:1583)
2025-12-27 13:44:06.807 [JavaFX Application Thread] ERROR o.e.z.util.ui.MessageBubbleFactory - Error opening video player
java.lang.IllegalStateException: Location is not set.
	at javafx.fxml@21/javafx.fxml.FXMLLoader.loadImpl(FXMLLoader.java:2556)
	at javafx.fxml@21/javafx.fxml.FXMLLoader.load(FXMLLoader.java:2531)
	at org.example.zalu/org.example.zalu.util.ui.MessageBubbleFactory.lambda$15(MessageBubbleFactory.java:783)
	at javafx.graphics@21/com.sun.javafx.application.PlatformImpl.lambda$runLater$10(PlatformImpl.java:456)
	at java.base/java.security.AccessController.doPrivileged(AccessController.java:400)
	at javafx.graphics@21/com.sun.javafx.application.PlatformImpl.lambda$runLater$11(PlatformImpl.java:455)
	at javafx.graphics@21/com.sun.glass.ui.InvokeLaterDispatcher$Future.run(InvokeLaterDispatcher.java:95)
	at javafx.graphics@21/com.sun.glass.ui.win.WinApplication._runLoop(Native Method)
	at javafx.graphics@21/com.sun.glass.ui.win.WinApplication.lambda$runLoop$3(WinApplication.java:185)
	at java.base/java.lang.Thread.run(Thread.java:1583)
2025-12-27 13:44:06.971 [JavaFX Application Thread] ERROR o.e.z.util.ui.MessageBubbleFactory - Error opening video player
java.lang.IllegalStateException: Location is not set.
	at javafx.fxml@21/javafx.fxml.FXMLLoader.loadImpl(FXMLLoader.java:2556)
	at javafx.fxml@21/javafx.fxml.FXMLLoader.load(FXMLLoader.java:2531)
	at org.example.zalu/org.example.zalu.util.ui.MessageBubbleFactory.lambda$15(MessageBubbleFactory.java:783)
	at javafx.graphics@21/com.sun.javafx.application.PlatformImpl.lambda$runLater$10(PlatformImpl.java:456)
	at java.base/java.security.AccessController.doPrivileged(AccessController.java:400)
	at javafx.graphics@21/com.sun.javafx.application.PlatformImpl.lambda$runLater$11(PlatformImpl.java:455)
	at javafx.graphics@21/com.sun.glass.ui.InvokeLaterDispatcher$Future.run(InvokeLaterDispatcher.java:95)
	at javafx.graphics@21/com.sun.glass.ui.win.WinApplication._runLoop(Native Method)
	at javafx.graphics@21/com.sun.glass.ui.win.WinApplication.lambda$runLoop$3(WinApplication.java:185)
	at java.base/java.lang.Thread.run(Thread.java:1583)
2025-12-27 13:44:12.564 [JavaFX Application Thread] ERROR o.e.z.util.ui.MessageBubbleFactory - Error opening video player
java.lang.IllegalStateException: Location is not set.
	at javafx.fxml@21/javafx.fxml.FXMLLoader.loadImpl(FXMLLoader.java:2556)
	at javafx.fxml@21/javafx.fxml.FXMLLoader.load(FXMLLoader.java:2531)
	at org.example.zalu/org.example.zalu.util.ui.MessageBubbleFactory.lambda$15(MessageBubbleFactory.java:783)
	at javafx.graphics@21/com.sun.javafx.application.PlatformImpl.lambda$runLater$10(PlatformImpl.java:456)
	at java.base/java.security.AccessController.doPrivileged(AccessController.java:400)
	at javafx.graphics@21/com.sun.javafx.application.PlatformImpl.lambda$runLater$11(PlatformImpl.java:455)
	at javafx.graphics@21/com.sun.glass.ui.InvokeLaterDispatcher$Future.run(InvokeLaterDispatcher.java:95)
	at javafx.graphics@21/com.sun.glass.ui.win.WinApplication._runLoop(Native Method)
	at javafx.graphics@21/com.sun.glass.ui.win.WinApplication.lambda$runLoop$3(WinApplication.java:185)
	at java.base/java.lang.Thread.run(Thread.java:1583)
2025-12-27 13:44:12.721 [JavaFX Application Thread] ERROR o.e.z.util.ui.MessageBubbleFactory - Error opening video player
java.lang.IllegalStateException: Location is not set.
	at javafx.fxml@21/javafx.fxml.FXMLLoader.loadImpl(FXMLLoader.java:2556)
	at javafx.fxml@21/javafx.fxml.FXMLLoader.load(FXMLLoader.java:2531)
	at org.example.zalu/org.example.zalu.util.ui.MessageBubbleFactory.lambda$15(MessageBubbleFactory.java:783)
	at javafx.graphics@21/com.sun.javafx.application.PlatformImpl.lambda$runLater$10(PlatformImpl.java:456)
	at java.base/java.security.AccessController.doPrivileged(AccessController.java:400)
	at javafx.graphics@21/com.sun.javafx.application.PlatformImpl.lambda$runLater$11(PlatformImpl.java:455)
	at javafx.graphics@21/com.sun.glass.ui.InvokeLaterDispatcher$Future.run(InvokeLaterDispatcher.java:95)
	at javafx.graphics@21/com.sun.glass.ui.win.WinApplication._runLoop(Native Method)
	at javafx.graphics@21/com.sun.glass.ui.win.WinApplication.lambda$runLoop$3(WinApplication.java:185)
	at java.base/java.lang.Thread.run(Thread.java:1583)
2025-12-27 13:44:12.903 [JavaFX Application Thread] ERROR o.e.z.util.ui.MessageBubbleFactory - Error opening video player
java.lang.IllegalStateException: Location is not set.
	at javafx.fxml@21/javafx.fxml.FXMLLoader.loadImpl(FXMLLoader.java:2556)
	at javafx.fxml@21/javafx.fxml.FXMLLoader.load(FXMLLoader.java:2531)
	at org.example.zalu/org.example.zalu.util.ui.MessageBubbleFactory.lambda$15(MessageBubbleFactory.java:783)
	at javafx.graphics@21/com.sun.javafx.application.PlatformImpl.lambda$runLater$10(PlatformImpl.java:456)
	at java.base/java.security.AccessController.doPrivileged(AccessController.java:400)
	at javafx.graphics@21/com.sun.javafx.application.PlatformImpl.lambda$runLater$11(PlatformImpl.java:455)
	at javafx.graphics@21/com.sun.glass.ui.InvokeLaterDispatcher$Future.run(InvokeLaterDispatcher.java:95)
	at javafx.graphics@21/com.sun.glass.ui.win.WinApplication._runLoop(Native Method)
	at javafx.graphics@21/com.sun.glass.ui.win.WinApplication.lambda$runLoop$3(WinApplication.java:185)
	at java.base/java.lang.Thread.run(Thread.java:1583)
2025-12-27 13:45:55.686 [Global-Listener] WARN  org.example.zalu.client.ChatClient - Mất kết nối bất ngờ → thử reconnect...
2025-12-27 13:45:55.803 [JavaFX Application Thread] INFO  org.example.zalu.client.ChatClient - Đang thử kết nối lại...
2025-12-27 13:45:55.830 [JavaFX Application Thread] INFO  org.example.zalu.client.ChatClient - === Đang kết nối đến Server ===
2025-12-27 13:45:55.832 [JavaFX Application Thread] INFO  org.example.zalu.client.ChatClient - Server Address: 10.219.179.108
2025-12-27 13:45:55.839 [JavaFX Application Thread] INFO  org.example.zalu.client.ChatClient - Server Port: 5000
2025-12-27 13:45:55.823 [Thread-9] INFO  o.example.zalu.server.ClientHandler - Server: Client 1 đã đóng kết nối (EOF)
2025-12-27 13:45:55.849 [Thread-9] INFO  o.example.zalu.server.ClientHandler - User 1 đã thoát
2025-12-27 13:45:55.884 [Thread-5] INFO  org.example.zalu.server.ChatServer - ✅ Client mới kết nối: /10.219.179.108
2025-12-27 13:45:55.906 [JavaFX Application Thread] INFO  org.example.zalu.client.ChatClient - === ✓ Kết nối thành công ===
2025-12-27 13:45:55.907 [JavaFX Application Thread] INFO  org.example.zalu.client.ChatClient - Connected to: 10.219.179.108:5000
2025-12-27 13:45:55.907 [JavaFX Application Thread] INFO  org.example.zalu.client.ChatClient - Socket timeout: 120s
2025-12-27 13:45:55.907 [JavaFX Application Thread] INFO  org.example.zalu.client.ChatClient - Buffer size: 2MB
2025-12-27 13:45:55.908 [JavaFX Application Thread] INFO  org.example.zalu.client.ChatClient - ✓ Kết nối lại thành công sau 1 lần thử!
2025-12-27 13:45:55.919 [JavaFX Application Thread] INFO  org.example.zalu.client.ChatClient - Đã gửi yêu cầu khôi phục session cho userId=1
2025-12-27 13:45:55.925 [Global-Listener] INFO  org.example.zalu.client.ChatClient - Global listener đã khởi động
2025-12-27 13:45:55.955 [Thread-10] INFO  o.example.zalu.server.ClientHandler - Khôi phục session thành công cho userId 1
2025-12-27 13:45:55.958 [Global-Listener] INFO  o.e.zalu.client.ChatEventManager - Received string message: RESUME_SESSION|OK
2025-12-27 13:45:55.959 [Global-Listener] INFO  o.e.zalu.client.ChatEventManager - ✓ Khôi phục session thành công, yêu cầu tải lại nhóm
2025-12-27 13:45:55.961 [Global-Listener] INFO  o.e.zalu.client.ChatEventManager - Received string message: FRIENDS_UPDATE
2025-12-27 13:45:55.962 [Global-Listener] WARN  o.e.zalu.client.ChatEventManager - Unknown event type: java.lang.String
2025-12-27 13:45:55.962 [Global-Listener] INFO  o.e.zalu.client.ChatEventManager - Received string message: GROUPS_UPDATE
2025-12-27 13:45:55.962 [Global-Listener] WARN  o.e.zalu.client.ChatEventManager - Unknown event type: java.lang.String
2025-12-27 13:45:55.962 [pool-2-thread-1] INFO  org.example.zalu.client.ChatClient - Gửi: GET_GROUPS|1
2025-12-27 13:45:55.964 [pool-2-thread-1] INFO  org.example.zalu.client.ChatClient - Gửi: GET_GROUPS|1
2025-12-27 13:45:56.002 [Global-Listener] INFO  o.e.zalu.client.ChatEventManager - Received List<GroupInfo>: 2 groups
2025-12-27 13:45:56.003 [Global-Listener] INFO  o.e.zalu.client.ChatEventManager - Received List<GroupInfo>: 2 groups
2025-12-27 13:45:56.005 [JavaFX Application Thread] INFO  o.e.zalu.controller.ChatListManager - Received groups update: 2 groups
2025-12-27 13:45:56.170 [JavaFX Application Thread] INFO  o.e.zalu.controller.ChatListManager - Pre-fetched top 5 conversations in background
2025-12-27 13:45:56.172 [pool-2-thread-1] INFO  org.example.zalu.client.ChatClient - Gửi: GET_CONVERSATION|1|17
2025-12-27 13:45:56.172 [JavaFX Application Thread] INFO  o.e.zalu.controller.ChatListManager - Friend list refreshed with 6 friends and 2 groups
2025-12-27 13:45:56.172 [pool-2-thread-1] INFO  org.example.zalu.client.ChatClient - Gửi: GET_CONVERSATION|1|22
2025-12-27 13:45:56.172 [JavaFX Application Thread] INFO  o.e.zalu.controller.ChatListManager - Received groups update: 2 groups
2025-12-27 13:45:56.172 [pool-2-thread-1] INFO  org.example.zalu.client.ChatClient - Gửi: GET_GROUP_CONVERSATION|1|1
2025-12-27 13:45:56.175 [pool-2-thread-1] INFO  org.example.zalu.client.ChatClient - Gửi: GET_CONVERSATION|1|2
2025-12-27 13:45:56.175 [pool-2-thread-1] INFO  org.example.zalu.client.ChatClient - Gửi: GET_GROUP_CONVERSATION|1|2
2025-12-27 13:45:56.198 [JavaFX Application Thread] INFO  o.e.zalu.controller.ChatListManager - Pre-fetched top 5 conversations in background
2025-12-27 13:45:56.198 [JavaFX Application Thread] INFO  o.e.zalu.controller.ChatListManager - Friend list refreshed with 6 friends and 2 groups
2025-12-27 13:45:56.198 [pool-2-thread-1] INFO  org.example.zalu.client.ChatClient - Gửi: GET_CONVERSATION|1|17
2025-12-27 13:45:56.199 [pool-2-thread-1] INFO  org.example.zalu.client.ChatClient - Gửi: GET_CONVERSATION|1|22
2025-12-27 13:45:56.201 [pool-2-thread-1] INFO  org.example.zalu.client.ChatClient - Gửi: GET_GROUP_CONVERSATION|1|1
2025-12-27 13:45:56.203 [pool-2-thread-1] INFO  org.example.zalu.client.ChatClient - Gửi: GET_CONVERSATION|1|2
2025-12-27 13:45:56.204 [pool-2-thread-1] INFO  org.example.zalu.client.ChatClient - Gửi: GET_GROUP_CONVERSATION|1|2
2025-12-27 13:45:57.016 [Global-Listener] INFO  o.e.zalu.client.ChatEventManager - Caching history for chatId 17: 19 messages
2025-12-27 13:45:57.164 [Global-Listener] INFO  org.example.zalu.client.ClientCache - Client cache saved to disk.
2025-12-27 13:45:57.175 [pool-2-thread-1] INFO  org.example.zalu.client.ChatClient - Gửi: GET_PINNED_MESSAGES|1|17|false
2025-12-27 13:45:57.191 [Global-Listener] INFO  o.e.zalu.client.ChatEventManager - Caching history for chatId 22: 36 messages
2025-12-27 13:45:57.305 [Global-Listener] INFO  org.example.zalu.client.ClientCache - Client cache saved to disk.
2025-12-27 13:45:57.306 [Global-Listener] INFO  o.e.zalu.client.ChatEventManager - Caching history for chatId -1: 7 messages
2025-12-27 13:45:57.320 [pool-2-thread-1] INFO  org.example.zalu.client.ChatClient - Gửi: MARK_AS_READ|1|17
2025-12-27 13:45:57.410 [Global-Listener] INFO  org.example.zalu.client.ClientCache - Client cache saved to disk.
2025-12-27 13:45:57.424 [Global-Listener] INFO  o.e.zalu.client.ChatEventManager - Caching history for chatId 2: 28 messages
2025-12-27 13:45:57.538 [Global-Listener] INFO  org.example.zalu.client.ClientCache - Client cache saved to disk.
2025-12-27 13:45:57.544 [Global-Listener] INFO  o.e.zalu.client.ChatEventManager - Caching history for chatId -2: 16 messages
2025-12-27 13:45:57.671 [Global-Listener] INFO  org.example.zalu.client.ClientCache - Client cache saved to disk.
2025-12-27 13:45:57.786 [Global-Listener] INFO  o.e.zalu.client.ChatEventManager - Caching history for chatId 17: 19 messages
2025-12-27 13:45:57.904 [Global-Listener] INFO  org.example.zalu.client.ClientCache - Client cache saved to disk.
2025-12-27 13:45:57.983 [Global-Listener] INFO  o.e.zalu.client.ChatEventManager - Caching history for chatId 22: 36 messages
2025-12-27 13:45:58.111 [Global-Listener] INFO  org.example.zalu.client.ClientCache - Client cache saved to disk.
2025-12-27 13:45:58.114 [Global-Listener] INFO  o.e.zalu.client.ChatEventManager - Caching history for chatId -1: 7 messages
2025-12-27 13:45:58.222 [Global-Listener] INFO  org.example.zalu.client.ClientCache - Client cache saved to disk.
2025-12-27 13:45:58.231 [Global-Listener] INFO  o.e.zalu.client.ChatEventManager - Caching history for chatId 2: 28 messages
2025-12-27 13:45:58.338 [Global-Listener] INFO  org.example.zalu.client.ClientCache - Client cache saved to disk.
2025-12-27 13:45:58.345 [Global-Listener] INFO  o.e.zalu.client.ChatEventManager - Caching history for chatId -2: 16 messages
2025-12-27 13:45:58.453 [Global-Listener] INFO  org.example.zalu.client.ClientCache - Client cache saved to disk.
2025-12-27 13:46:58.896 [Thread-10] INFO  o.example.zalu.server.ClientHandler - Server: Client 1 đã đóng kết nối (Socket): Connection reset
2025-12-27 13:46:58.934 [Thread-10] INFO  o.example.zalu.server.ClientHandler - User 1 đã thoát
2025-12-27 13:47:02.578 [main] INFO  org.example.zalu.server.ChatServer - ⚠ BỎ QUA KIỂM TRA LICENSE (yêu cầu bảo mật đã tắt cho bản dev).
2025-12-27 13:47:02.592 [main] INFO  org.example.zalu.server.ChatServer - ✓ Tất cả DAO đã khởi tạo thành công với HikariCP!
2025-12-27 13:47:02.593 [main] INFO  org.example.zalu.server.ChatServer - === Kiểm tra cấu hình MySQL ===
2025-12-27 13:47:03.021 [main] INFO  o.e.z.u.database.MySQLConfigHelper - MySQL max_allowed_packet hiện tại: 16777216 bytes (16 MB)
2025-12-27 13:47:03.022 [main] INFO  o.e.z.u.database.MySQLConfigHelper - ✓ max_allowed_packet đã đủ lớn (16 MB)
2025-12-27 13:47:03.038 [main] INFO  org.example.zalu.server.ChatServer - ================================

2025-12-27 13:53:15.023 [main] INFO  org.example.zalu.server.ChatServer - ⚠ BỎ QUA KIỂM TRA LICENSE (yêu cầu bảo mật đã tắt cho bản dev).
2025-12-27 13:53:15.034 [main] INFO  org.example.zalu.server.ChatServer - ✓ Tất cả DAO đã khởi tạo thành công với HikariCP!
2025-12-27 13:53:15.034 [main] INFO  org.example.zalu.server.ChatServer - === Kiểm tra cấu hình MySQL ===
2025-12-27 13:53:15.357 [main] INFO  o.e.z.u.database.MySQLConfigHelper - MySQL max_allowed_packet hiện tại: 16777216 bytes (16 MB)
2025-12-27 13:53:15.359 [main] INFO  o.e.z.u.database.MySQLConfigHelper - ✓ max_allowed_packet đã đủ lớn (16 MB)
2025-12-27 13:53:15.380 [main] INFO  org.example.zalu.server.ChatServer - ================================

2025-12-27 13:53:19.580 [Thread-5] INFO  org.example.zalu.server.ChatServer - 🚀 Zalu Server đang chạy trên port 5000
2025-12-27 13:53:19.586 [Discovery-Listener] INFO  o.e.z.server.ServerDiscoveryListener - === UDP Discovery Listener Starting ===
2025-12-27 13:53:19.586 [Discovery-Listener] INFO  o.e.z.server.ServerDiscoveryListener - TCP Port to advertise: 5000
2025-12-27 13:53:19.588 [Discovery-Listener] INFO  o.e.z.server.ServerDiscoveryListener - UDP Discovery Port: 8888
2025-12-27 13:53:19.602 [Discovery-Listener] INFO  o.e.z.server.ServerDiscoveryListener - ✓ Server Discovery đang lắng nghe UDP trên port 8888
2025-12-27 13:53:19.603 [Discovery-Listener] INFO  o.e.z.server.ServerDiscoveryListener - ✓ Broadcast mode: ENABLED
2025-12-27 13:53:19.604 [Discovery-Listener] INFO  o.e.z.server.ServerDiscoveryListener - ✓ Sẵn sàng nhận discovery requests từ clients...
2025-12-27 13:53:26.514 [JavaFX Application Thread] INFO  org.example.zalu.ZaluApplication - === Khởi động Zalu Client ===
2025-12-27 13:53:26.515 [JavaFX Application Thread] INFO  org.example.zalu.ZaluApplication - ⚠ License check đã bị vô hiệu hóa – dùng cho môi trường phát triển.
2025-12-27 13:53:26.515 [JavaFX Application Thread] INFO  org.example.zalu.ZaluApplication - ℹ Sẽ tìm kiếm server tự động qua UDP Discovery...
2025-12-27 13:53:26.862 [JavaFX Application Thread] INFO  o.e.z.c.auth.LoginController - === Khởi động Auto-Discovery ===
2025-12-27 13:53:26.865 [ServerDiscovery-Thread] INFO  o.e.z.c.auth.LoginController - Bắt đầu quá trình tìm kiếm server tự động...
2025-12-27 13:53:26.868 [ServerDiscovery-Thread] INFO  o.e.z.client.ServerDiscoveryClient - === Bắt đầu tìm kiếm Server trong mạng LAN ===
2025-12-27 13:53:26.869 [ServerDiscovery-Thread] INFO  o.e.z.client.ServerDiscoveryClient - Discovery Port: 8888
2025-12-27 13:53:26.871 [ServerDiscovery-Thread] INFO  o.e.z.client.ServerDiscoveryClient - Timeout: 3000ms
2025-12-27 13:53:26.885 [ServerDiscovery-Thread] INFO  o.e.z.client.ServerDiscoveryClient - ✓ UDP Socket đã khởi tạo
2025-12-27 13:53:26.886 [ServerDiscovery-Thread] INFO  o.e.z.client.ServerDiscoveryClient - ✓ Broadcast mode: ENABLED
2025-12-27 13:53:26.887 [ServerDiscovery-Thread] INFO  o.e.z.client.ServerDiscoveryClient - ✓ Timeout: 3000ms
2025-12-27 13:53:26.891 [ServerDiscovery-Thread] INFO  o.e.z.client.ServerDiscoveryClient - >>> [Broadcast #1] Sent to 255.255.255.255:8888
2025-12-27 13:53:26.891 [ServerDiscovery-Thread] INFO  o.e.z.client.ServerDiscoveryClient - Đang quét các network interfaces...
2025-12-27 13:53:26.891 [Discovery-Listener] INFO  o.e.z.server.ServerDiscoveryListener - >>> [Request #1] Discovery request từ 10.219.179.108:61906
2025-12-27 13:53:26.893 [Discovery-Listener] INFO  o.e.z.server.ServerDiscoveryListener - <<< [Response #1] Đã gửi response tới 10.219.179.108:61906 - TCP Port: 5000
2025-12-27 13:53:26.896 [ServerDiscovery-Thread] INFO  o.e.z.client.ServerDiscoveryClient -   [Interface #1] WAN Miniport (IP)-WFP Native MAC Layer LightWeight Filter-0000 - ACTIVE
2025-12-27 13:53:26.897 [ServerDiscovery-Thread] INFO  o.e.z.client.ServerDiscoveryClient -   [Interface #2] WAN Miniport (IP)-QoS Packet Scheduler-0000 - ACTIVE
2025-12-27 13:53:26.898 [ServerDiscovery-Thread] INFO  o.e.z.client.ServerDiscoveryClient -   [Interface #3] WAN Miniport (IPv6)-WFP Native MAC Layer LightWeight Filter-0000 - ACTIVE
2025-12-27 13:53:26.899 [ServerDiscovery-Thread] INFO  o.e.z.client.ServerDiscoveryClient -   [Interface #4] WAN Miniport (IPv6)-QoS Packet Scheduler-0000 - ACTIVE
2025-12-27 13:53:26.900 [ServerDiscovery-Thread] INFO  o.e.z.client.ServerDiscoveryClient -   [Interface #5] WAN Miniport (Network Monitor)-WFP Native MAC Layer LightWeight Filter-0000 - ACTIVE
2025-12-27 13:53:26.900 [ServerDiscovery-Thread] INFO  o.e.z.client.ServerDiscoveryClient -   [Interface #6] WAN Miniport (Network Monitor)-QoS Packet Scheduler-0000 - ACTIVE
2025-12-27 13:53:26.900 [ServerDiscovery-Thread] INFO  o.e.z.client.ServerDiscoveryClient -   [Interface #8] WAN Miniport (IP) - ACTIVE
2025-12-27 13:53:26.902 [ServerDiscovery-Thread] INFO  o.e.z.client.ServerDiscoveryClient -   [Interface #9] WAN Miniport (IPv6) - ACTIVE
2025-12-27 13:53:26.903 [ServerDiscovery-Thread] INFO  o.e.z.client.ServerDiscoveryClient -   [Interface #10] WAN Miniport (Network Monitor) - ACTIVE
2025-12-27 13:53:26.904 [ServerDiscovery-Thread] INFO  o.e.z.client.ServerDiscoveryClient -   [Interface #14] Intel(R) Wi-Fi 6E AX211 160MHz-WFP Native MAC Layer LightWeight Filter-0000 - ACTIVE
2025-12-27 13:53:26.905 [ServerDiscovery-Thread] INFO  o.e.z.client.ServerDiscoveryClient -   [Interface #15] Intel(R) Wi-Fi 6E AX211 160MHz-Virtual WiFi Filter Driver-0000 - ACTIVE
2025-12-27 13:53:26.905 [ServerDiscovery-Thread] INFO  o.e.z.client.ServerDiscoveryClient -   [Interface #16] Intel(R) Wi-Fi 6E AX211 160MHz-Native WiFi Filter Driver-0000 - ACTIVE
2025-12-27 13:53:26.907 [ServerDiscovery-Thread] INFO  o.e.z.client.ServerDiscoveryClient -   [Interface #17] Intel(R) Wi-Fi 6E AX211 160MHz-QoS Packet Scheduler-0000 - ACTIVE
2025-12-27 13:53:26.909 [ServerDiscovery-Thread] INFO  o.e.z.client.ServerDiscoveryClient -   [Interface #18] Intel(R) Wi-Fi 6E AX211 160MHz-WFP 802.3 MAC Layer LightWeight Filter-0000 - ACTIVE
2025-12-27 13:53:26.912 [ServerDiscovery-Thread] INFO  o.e.z.client.ServerDiscoveryClient -   [Interface #27] Intel(R) Wi-Fi 6E AX211 160MHz - ACTIVE
2025-12-27 13:53:26.913 [ServerDiscovery-Thread] INFO  o.e.z.client.ServerDiscoveryClient -     >>> [Broadcast #2] Sent to 10.219.179.255 (Intel(R) Wi-Fi 6E AX211 160MHz)
2025-12-27 13:53:26.914 [Discovery-Listener] INFO  o.e.z.server.ServerDiscoveryListener - >>> [Request #2] Discovery request từ 10.219.179.108:61906
2025-12-27 13:53:26.914 [Discovery-Listener] INFO  o.e.z.server.ServerDiscoveryListener - <<< [Response #2] Đã gửi response tới 10.219.179.108:61906 - TCP Port: 5000
2025-12-27 13:53:26.915 [ServerDiscovery-Thread] INFO  o.e.z.client.ServerDiscoveryClient - ✓ Đã quét 36 network interfaces
2025-12-27 13:53:26.916 [ServerDiscovery-Thread] INFO  o.e.z.client.ServerDiscoveryClient - === Tổng số broadcast packets gửi đi: 2 ===
2025-12-27 13:53:26.916 [ServerDiscovery-Thread] INFO  o.e.z.client.ServerDiscoveryClient - Đang chờ nhận phản hồi từ server (timeout: 3000ms)...
2025-12-27 13:53:26.918 [ServerDiscovery-Thread] INFO  o.e.z.client.ServerDiscoveryClient - <<< Nhận phản hồi từ 10.219.179.108:8888 (2ms)
2025-12-27 13:53:26.918 [ServerDiscovery-Thread] INFO  o.e.z.client.ServerDiscoveryClient - === ✓ TÌM THẤY SERVER ===
2025-12-27 13:53:26.919 [ServerDiscovery-Thread] INFO  o.e.z.client.ServerDiscoveryClient - Server Address: 10.219.179.108
2025-12-27 13:53:26.919 [ServerDiscovery-Thread] INFO  o.e.z.client.ServerDiscoveryClient - TCP Port: 5000
2025-12-27 13:53:26.919 [ServerDiscovery-Thread] INFO  o.e.z.client.ServerDiscoveryClient - Response Time: 2ms
2025-12-27 13:53:27.427 [JavaFX Application Thread] INFO  org.example.zalu.ZaluApplication - ✓ Zalu Client đã khởi động thành công!
2025-12-27 13:53:27.430 [JavaFX Application Thread] INFO  org.example.zalu.ZaluApplication -    Kích thước cố định: 1200.0 x 777.0
2025-12-27 13:53:27.430 [JavaFX Application Thread] INFO  org.example.zalu.ZaluApplication -    UDP Auto-Discovery: ENABLED
2025-12-27 13:53:27.444 [JavaFX Application Thread] INFO  o.e.z.c.auth.LoginController - === ✓ Auto-Discovery Thành Công ===
2025-12-27 13:53:27.444 [JavaFX Application Thread] INFO  o.e.z.c.auth.LoginController - Server được tìm thấy: 10.219.179.108:5000
2025-12-27 13:53:27.444 [JavaFX Application Thread] INFO  o.e.z.c.auth.LoginController - Thời gian tìm kiếm: 53ms
2025-12-27 13:53:27.450 [JavaFX Application Thread] INFO  org.example.zalu.client.ChatClient - ✓ Đã đọc cấu hình từ server.properties: localhost:5000
2025-12-27 13:53:27.450 [JavaFX Application Thread] INFO  org.example.zalu.client.ChatClient - ℹ Sử dụng IP mặc định: localhost (để kết nối từ máy khác, cấu hình trong server.properties hoặc dùng -Dserver.address=IP)
2025-12-27 13:53:27.454 [JavaFX Application Thread] INFO  org.example.zalu.client.ChatClient - Đã cập nhật cấu hình server: 10.219.179.108:5000
2025-12-27 13:53:27.454 [JavaFX Application Thread] INFO  org.example.zalu.client.ChatClient - Đã ngắt kết nối sạch sẽ – không reconnect tự động
2025-12-27 13:53:27.459 [JavaFX Application Thread] INFO  o.e.z.c.auth.LoginController - Đã cấu hình ChatClient với server: 10.219.179.108:5000
2025-12-27 13:53:27.459 [JavaFX Application Thread] INFO  o.e.z.c.auth.LoginController - === Kết thúc Auto-Discovery ===
2025-12-27 13:53:33.483 [JavaFX Application Thread] INFO  org.example.zalu.ZaluApplication - === Khởi động Zalu Client ===
2025-12-27 13:53:33.485 [JavaFX Application Thread] INFO  org.example.zalu.ZaluApplication - ⚠ License check đã bị vô hiệu hóa – dùng cho môi trường phát triển.
2025-12-27 13:53:33.485 [JavaFX Application Thread] INFO  org.example.zalu.ZaluApplication - ℹ Sẽ tìm kiếm server tự động qua UDP Discovery...
2025-12-27 13:53:33.804 [JavaFX Application Thread] INFO  o.e.z.c.auth.LoginController - === Khởi động Auto-Discovery ===
2025-12-27 13:53:33.808 [ServerDiscovery-Thread] INFO  o.e.z.c.auth.LoginController - Bắt đầu quá trình tìm kiếm server tự động...
2025-12-27 13:53:33.810 [ServerDiscovery-Thread] INFO  o.e.z.client.ServerDiscoveryClient - === Bắt đầu tìm kiếm Server trong mạng LAN ===
2025-12-27 13:53:33.811 [ServerDiscovery-Thread] INFO  o.e.z.client.ServerDiscoveryClient - Discovery Port: 8888
2025-12-27 13:53:33.815 [ServerDiscovery-Thread] INFO  o.e.z.client.ServerDiscoveryClient - Timeout: 3000ms
2025-12-27 13:53:33.826 [ServerDiscovery-Thread] INFO  o.e.z.client.ServerDiscoveryClient - ✓ UDP Socket đã khởi tạo
2025-12-27 13:53:33.826 [ServerDiscovery-Thread] INFO  o.e.z.client.ServerDiscoveryClient - ✓ Broadcast mode: ENABLED
2025-12-27 13:53:33.827 [ServerDiscovery-Thread] INFO  o.e.z.client.ServerDiscoveryClient - ✓ Timeout: 3000ms
2025-12-27 13:53:33.828 [ServerDiscovery-Thread] INFO  o.e.z.client.ServerDiscoveryClient - >>> [Broadcast #1] Sent to 255.255.255.255:8888
2025-12-27 13:53:33.828 [Discovery-Listener] INFO  o.e.z.server.ServerDiscoveryListener - >>> [Request #3] Discovery request từ 10.219.179.108:56919
2025-12-27 13:53:33.830 [ServerDiscovery-Thread] INFO  o.e.z.client.ServerDiscoveryClient - Đang quét các network interfaces...
2025-12-27 13:53:33.831 [Discovery-Listener] INFO  o.e.z.server.ServerDiscoveryListener - <<< [Response #3] Đã gửi response tới 10.219.179.108:56919 - TCP Port: 5000
2025-12-27 13:53:33.836 [ServerDiscovery-Thread] INFO  o.e.z.client.ServerDiscoveryClient -   [Interface #1] WAN Miniport (IP)-WFP Native MAC Layer LightWeight Filter-0000 - ACTIVE
2025-12-27 13:53:33.836 [ServerDiscovery-Thread] INFO  o.e.z.client.ServerDiscoveryClient -   [Interface #2] WAN Miniport (IP)-QoS Packet Scheduler-0000 - ACTIVE
2025-12-27 13:53:33.836 [ServerDiscovery-Thread] INFO  o.e.z.client.ServerDiscoveryClient -   [Interface #3] WAN Miniport (IPv6)-WFP Native MAC Layer LightWeight Filter-0000 - ACTIVE
2025-12-27 13:53:33.837 [ServerDiscovery-Thread] INFO  o.e.z.client.ServerDiscoveryClient -   [Interface #4] WAN Miniport (IPv6)-QoS Packet Scheduler-0000 - ACTIVE
2025-12-27 13:53:33.837 [ServerDiscovery-Thread] INFO  o.e.z.client.ServerDiscoveryClient -   [Interface #5] WAN Miniport (Network Monitor)-WFP Native MAC Layer LightWeight Filter-0000 - ACTIVE
2025-12-27 13:53:33.837 [ServerDiscovery-Thread] INFO  o.e.z.client.ServerDiscoveryClient -   [Interface #6] WAN Miniport (Network Monitor)-QoS Packet Scheduler-0000 - ACTIVE
2025-12-27 13:53:33.838 [ServerDiscovery-Thread] INFO  o.e.z.client.ServerDiscoveryClient -   [Interface #8] WAN Miniport (IP) - ACTIVE
2025-12-27 13:53:33.838 [ServerDiscovery-Thread] INFO  o.e.z.client.ServerDiscoveryClient -   [Interface #9] WAN Miniport (IPv6) - ACTIVE
2025-12-27 13:53:33.839 [ServerDiscovery-Thread] INFO  o.e.z.client.ServerDiscoveryClient -   [Interface #10] WAN Miniport (Network Monitor) - ACTIVE
2025-12-27 13:53:33.840 [ServerDiscovery-Thread] INFO  o.e.z.client.ServerDiscoveryClient -   [Interface #14] Intel(R) Wi-Fi 6E AX211 160MHz-WFP Native MAC Layer LightWeight Filter-0000 - ACTIVE
2025-12-27 13:53:33.841 [ServerDiscovery-Thread] INFO  o.e.z.client.ServerDiscoveryClient -   [Interface #15] Intel(R) Wi-Fi 6E AX211 160MHz-Virtual WiFi Filter Driver-0000 - ACTIVE
2025-12-27 13:53:33.842 [ServerDiscovery-Thread] INFO  o.e.z.client.ServerDiscoveryClient -   [Interface #16] Intel(R) Wi-Fi 6E AX211 160MHz-Native WiFi Filter Driver-0000 - ACTIVE
2025-12-27 13:53:33.843 [ServerDiscovery-Thread] INFO  o.e.z.client.ServerDiscoveryClient -   [Interface #17] Intel(R) Wi-Fi 6E AX211 160MHz-QoS Packet Scheduler-0000 - ACTIVE
2025-12-27 13:53:33.844 [ServerDiscovery-Thread] INFO  o.e.z.client.ServerDiscoveryClient -   [Interface #18] Intel(R) Wi-Fi 6E AX211 160MHz-WFP 802.3 MAC Layer LightWeight Filter-0000 - ACTIVE
2025-12-27 13:53:33.846 [ServerDiscovery-Thread] INFO  o.e.z.client.ServerDiscoveryClient -   [Interface #27] Intel(R) Wi-Fi 6E AX211 160MHz - ACTIVE
2025-12-27 13:53:33.846 [Discovery-Listener] INFO  o.e.z.server.ServerDiscoveryListener - >>> [Request #4] Discovery request từ 10.219.179.108:56919
2025-12-27 13:53:33.846 [ServerDiscovery-Thread] INFO  o.e.z.client.ServerDiscoveryClient -     >>> [Broadcast #2] Sent to 10.219.179.255 (Intel(R) Wi-Fi 6E AX211 160MHz)
2025-12-27 13:53:33.849 [Discovery-Listener] INFO  o.e.z.server.ServerDiscoveryListener - <<< [Response #4] Đã gửi response tới 10.219.179.108:56919 - TCP Port: 5000
2025-12-27 13:53:33.850 [ServerDiscovery-Thread] INFO  o.e.z.client.ServerDiscoveryClient - ✓ Đã quét 36 network interfaces
2025-12-27 13:53:33.852 [ServerDiscovery-Thread] INFO  o.e.z.client.ServerDiscoveryClient - === Tổng số broadcast packets gửi đi: 2 ===
2025-12-27 13:53:33.852 [ServerDiscovery-Thread] INFO  o.e.z.client.ServerDiscoveryClient - Đang chờ nhận phản hồi từ server (timeout: 3000ms)...
2025-12-27 13:53:33.854 [ServerDiscovery-Thread] INFO  o.e.z.client.ServerDiscoveryClient - <<< Nhận phản hồi từ 10.219.179.108:8888 (1ms)
2025-12-27 13:53:33.854 [ServerDiscovery-Thread] INFO  o.e.z.client.ServerDiscoveryClient - === ✓ TÌM THẤY SERVER ===
2025-12-27 13:53:33.854 [ServerDiscovery-Thread] INFO  o.e.z.client.ServerDiscoveryClient - Server Address: 10.219.179.108
2025-12-27 13:53:33.856 [ServerDiscovery-Thread] INFO  o.e.z.client.ServerDiscoveryClient - TCP Port: 5000
2025-12-27 13:53:33.856 [ServerDiscovery-Thread] INFO  o.e.z.client.ServerDiscoveryClient - Response Time: 1ms
2025-12-27 13:53:34.327 [JavaFX Application Thread] INFO  org.example.zalu.ZaluApplication - ✓ Zalu Client đã khởi động thành công!
2025-12-27 13:53:34.328 [JavaFX Application Thread] INFO  org.example.zalu.ZaluApplication -    Kích thước cố định: 1200.0 x 777.0
2025-12-27 13:53:34.330 [JavaFX Application Thread] INFO  org.example.zalu.ZaluApplication -    UDP Auto-Discovery: ENABLED
2025-12-27 13:53:34.331 [JavaFX Application Thread] INFO  o.e.z.c.auth.LoginController - === ✓ Auto-Discovery Thành Công ===
2025-12-27 13:53:34.332 [JavaFX Application Thread] INFO  o.e.z.c.auth.LoginController - Server được tìm thấy: 10.219.179.108:5000
2025-12-27 13:53:34.332 [JavaFX Application Thread] INFO  o.e.z.c.auth.LoginController - Thời gian tìm kiếm: 48ms
2025-12-27 13:53:34.336 [JavaFX Application Thread] INFO  org.example.zalu.client.ChatClient - ✓ Đã đọc cấu hình từ server.properties: localhost:5000
2025-12-27 13:53:34.336 [JavaFX Application Thread] INFO  org.example.zalu.client.ChatClient - ℹ Sử dụng IP mặc định: localhost (để kết nối từ máy khác, cấu hình trong server.properties hoặc dùng -Dserver.address=IP)
2025-12-27 13:53:34.338 [JavaFX Application Thread] INFO  org.example.zalu.client.ChatClient - Đã cập nhật cấu hình server: 10.219.179.108:5000
2025-12-27 13:53:34.339 [JavaFX Application Thread] INFO  org.example.zalu.client.ChatClient - Đã ngắt kết nối sạch sẽ – không reconnect tự động
2025-12-27 13:53:34.341 [JavaFX Application Thread] INFO  o.e.z.c.auth.LoginController - Đã cấu hình ChatClient với server: 10.219.179.108:5000
2025-12-27 13:53:34.342 [JavaFX Application Thread] INFO  o.e.z.c.auth.LoginController - === Kết thúc Auto-Discovery ===
2025-12-27 13:53:44.346 [JavaFX Application Thread] INFO  org.example.zalu.client.ChatClient - Chưa kết nối server, đang thử kết nối...
2025-12-27 13:53:44.346 [JavaFX Application Thread] INFO  org.example.zalu.client.ChatClient - === Đang kết nối đến Server ===
2025-12-27 13:53:44.346 [JavaFX Application Thread] INFO  org.example.zalu.client.ChatClient - Server Address: 10.219.179.108
2025-12-27 13:53:44.349 [JavaFX Application Thread] INFO  org.example.zalu.client.ChatClient - Server Port: 5000
2025-12-27 13:53:44.361 [Thread-5] INFO  org.example.zalu.server.ChatServer - ✅ Client mới kết nối: /10.219.179.108
2025-12-27 13:53:44.375 [JavaFX Application Thread] INFO  org.example.zalu.client.ChatClient - === ✓ Kết nối thành công ===
2025-12-27 13:53:44.376 [JavaFX Application Thread] INFO  org.example.zalu.client.ChatClient - Connected to: 10.219.179.108:5000
2025-12-27 13:53:44.377 [JavaFX Application Thread] INFO  org.example.zalu.client.ChatClient - Socket timeout: 120s
2025-12-27 13:53:44.377 [JavaFX Application Thread] INFO  org.example.zalu.client.ChatClient - Buffer size: 2MB
2025-12-27 13:53:44.378 [Global-Listener] INFO  org.example.zalu.client.ChatClient - Global listener đã khởi động
2025-12-27 13:53:44.491 [pool-2-thread-1] INFO  org.example.zalu.client.ChatClient - Gửi: LOGIN_REQUEST|hylee|123456
2025-12-27 13:53:44.493 [Thread-7] INFO  o.example.zalu.server.ClientHandler - Server: Xử lý LOGIN_REQUEST: LOGIN_REQUEST|hylee|123456
2025-12-27 13:53:44.814 [Thread-7] INFO  o.example.zalu.server.ClientHandler - Server: Login thành công, gửi LOGIN_RESPONSE cho user 1
2025-12-27 13:53:44.837 [Global-Listener] INFO  o.e.zalu.client.ChatEventManager - Received string message: LOGIN_RESPONSE|SUCCESS|1
2025-12-27 13:53:44.838 [Global-Listener] INFO  o.e.zalu.client.ChatEventManager - ChatEventManager: Current userId set to 1
2025-12-27 13:53:44.854 [JavaFX Application Thread] INFO  o.e.z.c.auth.LoginController - Login successful for user: hylee
2025-12-27 13:53:44.868 [Global-Listener] INFO  o.e.zalu.client.ChatEventManager - Received List<Integer> #1: [2, 17, 22, 23, 24, 25] (friends, pending, or online users?)
2025-12-27 13:53:44.936 [JavaFX Application Thread] INFO  o.e.zalu.controller.MainController - DAOs and Managers initialized
2025-12-27 13:53:45.009 [Global-Listener] INFO  o.e.zalu.client.ChatEventManager - Received 130 messages total, grouped into 8 conversations
2025-12-27 13:53:45.071 [Global-Listener] INFO  org.example.zalu.client.ClientCache - Client cache loaded from disk: 7 users, 9 conversations
2025-12-27 13:53:45.075 [JavaFX Application Thread] INFO  o.e.zalu.controller.MainController - Sub-controllers loaded for the first time
2025-12-27 13:53:45.084 [JavaFX Application Thread] INFO  o.e.zalu.controller.MainController - Welcome view (welcome-view.fxml) displayed successfully
2025-12-27 13:53:45.085 [JavaFX Application Thread] INFO  o.e.zalu.controller.MainController - MainController stage set
2025-12-27 13:53:45.086 [JavaFX Application Thread] INFO  o.e.zalu.controller.MainController - MainController currentUserId set to: 1
2025-12-27 13:53:45.086 [JavaFX Application Thread] INFO  o.e.zalu.controller.ChatListManager - Refreshing friend list for userId: 1
2025-12-27 13:53:45.086 [pool-2-thread-1] INFO  org.example.zalu.client.ChatClient - Gửi: GET_FRIENDS_LIST_FULL|1
2025-12-27 13:53:45.088 [pool-2-thread-1] INFO  org.example.zalu.client.ChatClient - Gửi: GET_GROUPS|1
2025-12-27 13:53:45.088 [pool-2-thread-1] INFO  org.example.zalu.client.ChatClient - Gửi: GET_USER_BY_ID|1
2025-12-27 13:53:45.115 [Thread-7] INFO  o.example.zalu.server.ClientHandler - ✓ hylee (ID: 1) đăng nhập thành công
2025-12-27 13:53:45.156 [Global-Listener] INFO  org.example.zalu.client.ClientCache - Client cache saved to disk.
2025-12-27 13:53:45.212 [Global-Listener] INFO  org.example.zalu.client.ClientCache - Client cache saved to disk.
2025-12-27 13:53:45.230 [Global-Listener] INFO  org.example.zalu.client.ClientCache - Client cache saved to disk.
2025-12-27 13:53:45.247 [Global-Listener] INFO  org.example.zalu.client.ClientCache - Client cache saved to disk.
2025-12-27 13:53:45.253 [Global-Listener] INFO  org.example.zalu.client.ClientCache - Client cache saved to disk.
2025-12-27 13:53:45.259 [Global-Listener] INFO  org.example.zalu.client.ClientCache - Client cache saved to disk.
2025-12-27 13:53:45.267 [Global-Listener] INFO  org.example.zalu.client.ClientCache - Client cache saved to disk.
2025-12-27 13:53:45.273 [Global-Listener] INFO  org.example.zalu.client.ClientCache - Client cache saved to disk.
2025-12-27 13:53:45.277 [Global-Listener] INFO  o.e.zalu.client.ChatEventManager - Received List<GroupInfo>: 2 groups
2025-12-27 13:53:45.279 [Global-Listener] INFO  o.e.zalu.client.ChatEventManager - Received List<Integer> #2: [1] (friends, pending, or online users?)
2025-12-27 13:53:45.280 [Global-Listener] WARN  o.e.zalu.client.ChatEventManager - Unknown event type: java.util.HashMap
2025-12-27 13:53:45.282 [Global-Listener] INFO  o.e.zalu.client.ChatEventManager - Received List<GroupInfo>: 2 groups
2025-12-27 13:53:45.430 [JavaFX Application Thread] INFO  o.e.zalu.controller.MainController - DAOs and Managers initialized
2025-12-27 13:53:45.468 [JavaFX Application Thread] INFO  o.e.zalu.controller.MainController - Sub-controllers loaded for the first time
2025-12-27 13:53:45.472 [JavaFX Application Thread] INFO  o.e.zalu.controller.MainController - Welcome view (welcome-view.fxml) displayed successfully
2025-12-27 13:53:45.472 [JavaFX Application Thread] INFO  o.e.zalu.controller.MainController - MainController stage set
2025-12-27 13:53:45.473 [JavaFX Application Thread] INFO  o.e.zalu.controller.MainController - MainController currentUserId set to: 1
2025-12-27 13:53:45.473 [JavaFX Application Thread] INFO  o.e.zalu.controller.ChatListManager - Refreshing friend list for userId: 1
2025-12-27 13:53:45.474 [pool-2-thread-1] INFO  org.example.zalu.client.ChatClient - Gửi: GET_FRIENDS_LIST_FULL|1
2025-12-27 13:53:45.475 [pool-2-thread-1] INFO  org.example.zalu.client.ChatClient - Gửi: GET_GROUPS|1
2025-12-27 13:53:45.475 [pool-2-thread-1] INFO  org.example.zalu.client.ChatClient - Gửi: GET_USER_BY_ID|1
2025-12-27 13:53:45.493 [Global-Listener] INFO  o.e.zalu.client.ChatEventManager - Received List<GroupInfo>: 2 groups
2025-12-27 13:53:45.536 [JavaFX Application Thread] INFO  o.e.zalu.client.ChatEventManager - ✓ Đăng nhập thành công! UserID = 1
2025-12-27 13:53:45.557 [JavaFX Application Thread] INFO  o.e.zalu.controller.MainController - onMessagesReceived: 130 messages
2025-12-27 13:53:45.565 [JavaFX Application Thread] INFO  o.e.zalu.controller.ChatListManager - Received groups update: 2 groups
2025-12-27 13:53:45.571 [JavaFX Application Thread] INFO  o.e.zalu.controller.ChatListManager - Pre-fetched top 2 conversations in background
2025-12-27 13:53:45.571 [pool-2-thread-1] INFO  org.example.zalu.client.ChatClient - Gửi: GET_GROUP_CONVERSATION|1|1
2025-12-27 13:53:45.571 [JavaFX Application Thread] INFO  o.e.zalu.controller.ChatListManager - Friend list refreshed with 0 friends and 2 groups
2025-12-27 13:53:45.571 [pool-2-thread-1] INFO  org.example.zalu.client.ChatClient - Gửi: GET_GROUP_CONVERSATION|1|2
2025-12-27 13:53:45.610 [Global-Listener] INFO  o.e.zalu.client.ChatEventManager - Caching history for chatId -1: 7 messages
2025-12-27 13:53:45.616 [Global-Listener] INFO  org.example.zalu.client.ClientCache - Client cache saved to disk.
2025-12-27 13:53:45.644 [Global-Listener] INFO  o.e.zalu.client.ChatEventManager - Caching history for chatId -2: 16 messages
2025-12-27 13:53:45.653 [Global-Listener] INFO  org.example.zalu.client.ClientCache - Client cache saved to disk.
2025-12-27 13:53:45.653 [JavaFX Application Thread] INFO  o.e.zalu.controller.ChatListManager - Received online users list: 1 users
2025-12-27 13:53:45.655 [JavaFX Application Thread] INFO  o.e.zalu.controller.ChatListManager - Received full friend list: 6 friends
2025-12-27 13:53:45.656 [pool-2-thread-1] INFO  org.example.zalu.client.ChatClient - Gửi: GET_USER_AVATAR|2
2025-12-27 13:53:45.656 [pool-2-thread-1] INFO  org.example.zalu.client.ChatClient - Gửi: GET_USER_AVATAR|17
2025-12-27 13:53:45.657 [pool-2-thread-1] INFO  org.example.zalu.client.ChatClient - Gửi: GET_USER_AVATAR|22
2025-12-27 13:53:45.658 [pool-2-thread-1] INFO  org.example.zalu.client.ChatClient - Gửi: GET_USER_AVATAR|23
2025-12-27 13:53:45.658 [pool-2-thread-1] INFO  org.example.zalu.client.ChatClient - Gửi: GET_USER_AVATAR|24
2025-12-27 13:53:45.659 [pool-2-thread-1] INFO  org.example.zalu.client.ChatClient - Gửi: GET_USER_AVATAR|25
2025-12-27 13:53:45.662 [Global-Listener] INFO  o.e.zalu.client.ChatEventManager - Received string message: USER_AVATAR|2|0
2025-12-27 13:53:45.665 [Global-Listener] INFO  o.e.zalu.client.ChatEventManager - Received string message: USER_AVATAR|17|0
2025-12-27 13:53:45.669 [Global-Listener] INFO  o.e.zalu.client.ChatEventManager - Received string message: USER_AVATAR|22|0
2025-12-27 13:53:45.672 [Global-Listener] INFO  o.e.zalu.client.ChatEventManager - Received string message: USER_AVATAR|23|0
2025-12-27 13:53:45.676 [Global-Listener] INFO  o.e.zalu.client.ChatEventManager - Received string message: USER_AVATAR|24|0
2025-12-27 13:53:45.709 [JavaFX Application Thread] INFO  o.e.zalu.controller.ChatListManager - Pre-fetched top 5 conversations in background
2025-12-27 13:53:45.709 [pool-2-thread-1] INFO  org.example.zalu.client.ChatClient - Gửi: GET_CONVERSATION|1|17
2025-12-27 13:53:45.709 [JavaFX Application Thread] INFO  o.e.zalu.controller.ChatListManager - Friend list refreshed with 6 friends and 2 groups
2025-12-27 13:53:45.709 [pool-2-thread-1] INFO  org.example.zalu.client.ChatClient - Gửi: GET_CONVERSATION|1|22
2025-12-27 13:53:45.709 [pool-2-thread-1] INFO  org.example.zalu.client.ChatClient - Gửi: GET_GROUP_CONVERSATION|1|1
2025-12-27 13:53:45.709 [pool-2-thread-1] INFO  org.example.zalu.client.ChatClient - Gửi: GET_CONVERSATION|1|2
2025-12-27 13:53:45.712 [pool-2-thread-1] INFO  org.example.zalu.client.ChatClient - Gửi: GET_GROUP_CONVERSATION|1|2
2025-12-27 13:53:45.712 [JavaFX Application Thread] INFO  o.e.zalu.controller.ChatListManager - Received groups update: 2 groups
2025-12-27 13:53:45.719 [Global-Listener] INFO  o.e.zalu.client.ChatEventManager - Received string message: USER_AVATAR|25|1377614
2025-12-27 13:53:45.727 [JavaFX Application Thread] INFO  o.e.zalu.controller.ChatListManager - Pre-fetched top 5 conversations in background
2025-12-27 13:53:45.727 [pool-2-thread-1] INFO  org.example.zalu.client.ChatClient - Gửi: GET_CONVERSATION|1|17
2025-12-27 13:53:45.727 [JavaFX Application Thread] INFO  o.e.zalu.controller.ChatListManager - Friend list refreshed with 6 friends and 2 groups
2025-12-27 13:53:45.727 [pool-2-thread-1] INFO  org.example.zalu.client.ChatClient - Gửi: GET_CONVERSATION|1|22
2025-12-27 13:53:45.728 [pool-2-thread-1] INFO  org.example.zalu.client.ChatClient - Gửi: GET_GROUP_CONVERSATION|1|1
2025-12-27 13:53:45.728 [pool-2-thread-1] INFO  org.example.zalu.client.ChatClient - Gửi: GET_CONVERSATION|1|2
2025-12-27 13:53:45.728 [pool-2-thread-1] INFO  org.example.zalu.client.ChatClient - Gửi: GET_GROUP_CONVERSATION|1|2
2025-12-27 13:53:45.744 [JavaFX Application Thread] INFO  o.e.zalu.controller.ChatListManager - Received full friend list: 6 friends
2025-12-27 13:53:45.746 [pool-2-thread-1] INFO  org.example.zalu.client.ChatClient - Gửi: GET_USER_AVATAR|2
2025-12-27 13:53:45.746 [pool-2-thread-1] INFO  org.example.zalu.client.ChatClient - Gửi: GET_USER_AVATAR|17
2025-12-27 13:53:45.746 [pool-2-thread-1] INFO  org.example.zalu.client.ChatClient - Gửi: GET_USER_AVATAR|22
2025-12-27 13:53:45.746 [pool-2-thread-1] INFO  org.example.zalu.client.ChatClient - Gửi: GET_USER_AVATAR|23
2025-12-27 13:53:45.746 [pool-2-thread-1] INFO  org.example.zalu.client.ChatClient - Gửi: GET_USER_AVATAR|24
2025-12-27 13:53:45.747 [pool-2-thread-1] INFO  org.example.zalu.client.ChatClient - Gửi: GET_USER_AVATAR|25
2025-12-27 13:53:45.759 [Global-Listener] INFO  o.e.zalu.client.ChatEventManager - Received byte data: 1377614 bytes
2025-12-27 13:53:45.764 [JavaFX Application Thread] INFO  o.e.zalu.controller.ChatListManager - Pre-fetched top 5 conversations in background
2025-12-27 13:53:45.765 [pool-2-thread-1] INFO  org.example.zalu.client.ChatClient - Gửi: GET_CONVERSATION|1|17
2025-12-27 13:53:45.765 [JavaFX Application Thread] INFO  o.e.zalu.controller.ChatListManager - Friend list refreshed with 6 friends and 2 groups
2025-12-27 13:53:45.765 [pool-2-thread-1] INFO  org.example.zalu.client.ChatClient - Gửi: GET_CONVERSATION|1|22
2025-12-27 13:53:45.765 [pool-2-thread-1] INFO  org.example.zalu.client.ChatClient - Gửi: GET_GROUP_CONVERSATION|1|1
2025-12-27 13:53:45.765 [pool-2-thread-1] INFO  org.example.zalu.client.ChatClient - Gửi: GET_CONVERSATION|1|2
2025-12-27 13:53:45.765 [JavaFX Application Thread] INFO  o.e.zalu.controller.ChatListManager - Received groups update: 2 groups
2025-12-27 13:53:45.765 [pool-2-thread-1] INFO  org.example.zalu.client.ChatClient - Gửi: GET_GROUP_CONVERSATION|1|2
2025-12-27 13:53:45.778 [JavaFX Application Thread] INFO  o.e.zalu.controller.ChatListManager - Pre-fetched top 5 conversations in background
2025-12-27 13:53:45.780 [pool-2-thread-1] INFO  org.example.zalu.client.ChatClient - Gửi: GET_CONVERSATION|1|17
2025-12-27 13:53:45.780 [JavaFX Application Thread] INFO  o.e.zalu.controller.ChatListManager - Friend list refreshed with 6 friends and 2 groups
2025-12-27 13:53:45.780 [pool-2-thread-1] INFO  org.example.zalu.client.ChatClient - Gửi: GET_CONVERSATION|1|22
2025-12-27 13:53:45.780 [pool-2-thread-1] INFO  org.example.zalu.client.ChatClient - Gửi: GET_GROUP_CONVERSATION|1|1
2025-12-27 13:53:45.780 [pool-2-thread-1] INFO  org.example.zalu.client.ChatClient - Gửi: GET_CONVERSATION|1|2
2025-12-27 13:53:45.781 [pool-2-thread-1] INFO  org.example.zalu.client.ChatClient - Gửi: GET_GROUP_CONVERSATION|1|2
2025-12-27 13:53:46.150 [Global-Listener] INFO  o.e.zalu.client.ChatEventManager - Caching history for chatId 17: 19 messages
2025-12-27 13:53:46.249 [Global-Listener] INFO  org.example.zalu.client.ClientCache - Client cache saved to disk.
2025-12-27 13:53:46.293 [Global-Listener] INFO  o.e.zalu.client.ChatEventManager - Caching history for chatId 22: 36 messages
2025-12-27 13:53:46.400 [Global-Listener] INFO  org.example.zalu.client.ClientCache - Client cache saved to disk.
2025-12-27 13:53:46.403 [Global-Listener] INFO  o.e.zalu.client.ChatEventManager - Caching history for chatId -1: 7 messages
2025-12-27 13:53:46.534 [Global-Listener] INFO  org.example.zalu.client.ClientCache - Client cache saved to disk.
2025-12-27 13:53:46.539 [Global-Listener] INFO  o.e.zalu.client.ChatEventManager - Caching history for chatId 2: 28 messages
2025-12-27 13:53:46.654 [Global-Listener] INFO  org.example.zalu.client.ClientCache - Client cache saved to disk.
2025-12-27 13:53:46.659 [Global-Listener] INFO  o.e.zalu.client.ChatEventManager - Caching history for chatId -2: 16 messages
2025-12-27 13:53:46.789 [Global-Listener] INFO  org.example.zalu.client.ClientCache - Client cache saved to disk.
2025-12-27 13:53:46.914 [Global-Listener] INFO  o.e.zalu.client.ChatEventManager - Caching history for chatId 17: 19 messages
2025-12-27 13:53:47.038 [Global-Listener] INFO  org.example.zalu.client.ClientCache - Client cache saved to disk.
2025-12-27 13:53:47.097 [Global-Listener] INFO  o.e.zalu.client.ChatEventManager - Caching history for chatId 22: 36 messages
2025-12-27 13:53:47.199 [Global-Listener] INFO  org.example.zalu.client.ClientCache - Client cache saved to disk.
2025-12-27 13:53:47.206 [Global-Listener] INFO  o.e.zalu.client.ChatEventManager - Caching history for chatId -1: 7 messages
2025-12-27 13:53:47.305 [Global-Listener] INFO  org.example.zalu.client.ClientCache - Client cache saved to disk.
2025-12-27 13:53:47.324 [Global-Listener] INFO  o.e.zalu.client.ChatEventManager - Caching history for chatId 2: 28 messages
2025-12-27 13:53:47.469 [Global-Listener] INFO  org.example.zalu.client.ClientCache - Client cache saved to disk.
2025-12-27 13:53:47.471 [Global-Listener] INFO  o.e.zalu.client.ChatEventManager - Caching history for chatId -2: 16 messages
2025-12-27 13:53:47.581 [Global-Listener] INFO  org.example.zalu.client.ClientCache - Client cache saved to disk.
2025-12-27 13:53:47.582 [Global-Listener] INFO  o.e.zalu.client.ChatEventManager - Received string message: USER_AVATAR|2|0
2025-12-27 13:53:47.582 [Global-Listener] INFO  o.e.zalu.client.ChatEventManager - Received string message: USER_AVATAR|17|0
2025-12-27 13:53:47.584 [Global-Listener] INFO  o.e.zalu.client.ChatEventManager - Received string message: USER_AVATAR|22|0
2025-12-27 13:53:47.584 [Global-Listener] INFO  o.e.zalu.client.ChatEventManager - Received string message: USER_AVATAR|23|0
2025-12-27 13:53:47.585 [Global-Listener] INFO  o.e.zalu.client.ChatEventManager - Received string message: USER_AVATAR|24|0
2025-12-27 13:53:47.586 [Global-Listener] INFO  o.e.zalu.client.ChatEventManager - Received string message: USER_AVATAR|25|1377614
2025-12-27 13:53:47.596 [Global-Listener] INFO  o.e.zalu.client.ChatEventManager - Received byte data: 1377614 bytes
2025-12-27 13:53:47.685 [Global-Listener] INFO  o.e.zalu.client.ChatEventManager - Caching history for chatId 17: 19 messages
2025-12-27 13:53:47.724 [Global-Listener] INFO  org.example.zalu.client.ClientCache - Client cache saved to disk.
2025-12-27 13:53:47.730 [Global-Listener] INFO  o.e.zalu.client.ChatEventManager - Caching history for chatId 22: 36 messages
2025-12-27 13:53:47.780 [Global-Listener] INFO  org.example.zalu.client.ClientCache - Client cache saved to disk.
2025-12-27 13:53:47.782 [Global-Listener] INFO  o.e.zalu.client.ChatEventManager - Caching history for chatId -1: 7 messages
2025-12-27 13:53:47.838 [Global-Listener] INFO  org.example.zalu.client.ClientCache - Client cache saved to disk.
2025-12-27 13:53:47.841 [Global-Listener] INFO  o.e.zalu.client.ChatEventManager - Caching history for chatId 2: 28 messages
2025-12-27 13:53:47.915 [Global-Listener] INFO  org.example.zalu.client.ClientCache - Client cache saved to disk.
2025-12-27 13:53:47.918 [Global-Listener] INFO  o.e.zalu.client.ChatEventManager - Caching history for chatId -2: 16 messages
2025-12-27 13:53:47.967 [Global-Listener] INFO  org.example.zalu.client.ClientCache - Client cache saved to disk.
2025-12-27 13:53:48.077 [Global-Listener] INFO  o.e.zalu.client.ChatEventManager - Caching history for chatId 17: 19 messages
2025-12-27 13:53:48.145 [Global-Listener] INFO  org.example.zalu.client.ClientCache - Client cache saved to disk.
2025-12-27 13:53:48.182 [Global-Listener] INFO  o.e.zalu.client.ChatEventManager - Caching history for chatId 22: 36 messages
2025-12-27 13:53:48.250 [Global-Listener] INFO  org.example.zalu.client.ClientCache - Client cache saved to disk.
2025-12-27 13:53:48.251 [Global-Listener] INFO  o.e.zalu.client.ChatEventManager - Caching history for chatId -1: 7 messages
2025-12-27 13:53:48.359 [Global-Listener] INFO  org.example.zalu.client.ClientCache - Client cache saved to disk.
2025-12-27 13:53:48.364 [Global-Listener] INFO  o.e.zalu.client.ChatEventManager - Caching history for chatId 2: 28 messages
2025-12-27 13:53:48.489 [Global-Listener] INFO  org.example.zalu.client.ClientCache - Client cache saved to disk.
2025-12-27 13:53:48.493 [Global-Listener] INFO  o.e.zalu.client.ChatEventManager - Caching history for chatId -2: 16 messages
2025-12-27 13:53:48.599 [Global-Listener] INFO  org.example.zalu.client.ClientCache - Client cache saved to disk.
2025-12-27 13:53:54.072 [JavaFX Application Thread] INFO  org.example.zalu.client.ChatClient - Chưa kết nối server, đang thử kết nối...
2025-12-27 13:53:54.075 [JavaFX Application Thread] INFO  org.example.zalu.client.ChatClient - === Đang kết nối đến Server ===
2025-12-27 13:53:54.076 [JavaFX Application Thread] INFO  org.example.zalu.client.ChatClient - Server Address: 10.219.179.108
2025-12-27 13:53:54.077 [JavaFX Application Thread] INFO  org.example.zalu.client.ChatClient - Server Port: 5000
2025-12-27 13:53:54.089 [Thread-5] INFO  org.example.zalu.server.ChatServer - ✅ Client mới kết nối: /10.219.179.108
2025-12-27 13:53:54.099 [JavaFX Application Thread] INFO  org.example.zalu.client.ChatClient - === ✓ Kết nối thành công ===
2025-12-27 13:53:54.101 [JavaFX Application Thread] INFO  org.example.zalu.client.ChatClient - Connected to: 10.219.179.108:5000
2025-12-27 13:53:54.102 [JavaFX Application Thread] INFO  org.example.zalu.client.ChatClient - Socket timeout: 120s
2025-12-27 13:53:54.102 [JavaFX Application Thread] INFO  org.example.zalu.client.ChatClient - Buffer size: 2MB
2025-12-27 13:53:54.104 [Global-Listener] INFO  org.example.zalu.client.ChatClient - Global listener đã khởi động
2025-12-27 13:53:54.234 [pool-2-thread-1] INFO  org.example.zalu.client.ChatClient - Gửi: LOGIN_REQUEST|mydt|123456
2025-12-27 13:53:54.234 [Thread-8] INFO  o.example.zalu.server.ClientHandler - Server: Xử lý LOGIN_REQUEST: LOGIN_REQUEST|mydt|123456
2025-12-27 13:53:54.398 [Thread-8] INFO  o.example.zalu.server.ClientHandler - Server: Login thành công, gửi LOGIN_RESPONSE cho user 17
2025-12-27 13:53:54.407 [Global-Listener] INFO  o.e.zalu.client.ChatEventManager - Received string message: LOGIN_RESPONSE|SUCCESS|17
2025-12-27 13:53:54.408 [Global-Listener] INFO  o.e.zalu.client.ChatEventManager - ChatEventManager: Current userId set to 17
2025-12-27 13:53:54.416 [JavaFX Application Thread] INFO  o.e.z.c.auth.LoginController - Login successful for user: mydt
2025-12-27 13:53:54.421 [Global-Listener] INFO  o.e.zalu.client.ChatEventManager - Received List<Integer> #1: [1] (friends, pending, or online users?)
2025-12-27 13:53:54.436 [Global-Listener] INFO  o.e.zalu.client.ChatEventManager - Received string message: USER_ONLINE|17
2025-12-27 13:53:54.436 [Thread-8] INFO  o.example.zalu.server.ClientHandler - ✓ mydt (ID: 17) đăng nhập thành công
2025-12-27 13:53:54.440 [Global-Listener] WARN  o.e.zalu.client.ChatEventManager - Unknown event type: java.lang.String
2025-12-27 13:53:54.446 [Global-Listener] INFO  o.e.zalu.client.ChatEventManager - Received 20 messages total, grouped into 2 conversations
2025-12-27 13:53:54.510 [JavaFX Application Thread] INFO  o.e.zalu.controller.MainController - DAOs and Managers initialized
2025-12-27 13:53:54.509 [Global-Listener] INFO  org.example.zalu.client.ClientCache - Client cache loaded from disk: 7 users, 9 conversations
2025-12-27 13:53:54.588 [Global-Listener] INFO  org.example.zalu.client.ClientCache - Client cache saved to disk.
2025-12-27 13:53:54.645 [Global-Listener] INFO  org.example.zalu.client.ClientCache - Client cache saved to disk.
2025-12-27 13:53:54.646 [Global-Listener] INFO  o.e.zalu.client.ChatEventManager - Received List<Integer> #2: [1, 17] (friends, pending, or online users?)
2025-12-27 13:53:54.650 [Global-Listener] INFO  o.e.zalu.client.ChatEventManager - Received unread count map: 1 entries
2025-12-27 13:53:54.657 [JavaFX Application Thread] INFO  o.e.zalu.controller.MainController - Sub-controllers loaded for the first time
2025-12-27 13:53:54.667 [JavaFX Application Thread] INFO  o.e.zalu.controller.MainController - Welcome view (welcome-view.fxml) displayed successfully
2025-12-27 13:53:54.668 [JavaFX Application Thread] INFO  o.e.zalu.controller.MainController - MainController stage set
2025-12-27 13:53:54.668 [JavaFX Application Thread] INFO  o.e.zalu.controller.MainController - MainController currentUserId set to: 17
2025-12-27 13:53:54.668 [JavaFX Application Thread] INFO  o.e.zalu.controller.ChatListManager - Refreshing friend list for userId: 17
2025-12-27 13:53:54.669 [pool-2-thread-1] INFO  org.example.zalu.client.ChatClient - Gửi: GET_FRIENDS_LIST_FULL|17
2025-12-27 13:53:54.669 [pool-2-thread-1] INFO  org.example.zalu.client.ChatClient - Gửi: GET_GROUPS|17
2025-12-27 13:53:54.671 [pool-2-thread-1] INFO  org.example.zalu.client.ChatClient - Gửi: GET_USER_BY_ID|17
2025-12-27 13:53:55.040 [JavaFX Application Thread] INFO  o.e.zalu.controller.MainController - DAOs and Managers initialized
2025-12-27 13:53:55.093 [JavaFX Application Thread] INFO  o.e.zalu.controller.MainController - Sub-controllers loaded for the first time
2025-12-27 13:53:55.099 [JavaFX Application Thread] INFO  o.e.zalu.controller.MainController - Welcome view (welcome-view.fxml) displayed successfully
2025-12-27 13:53:55.100 [JavaFX Application Thread] INFO  o.e.zalu.controller.MainController - MainController stage set
2025-12-27 13:53:55.101 [JavaFX Application Thread] INFO  o.e.zalu.controller.MainController - MainController currentUserId set to: 17
2025-12-27 13:53:55.101 [JavaFX Application Thread] INFO  o.e.zalu.controller.ChatListManager - Refreshing friend list for userId: 17
2025-12-27 13:53:55.102 [pool-2-thread-1] INFO  org.example.zalu.client.ChatClient - Gửi: GET_FRIENDS_LIST_FULL|17
2025-12-27 13:53:55.102 [pool-2-thread-1] INFO  org.example.zalu.client.ChatClient - Gửi: GET_GROUPS|17
2025-12-27 13:53:55.103 [pool-2-thread-1] INFO  org.example.zalu.client.ChatClient - Gửi: GET_USER_BY_ID|17
2025-12-27 13:53:55.166 [JavaFX Application Thread] INFO  o.e.zalu.client.ChatEventManager - ✓ Đăng nhập thành công! UserID = 17
2025-12-27 13:53:55.176 [JavaFX Application Thread] INFO  o.e.zalu.controller.MainController - onMessagesReceived: 20 messages
2025-12-27 13:53:55.179 [pool-2-thread-1] INFO  org.example.zalu.client.ChatClient - Gửi: GET_FRIENDS_LIST_FULL|17
2025-12-27 13:53:55.185 [JavaFX Application Thread] INFO  o.e.zalu.controller.ChatListManager - Received online users list: 2 users
2025-12-27 13:53:55.186 [JavaFX Application Thread] INFO  o.e.zalu.controller.ChatListManager - Received unread count map: 1 entries
2025-12-27 13:53:55.187 [JavaFX Application Thread] INFO  o.e.zalu.controller.ChatListManager - Received full friend list: 1 friends
2025-12-27 13:53:55.188 [pool-2-thread-1] INFO  org.example.zalu.client.ChatClient - Gửi: GET_USER_AVATAR|1
2025-12-27 13:53:55.192 [JavaFX Application Thread] INFO  o.e.zalu.controller.ChatListManager - Pre-fetched top 1 conversations in background
2025-12-27 13:53:55.192 [pool-2-thread-1] INFO  org.example.zalu.client.ChatClient - Gửi: GET_CONVERSATION|17|1
2025-12-27 13:53:55.192 [JavaFX Application Thread] INFO  o.e.zalu.controller.ChatListManager - Friend list refreshed with 1 friends and 0 groups
2025-12-27 13:53:55.193 [Global-Listener] INFO  o.e.zalu.client.ChatEventManager - Received string message: USER_AVATAR|1|77699
2025-12-27 13:53:55.194 [Global-Listener] INFO  o.e.zalu.client.ChatEventManager - Received byte data: 77699 bytes
2025-12-27 13:53:55.219 [JavaFX Application Thread] INFO  o.e.zalu.controller.ChatListManager - Received full friend list: 1 friends
2025-12-27 13:53:55.220 [JavaFX Application Thread] INFO  o.e.zalu.controller.ChatListManager - Pre-fetched top 1 conversations in background
2025-12-27 13:53:55.220 [pool-2-thread-1] INFO  org.example.zalu.client.ChatClient - Gửi: GET_CONVERSATION|17|1
2025-12-27 13:53:55.220 [JavaFX Application Thread] INFO  o.e.zalu.controller.ChatListManager - Friend list refreshed with 1 friends and 0 groups
2025-12-27 13:53:55.321 [JavaFX Application Thread] INFO  o.e.zalu.controller.ChatListManager - Received full friend list: 1 friends
2025-12-27 13:53:55.326 [JavaFX Application Thread] INFO  o.e.zalu.controller.ChatListManager - Pre-fetched top 1 conversations in background
2025-12-27 13:53:55.326 [pool-2-thread-1] INFO  org.example.zalu.client.ChatClient - Gửi: GET_CONVERSATION|17|1
2025-12-27 13:53:55.326 [JavaFX Application Thread] INFO  o.e.zalu.controller.ChatListManager - Friend list refreshed with 1 friends and 0 groups
2025-12-27 13:53:55.448 [Global-Listener] INFO  o.e.zalu.client.ChatEventManager - Caching history for chatId 1: 19 messages
2025-12-27 13:53:55.524 [Global-Listener] INFO  org.example.zalu.client.ClientCache - Client cache saved to disk.
2025-12-27 13:53:55.696 [Global-Listener] INFO  o.e.zalu.client.ChatEventManager - Caching history for chatId 1: 19 messages
2025-12-27 13:53:55.800 [Global-Listener] INFO  org.example.zalu.client.ClientCache - Client cache saved to disk.
2025-12-27 13:53:55.992 [Global-Listener] INFO  o.e.zalu.client.ChatEventManager - Caching history for chatId 1: 19 messages
2025-12-27 13:53:56.074 [Global-Listener] INFO  org.example.zalu.client.ClientCache - Client cache saved to disk.
2025-12-27 13:53:56.354 [JavaFX Application Thread] INFO  o.e.zalu.controller.MainController - Selection changed to: Lê Quang Huy (isWelcomeMode: true)
2025-12-27 13:53:56.438 [JavaFX Application Thread] INFO  o.e.zalu.controller.MainController - Loading chat for: Lê Quang Huy
2025-12-27 13:53:56.439 [JavaFX Application Thread] INFO  o.e.zalu.controller.MainController - Reloading chat for: Lê Quang Huy
2025-12-27 13:53:56.440 [JavaFX Application Thread] INFO  o.e.zalu.controller.MainController - Using cached messages for friend 1: 19 messages
2025-12-27 13:53:56.446 [pool-2-thread-1] INFO  org.example.zalu.client.ChatClient - Gửi: GET_PINNED_MESSAGES|17|1|false
2025-12-27 13:53:56.819 [pool-2-thread-1] INFO  org.example.zalu.client.ChatClient - Gửi: MARK_AS_READ|17|1
2025-12-27 13:53:56.821 [pool-2-thread-1] INFO  org.example.zalu.client.ChatClient - Gửi: GET_CONVERSATION|17|1
2025-12-27 13:53:56.980 [Global-Listener] INFO  o.e.zalu.client.ChatEventManager - Received string message: MARK_AS_READ|OK
2025-12-27 13:53:56.981 [Global-Listener] WARN  o.e.zalu.client.ChatEventManager - Unknown event type: java.lang.String
2025-12-27 13:53:56.980 [Global-Listener] INFO  o.e.zalu.client.ChatEventManager - Received string message: MESSAGES_READ|17
2025-12-27 13:53:56.983 [JavaFX Application Thread] INFO  o.e.zalu.controller.MainController - MainController: Messages read by user 17
2025-12-27 13:53:57.184 [Global-Listener] INFO  o.e.zalu.client.ChatEventManager - Caching history for chatId 1: 19 messages
2025-12-27 13:53:57.269 [Global-Listener] INFO  org.example.zalu.client.ClientCache - Client cache saved to disk.
2025-12-27 13:53:57.312 [pool-2-thread-1] INFO  org.example.zalu.client.ChatClient - Gửi: GET_PINNED_MESSAGES|17|1|false
2025-12-27 13:53:57.437 [pool-2-thread-1] INFO  org.example.zalu.client.ChatClient - Gửi: MARK_AS_READ|17|1
2025-12-27 13:53:58.896 [JavaFX Application Thread] ERROR o.e.z.util.ui.MessageBubbleFactory - Error opening video player
java.lang.IllegalStateException: Location is not set.
	at javafx.fxml@21/javafx.fxml.FXMLLoader.loadImpl(FXMLLoader.java:2556)
	at javafx.fxml@21/javafx.fxml.FXMLLoader.load(FXMLLoader.java:2531)
	at org.example.zalu/org.example.zalu.util.ui.MessageBubbleFactory.lambda$15(MessageBubbleFactory.java:783)
	at javafx.graphics@21/com.sun.javafx.application.PlatformImpl.lambda$runLater$10(PlatformImpl.java:456)
	at java.base/java.security.AccessController.doPrivileged(AccessController.java:400)
	at javafx.graphics@21/com.sun.javafx.application.PlatformImpl.lambda$runLater$11(PlatformImpl.java:455)
	at javafx.graphics@21/com.sun.glass.ui.InvokeLaterDispatcher$Future.run(InvokeLaterDispatcher.java:95)
	at javafx.graphics@21/com.sun.glass.ui.win.WinApplication._runLoop(Native Method)
	at javafx.graphics@21/com.sun.glass.ui.win.WinApplication.lambda$runLoop$3(WinApplication.java:185)
	at java.base/java.lang.Thread.run(Thread.java:1583)
2025-12-27 13:59:41.426 [main] INFO  org.example.zalu.server.ChatServer - ⚠ BỎ QUA KIỂM TRA LICENSE (yêu cầu bảo mật đã tắt cho bản dev).
2025-12-27 13:59:41.437 [main] INFO  org.example.zalu.server.ChatServer - ✓ Tất cả DAO đã khởi tạo thành công với HikariCP!
2025-12-27 13:59:41.438 [main] INFO  org.example.zalu.server.ChatServer - === Kiểm tra cấu hình MySQL ===
2025-12-27 13:59:41.912 [main] INFO  o.e.z.u.database.MySQLConfigHelper - MySQL max_allowed_packet hiện tại: 16777216 bytes (16 MB)
2025-12-27 13:59:41.914 [main] INFO  o.e.z.u.database.MySQLConfigHelper - ✓ max_allowed_packet đã đủ lớn (16 MB)
2025-12-27 13:59:41.925 [main] INFO  org.example.zalu.server.ChatServer - ================================

2025-12-27 13:59:47.428 [Thread-5] INFO  org.example.zalu.server.ChatServer - 🚀 Zalu Server đang chạy trên port 5000
2025-12-27 13:59:47.434 [Discovery-Listener] INFO  o.e.z.server.ServerDiscoveryListener - === UDP Discovery Listener Starting ===
2025-12-27 13:59:47.436 [Discovery-Listener] INFO  o.e.z.server.ServerDiscoveryListener - TCP Port to advertise: 5000
2025-12-27 13:59:47.437 [Discovery-Listener] INFO  o.e.z.server.ServerDiscoveryListener - UDP Discovery Port: 8888
2025-12-27 13:59:47.449 [Discovery-Listener] INFO  o.e.z.server.ServerDiscoveryListener - ✓ Server Discovery đang lắng nghe UDP trên port 8888
2025-12-27 13:59:47.449 [Discovery-Listener] INFO  o.e.z.server.ServerDiscoveryListener - ✓ Broadcast mode: ENABLED
2025-12-27 13:59:47.450 [Discovery-Listener] INFO  o.e.z.server.ServerDiscoveryListener - ✓ Sẵn sàng nhận discovery requests từ clients...
2025-12-27 13:59:52.137 [JavaFX Application Thread] INFO  org.example.zalu.ZaluApplication - === Khởi động Zalu Client ===
2025-12-27 13:59:52.139 [JavaFX Application Thread] INFO  org.example.zalu.ZaluApplication - ⚠ License check đã bị vô hiệu hóa – dùng cho môi trường phát triển.
2025-12-27 13:59:52.139 [JavaFX Application Thread] INFO  org.example.zalu.ZaluApplication - ℹ Sẽ tìm kiếm server tự động qua UDP Discovery...
2025-12-27 13:59:52.448 [JavaFX Application Thread] INFO  o.e.z.c.auth.LoginController - === Khởi động Auto-Discovery ===
2025-12-27 13:59:52.451 [ServerDiscovery-Thread] INFO  o.e.z.c.auth.LoginController - Bắt đầu quá trình tìm kiếm server tự động...
2025-12-27 13:59:52.453 [ServerDiscovery-Thread] INFO  o.e.z.client.ServerDiscoveryClient - === Bắt đầu tìm kiếm Server trong mạng LAN ===
2025-12-27 13:59:52.453 [ServerDiscovery-Thread] INFO  o.e.z.client.ServerDiscoveryClient - Discovery Port: 8888
2025-12-27 13:59:52.456 [ServerDiscovery-Thread] INFO  o.e.z.client.ServerDiscoveryClient - Timeout: 3000ms
2025-12-27 13:59:52.466 [ServerDiscovery-Thread] INFO  o.e.z.client.ServerDiscoveryClient - ✓ UDP Socket đã khởi tạo
2025-12-27 13:59:52.466 [ServerDiscovery-Thread] INFO  o.e.z.client.ServerDiscoveryClient - ✓ Broadcast mode: ENABLED
2025-12-27 13:59:52.466 [ServerDiscovery-Thread] INFO  o.e.z.client.ServerDiscoveryClient - ✓ Timeout: 3000ms
2025-12-27 13:59:52.469 [ServerDiscovery-Thread] INFO  o.e.z.client.ServerDiscoveryClient - >>> [Broadcast #1] Sent to 255.255.255.255:8888
2025-12-27 13:59:52.469 [ServerDiscovery-Thread] INFO  o.e.z.client.ServerDiscoveryClient - Đang quét các network interfaces...
2025-12-27 13:59:52.469 [Discovery-Listener] INFO  o.e.z.server.ServerDiscoveryListener - >>> [Request #1] Discovery request từ 10.219.179.108:64104
2025-12-27 13:59:52.471 [Discovery-Listener] INFO  o.e.z.server.ServerDiscoveryListener - <<< [Response #1] Đã gửi response tới 10.219.179.108:64104 - TCP Port: 5000
2025-12-27 13:59:52.475 [ServerDiscovery-Thread] INFO  o.e.z.client.ServerDiscoveryClient -   [Interface #1] WAN Miniport (IP)-WFP Native MAC Layer LightWeight Filter-0000 - ACTIVE
2025-12-27 13:59:52.475 [ServerDiscovery-Thread] INFO  o.e.z.client.ServerDiscoveryClient -   [Interface #2] WAN Miniport (IP)-QoS Packet Scheduler-0000 - ACTIVE
2025-12-27 13:59:52.476 [ServerDiscovery-Thread] INFO  o.e.z.client.ServerDiscoveryClient -   [Interface #3] WAN Miniport (IPv6)-WFP Native MAC Layer LightWeight Filter-0000 - ACTIVE
2025-12-27 13:59:52.476 [ServerDiscovery-Thread] INFO  o.e.z.client.ServerDiscoveryClient -   [Interface #4] WAN Miniport (IPv6)-QoS Packet Scheduler-0000 - ACTIVE
2025-12-27 13:59:52.477 [ServerDiscovery-Thread] INFO  o.e.z.client.ServerDiscoveryClient -   [Interface #5] WAN Miniport (Network Monitor)-WFP Native MAC Layer LightWeight Filter-0000 - ACTIVE
2025-12-27 13:59:52.477 [ServerDiscovery-Thread] INFO  o.e.z.client.ServerDiscoveryClient -   [Interface #6] WAN Miniport (Network Monitor)-QoS Packet Scheduler-0000 - ACTIVE
2025-12-27 13:59:52.477 [ServerDiscovery-Thread] INFO  o.e.z.client.ServerDiscoveryClient -   [Interface #8] WAN Miniport (IP) - ACTIVE
2025-12-27 13:59:52.478 [ServerDiscovery-Thread] INFO  o.e.z.client.ServerDiscoveryClient -   [Interface #9] WAN Miniport (IPv6) - ACTIVE
2025-12-27 13:59:52.478 [ServerDiscovery-Thread] INFO  o.e.z.client.ServerDiscoveryClient -   [Interface #10] WAN Miniport (Network Monitor) - ACTIVE
2025-12-27 13:59:52.480 [ServerDiscovery-Thread] INFO  o.e.z.client.ServerDiscoveryClient -   [Interface #14] Intel(R) Wi-Fi 6E AX211 160MHz-WFP Native MAC Layer LightWeight Filter-0000 - ACTIVE
2025-12-27 13:59:52.480 [ServerDiscovery-Thread] INFO  o.e.z.client.ServerDiscoveryClient -   [Interface #15] Intel(R) Wi-Fi 6E AX211 160MHz-Virtual WiFi Filter Driver-0000 - ACTIVE
2025-12-27 13:59:52.481 [ServerDiscovery-Thread] INFO  o.e.z.client.ServerDiscoveryClient -   [Interface #16] Intel(R) Wi-Fi 6E AX211 160MHz-Native WiFi Filter Driver-0000 - ACTIVE
2025-12-27 13:59:52.481 [ServerDiscovery-Thread] INFO  o.e.z.client.ServerDiscoveryClient -   [Interface #17] Intel(R) Wi-Fi 6E AX211 160MHz-QoS Packet Scheduler-0000 - ACTIVE
2025-12-27 13:59:52.482 [ServerDiscovery-Thread] INFO  o.e.z.client.ServerDiscoveryClient -   [Interface #18] Intel(R) Wi-Fi 6E AX211 160MHz-WFP 802.3 MAC Layer LightWeight Filter-0000 - ACTIVE
2025-12-27 13:59:52.485 [ServerDiscovery-Thread] INFO  o.e.z.client.ServerDiscoveryClient -   [Interface #27] Intel(R) Wi-Fi 6E AX211 160MHz - ACTIVE
2025-12-27 13:59:52.486 [ServerDiscovery-Thread] INFO  o.e.z.client.ServerDiscoveryClient -     >>> [Broadcast #2] Sent to 10.219.179.255 (Intel(R) Wi-Fi 6E AX211 160MHz)
2025-12-27 13:59:52.486 [Discovery-Listener] INFO  o.e.z.server.ServerDiscoveryListener - >>> [Request #2] Discovery request từ 10.219.179.108:64104
2025-12-27 13:59:52.486 [Discovery-Listener] INFO  o.e.z.server.ServerDiscoveryListener - <<< [Response #2] Đã gửi response tới 10.219.179.108:64104 - TCP Port: 5000
2025-12-27 13:59:52.488 [ServerDiscovery-Thread] INFO  o.e.z.client.ServerDiscoveryClient - ✓ Đã quét 36 network interfaces
2025-12-27 13:59:52.488 [ServerDiscovery-Thread] INFO  o.e.z.client.ServerDiscoveryClient - === Tổng số broadcast packets gửi đi: 2 ===
2025-12-27 13:59:52.488 [ServerDiscovery-Thread] INFO  o.e.z.client.ServerDiscoveryClient - Đang chờ nhận phản hồi từ server (timeout: 3000ms)...
2025-12-27 13:59:52.491 [ServerDiscovery-Thread] INFO  o.e.z.client.ServerDiscoveryClient - <<< Nhận phản hồi từ 10.219.179.108:8888 (2ms)
2025-12-27 13:59:52.491 [ServerDiscovery-Thread] INFO  o.e.z.client.ServerDiscoveryClient - === ✓ TÌM THẤY SERVER ===
2025-12-27 13:59:52.492 [ServerDiscovery-Thread] INFO  o.e.z.client.ServerDiscoveryClient - Server Address: 10.219.179.108
2025-12-27 13:59:52.492 [ServerDiscovery-Thread] INFO  o.e.z.client.ServerDiscoveryClient - TCP Port: 5000
2025-12-27 13:59:52.492 [ServerDiscovery-Thread] INFO  o.e.z.client.ServerDiscoveryClient - Response Time: 2ms
2025-12-27 13:59:53.037 [JavaFX Application Thread] INFO  org.example.zalu.ZaluApplication - ✓ Zalu Client đã khởi động thành công!
2025-12-27 13:59:53.038 [JavaFX Application Thread] INFO  org.example.zalu.ZaluApplication -    Kích thước cố định: 1200.0 x 777.0
2025-12-27 13:59:53.038 [JavaFX Application Thread] INFO  org.example.zalu.ZaluApplication -    UDP Auto-Discovery: ENABLED
2025-12-27 13:59:53.040 [JavaFX Application Thread] INFO  o.e.z.c.auth.LoginController - === ✓ Auto-Discovery Thành Công ===
2025-12-27 13:59:53.041 [JavaFX Application Thread] INFO  o.e.z.c.auth.LoginController - Server được tìm thấy: 10.219.179.108:5000
2025-12-27 13:59:53.041 [JavaFX Application Thread] INFO  o.e.z.c.auth.LoginController - Thời gian tìm kiếm: 42ms
2025-12-27 13:59:53.046 [JavaFX Application Thread] INFO  org.example.zalu.client.ChatClient - ✓ Đã đọc cấu hình từ server.properties: localhost:5000
2025-12-27 13:59:53.049 [JavaFX Application Thread] INFO  org.example.zalu.client.ChatClient - ℹ Sử dụng IP mặc định: localhost (để kết nối từ máy khác, cấu hình trong server.properties hoặc dùng -Dserver.address=IP)
2025-12-27 13:59:53.053 [JavaFX Application Thread] INFO  org.example.zalu.client.ChatClient - Đã cập nhật cấu hình server: 10.219.179.108:5000
2025-12-27 13:59:53.053 [JavaFX Application Thread] INFO  org.example.zalu.client.ChatClient - Đã ngắt kết nối sạch sẽ – không reconnect tự động
2025-12-27 13:59:53.056 [JavaFX Application Thread] INFO  o.e.z.c.auth.LoginController - Đã cấu hình ChatClient với server: 10.219.179.108:5000
2025-12-27 13:59:53.056 [JavaFX Application Thread] INFO  o.e.z.c.auth.LoginController - === Kết thúc Auto-Discovery ===
2025-12-27 14:00:00.100 [JavaFX Application Thread] INFO  org.example.zalu.client.ChatClient - Chưa kết nối server, đang thử kết nối...
2025-12-27 14:00:00.102 [JavaFX Application Thread] INFO  org.example.zalu.client.ChatClient - === Đang kết nối đến Server ===
2025-12-27 14:00:00.102 [JavaFX Application Thread] INFO  org.example.zalu.client.ChatClient - Server Address: 10.219.179.108
2025-12-27 14:00:00.102 [JavaFX Application Thread] INFO  org.example.zalu.client.ChatClient - Server Port: 5000
2025-12-27 14:00:00.118 [Thread-5] INFO  org.example.zalu.server.ChatServer - ✅ Client mới kết nối: /10.219.179.108
2025-12-27 14:00:00.133 [JavaFX Application Thread] INFO  org.example.zalu.client.ChatClient - === ✓ Kết nối thành công ===
2025-12-27 14:00:00.133 [JavaFX Application Thread] INFO  org.example.zalu.client.ChatClient - Connected to: 10.219.179.108:5000
2025-12-27 14:00:00.135 [JavaFX Application Thread] INFO  org.example.zalu.client.ChatClient - Socket timeout: 120s
2025-12-27 14:00:00.135 [JavaFX Application Thread] INFO  org.example.zalu.client.ChatClient - Buffer size: 2MB
2025-12-27 14:00:00.138 [Global-Listener] INFO  org.example.zalu.client.ChatClient - Global listener đã khởi động
2025-12-27 14:00:00.264 [pool-2-thread-1] INFO  org.example.zalu.client.ChatClient - Gửi: LOGIN_REQUEST|hylee|123456
2025-12-27 14:00:00.264 [Thread-7] INFO  o.example.zalu.server.ClientHandler - Server: Xử lý LOGIN_REQUEST: LOGIN_REQUEST|hylee|123456
2025-12-27 14:00:00.525 [Thread-7] INFO  o.example.zalu.server.ClientHandler - Server: Login thành công, gửi LOGIN_RESPONSE cho user 1
2025-12-27 14:00:00.551 [Global-Listener] INFO  o.e.zalu.client.ChatEventManager - Received string message: LOGIN_RESPONSE|SUCCESS|1
2025-12-27 14:00:00.553 [Global-Listener] INFO  o.e.zalu.client.ChatEventManager - ChatEventManager: Current userId set to 1
2025-12-27 14:00:00.565 [JavaFX Application Thread] INFO  o.e.z.c.auth.LoginController - Login successful for user: hylee
2025-12-27 14:00:00.608 [Global-Listener] INFO  o.e.zalu.client.ChatEventManager - Received List<Integer> #1: [2, 17, 22, 23, 24, 25] (friends, pending, or online users?)
2025-12-27 14:00:00.696 [JavaFX Application Thread] INFO  o.e.zalu.controller.MainController - DAOs and Managers initialized
2025-12-27 14:00:00.741 [Global-Listener] INFO  o.e.zalu.client.ChatEventManager - Received 130 messages total, grouped into 8 conversations
2025-12-27 14:00:00.822 [Global-Listener] INFO  org.example.zalu.client.ClientCache - Client cache loaded from disk: 7 users, 9 conversations
2025-12-27 14:00:00.840 [Thread-7] INFO  o.example.zalu.server.ClientHandler - ✓ hylee (ID: 1) đăng nhập thành công
2025-12-27 14:00:00.857 [JavaFX Application Thread] INFO  o.e.zalu.controller.MainController - Sub-controllers loaded for the first time
2025-12-27 14:00:00.871 [JavaFX Application Thread] INFO  o.e.zalu.controller.MainController - Welcome view (welcome-view.fxml) displayed successfully
2025-12-27 14:00:00.871 [JavaFX Application Thread] INFO  o.e.zalu.controller.MainController - MainController stage set
2025-12-27 14:00:00.871 [JavaFX Application Thread] INFO  o.e.zalu.controller.MainController - MainController currentUserId set to: 1
2025-12-27 14:00:00.871 [JavaFX Application Thread] INFO  o.e.zalu.controller.ChatListManager - Refreshing friend list for userId: 1
2025-12-27 14:00:00.872 [pool-2-thread-1] INFO  org.example.zalu.client.ChatClient - Gửi: GET_FRIENDS_LIST_FULL|1
2025-12-27 14:00:00.873 [pool-2-thread-1] INFO  org.example.zalu.client.ChatClient - Gửi: GET_GROUPS|1
2025-12-27 14:00:00.873 [pool-2-thread-1] INFO  org.example.zalu.client.ChatClient - Gửi: GET_USER_BY_ID|1
2025-12-27 14:00:00.948 [Global-Listener] INFO  org.example.zalu.client.ClientCache - Client cache saved to disk.
2025-12-27 14:00:01.036 [Global-Listener] INFO  org.example.zalu.client.ClientCache - Client cache saved to disk.
2025-12-27 14:00:01.092 [Global-Listener] INFO  org.example.zalu.client.ClientCache - Client cache saved to disk.
2025-12-27 14:00:01.141 [Global-Listener] INFO  org.example.zalu.client.ClientCache - Client cache saved to disk.
2025-12-27 14:00:01.194 [Global-Listener] INFO  org.example.zalu.client.ClientCache - Client cache saved to disk.
2025-12-27 14:00:01.241 [Global-Listener] INFO  org.example.zalu.client.ClientCache - Client cache saved to disk.
2025-12-27 14:00:01.269 [JavaFX Application Thread] INFO  o.e.zalu.controller.MainController - DAOs and Managers initialized
2025-12-27 14:00:01.287 [Global-Listener] INFO  org.example.zalu.client.ClientCache - Client cache saved to disk.
2025-12-27 14:00:01.321 [JavaFX Application Thread] INFO  o.e.zalu.controller.MainController - Sub-controllers loaded for the first time
2025-12-27 14:00:01.329 [JavaFX Application Thread] INFO  o.e.zalu.controller.MainController - Welcome view (welcome-view.fxml) displayed successfully
2025-12-27 14:00:01.329 [Global-Listener] INFO  org.example.zalu.client.ClientCache - Client cache saved to disk.
2025-12-27 14:00:01.330 [JavaFX Application Thread] INFO  o.e.zalu.controller.MainController - MainController stage set
2025-12-27 14:00:01.330 [JavaFX Application Thread] INFO  o.e.zalu.controller.MainController - MainController currentUserId set to: 1
2025-12-27 14:00:01.331 [JavaFX Application Thread] INFO  o.e.zalu.controller.ChatListManager - Refreshing friend list for userId: 1
2025-12-27 14:00:01.332 [pool-2-thread-1] INFO  org.example.zalu.client.ChatClient - Gửi: GET_FRIENDS_LIST_FULL|1
2025-12-27 14:00:01.332 [pool-2-thread-1] INFO  org.example.zalu.client.ChatClient - Gửi: GET_GROUPS|1
2025-12-27 14:00:01.333 [Global-Listener] INFO  o.e.zalu.client.ChatEventManager - Received List<GroupInfo>: 2 groups
2025-12-27 14:00:01.333 [pool-2-thread-1] INFO  org.example.zalu.client.ChatClient - Gửi: GET_USER_BY_ID|1
2025-12-27 14:00:01.334 [Global-Listener] INFO  o.e.zalu.client.ChatEventManager - Received List<Integer> #2: [1] (friends, pending, or online users?)
2025-12-27 14:00:01.335 [Global-Listener] WARN  o.e.zalu.client.ChatEventManager - Unknown event type: java.util.HashMap
2025-12-27 14:00:01.337 [Global-Listener] INFO  o.e.zalu.client.ChatEventManager - Received List<GroupInfo>: 2 groups
2025-12-27 14:00:01.355 [Global-Listener] INFO  o.e.zalu.client.ChatEventManager - Received List<GroupInfo>: 2 groups
2025-12-27 14:00:01.424 [JavaFX Application Thread] INFO  o.e.zalu.client.ChatEventManager - ✓ Đăng nhập thành công! UserID = 1
2025-12-27 14:00:01.434 [JavaFX Application Thread] INFO  o.e.zalu.controller.MainController - onMessagesReceived: 130 messages
2025-12-27 14:00:01.441 [JavaFX Application Thread] INFO  o.e.zalu.controller.ChatListManager - Received groups update: 2 groups
2025-12-27 14:00:01.446 [JavaFX Application Thread] INFO  o.e.zalu.controller.ChatListManager - Pre-fetched top 2 conversations in background
2025-12-27 14:00:01.446 [pool-2-thread-1] INFO  org.example.zalu.client.ChatClient - Gửi: GET_GROUP_CONVERSATION|1|1
2025-12-27 14:00:01.446 [JavaFX Application Thread] INFO  o.e.zalu.controller.ChatListManager - Friend list refreshed with 0 friends and 2 groups
2025-12-27 14:00:01.446 [pool-2-thread-1] INFO  org.example.zalu.client.ChatClient - Gửi: GET_GROUP_CONVERSATION|1|2
2025-12-27 14:00:01.446 [JavaFX Application Thread] INFO  o.e.zalu.controller.ChatListManager - Received online users list: 1 users
2025-12-27 14:00:01.448 [JavaFX Application Thread] INFO  o.e.zalu.controller.ChatListManager - Received full friend list: 6 friends
2025-12-27 14:00:01.449 [pool-2-thread-1] INFO  org.example.zalu.client.ChatClient - Gửi: GET_USER_AVATAR|2
2025-12-27 14:00:01.450 [pool-2-thread-1] INFO  org.example.zalu.client.ChatClient - Gửi: GET_USER_AVATAR|17
2025-12-27 14:00:01.450 [pool-2-thread-1] INFO  org.example.zalu.client.ChatClient - Gửi: GET_USER_AVATAR|22
2025-12-27 14:00:01.450 [JavaFX Application Thread] INFO  o.e.zalu.controller.ChatListManager - Pre-fetched top 5 conversations in background
2025-12-27 14:00:01.450 [JavaFX Application Thread] INFO  o.e.zalu.controller.ChatListManager - Friend list refreshed with 6 friends and 2 groups
2025-12-27 14:00:01.450 [pool-2-thread-1] INFO  org.example.zalu.client.ChatClient - Gửi: GET_USER_AVATAR|23
2025-12-27 14:00:01.451 [JavaFX Application Thread] INFO  o.e.zalu.controller.ChatListManager - Received groups update: 2 groups
2025-12-27 14:00:01.451 [pool-2-thread-1] INFO  org.example.zalu.client.ChatClient - Gửi: GET_USER_AVATAR|24
2025-12-27 14:00:01.452 [pool-2-thread-1] INFO  org.example.zalu.client.ChatClient - Gửi: GET_USER_AVATAR|25
2025-12-27 14:00:01.452 [pool-2-thread-1] INFO  org.example.zalu.client.ChatClient - Gửi: GET_CONVERSATION|1|17
2025-12-27 14:00:01.454 [pool-2-thread-1] INFO  org.example.zalu.client.ChatClient - Gửi: GET_CONVERSATION|1|22
2025-12-27 14:00:01.454 [JavaFX Application Thread] INFO  o.e.zalu.controller.ChatListManager - Pre-fetched top 5 conversations in background
2025-12-27 14:00:01.455 [pool-2-thread-1] INFO  org.example.zalu.client.ChatClient - Gửi: GET_GROUP_CONVERSATION|1|1
2025-12-27 14:00:01.455 [JavaFX Application Thread] INFO  o.e.zalu.controller.ChatListManager - Friend list refreshed with 6 friends and 2 groups
2025-12-27 14:00:01.455 [pool-2-thread-1] INFO  org.example.zalu.client.ChatClient - Gửi: GET_CONVERSATION|1|2
2025-12-27 14:00:01.456 [pool-2-thread-1] INFO  org.example.zalu.client.ChatClient - Gửi: GET_GROUP_CONVERSATION|1|2
2025-12-27 14:00:01.458 [pool-2-thread-1] INFO  org.example.zalu.client.ChatClient - Gửi: GET_CONVERSATION|1|17
2025-12-27 14:00:01.458 [pool-2-thread-1] INFO  org.example.zalu.client.ChatClient - Gửi: GET_CONVERSATION|1|22
2025-12-27 14:00:01.460 [pool-2-thread-1] INFO  org.example.zalu.client.ChatClient - Gửi: GET_GROUP_CONVERSATION|1|1
2025-12-27 14:00:01.461 [pool-2-thread-1] INFO  org.example.zalu.client.ChatClient - Gửi: GET_CONVERSATION|1|2
2025-12-27 14:00:01.462 [pool-2-thread-1] INFO  org.example.zalu.client.ChatClient - Gửi: GET_GROUP_CONVERSATION|1|2
2025-12-27 14:00:01.488 [Global-Listener] INFO  o.e.zalu.client.ChatEventManager - Caching history for chatId -1: 7 messages
2025-12-27 14:00:01.507 [JavaFX Application Thread] INFO  o.e.zalu.controller.ChatListManager - Received full friend list: 6 friends
2025-12-27 14:00:01.507 [pool-2-thread-1] INFO  org.example.zalu.client.ChatClient - Gửi: GET_USER_AVATAR|2
2025-12-27 14:00:01.509 [pool-2-thread-1] INFO  org.example.zalu.client.ChatClient - Gửi: GET_USER_AVATAR|17
2025-12-27 14:00:01.509 [JavaFX Application Thread] INFO  o.e.zalu.controller.ChatListManager - Pre-fetched top 5 conversations in background
2025-12-27 14:00:01.510 [JavaFX Application Thread] INFO  o.e.zalu.controller.ChatListManager - Friend list refreshed with 6 friends and 2 groups
2025-12-27 14:00:01.510 [pool-2-thread-1] INFO  org.example.zalu.client.ChatClient - Gửi: GET_USER_AVATAR|22
2025-12-27 14:00:01.510 [JavaFX Application Thread] INFO  o.e.zalu.controller.ChatListManager - Received groups update: 2 groups
2025-12-27 14:00:01.510 [pool-2-thread-1] INFO  org.example.zalu.client.ChatClient - Gửi: GET_USER_AVATAR|23
2025-12-27 14:00:01.510 [pool-2-thread-1] INFO  org.example.zalu.client.ChatClient - Gửi: GET_USER_AVATAR|24
2025-12-27 14:00:01.511 [pool-2-thread-1] INFO  org.example.zalu.client.ChatClient - Gửi: GET_USER_AVATAR|25
2025-12-27 14:00:01.511 [JavaFX Application Thread] INFO  o.e.zalu.controller.ChatListManager - Pre-fetched top 5 conversations in background
2025-12-27 14:00:01.511 [pool-2-thread-1] INFO  org.example.zalu.client.ChatClient - Gửi: GET_CONVERSATION|1|17
2025-12-27 14:00:01.511 [JavaFX Application Thread] INFO  o.e.zalu.controller.ChatListManager - Friend list refreshed with 6 friends and 2 groups
2025-12-27 14:00:01.511 [pool-2-thread-1] INFO  org.example.zalu.client.ChatClient - Gửi: GET_CONVERSATION|1|22
2025-12-27 14:00:01.512 [pool-2-thread-1] INFO  org.example.zalu.client.ChatClient - Gửi: GET_GROUP_CONVERSATION|1|1
2025-12-27 14:00:01.512 [pool-2-thread-1] INFO  org.example.zalu.client.ChatClient - Gửi: GET_CONVERSATION|1|2
2025-12-27 14:00:01.513 [pool-2-thread-1] INFO  org.example.zalu.client.ChatClient - Gửi: GET_GROUP_CONVERSATION|1|2
2025-12-27 14:00:01.514 [pool-2-thread-1] INFO  org.example.zalu.client.ChatClient - Gửi: GET_CONVERSATION|1|17
2025-12-27 14:00:01.514 [pool-2-thread-1] INFO  org.example.zalu.client.ChatClient - Gửi: GET_CONVERSATION|1|22
2025-12-27 14:00:01.514 [pool-2-thread-1] INFO  org.example.zalu.client.ChatClient - Gửi: GET_GROUP_CONVERSATION|1|1
2025-12-27 14:00:01.515 [pool-2-thread-1] INFO  org.example.zalu.client.ChatClient - Gửi: GET_CONVERSATION|1|2
2025-12-27 14:00:01.516 [pool-2-thread-1] INFO  org.example.zalu.client.ChatClient - Gửi: GET_GROUP_CONVERSATION|1|2
2025-12-27 14:00:01.541 [Global-Listener] INFO  org.example.zalu.client.ClientCache - Client cache saved to disk.
2025-12-27 14:00:01.544 [Global-Listener] INFO  o.e.zalu.client.ChatEventManager - Caching history for chatId -2: 16 messages
2025-12-27 14:00:01.581 [Global-Listener] INFO  org.example.zalu.client.ClientCache - Client cache saved to disk.
2025-12-27 14:00:01.582 [Global-Listener] INFO  o.e.zalu.client.ChatEventManager - Received string message: USER_AVATAR|2|0
2025-12-27 14:00:01.582 [Global-Listener] INFO  o.e.zalu.client.ChatEventManager - Received string message: USER_AVATAR|17|0
2025-12-27 14:00:01.582 [Global-Listener] INFO  o.e.zalu.client.ChatEventManager - Received string message: USER_AVATAR|22|0
2025-12-27 14:00:01.582 [Global-Listener] INFO  o.e.zalu.client.ChatEventManager - Received string message: USER_AVATAR|23|0
2025-12-27 14:00:01.584 [Global-Listener] INFO  o.e.zalu.client.ChatEventManager - Received string message: USER_AVATAR|24|0
2025-12-27 14:00:01.584 [Global-Listener] INFO  o.e.zalu.client.ChatEventManager - Received string message: USER_AVATAR|25|1377614
2025-12-27 14:00:01.608 [Global-Listener] INFO  o.e.zalu.client.ChatEventManager - Received byte data: 1377614 bytes
2025-12-27 14:00:01.953 [Global-Listener] INFO  o.e.zalu.client.ChatEventManager - Caching history for chatId 17: 19 messages
2025-12-27 14:00:02.051 [Global-Listener] INFO  org.example.zalu.client.ClientCache - Client cache saved to disk.
2025-12-27 14:00:02.082 [Global-Listener] INFO  o.e.zalu.client.ChatEventManager - Caching history for chatId 22: 36 messages
2025-12-27 14:00:02.192 [Global-Listener] INFO  org.example.zalu.client.ClientCache - Client cache saved to disk.
2025-12-27 14:00:02.193 [Global-Listener] INFO  o.e.zalu.client.ChatEventManager - Caching history for chatId -1: 7 messages
2025-12-27 14:00:02.300 [Global-Listener] INFO  org.example.zalu.client.ClientCache - Client cache saved to disk.
2025-12-27 14:00:02.304 [Global-Listener] INFO  o.e.zalu.client.ChatEventManager - Caching history for chatId 2: 28 messages
2025-12-27 14:00:02.379 [Global-Listener] INFO  org.example.zalu.client.ClientCache - Client cache saved to disk.
2025-12-27 14:00:02.388 [Global-Listener] INFO  o.e.zalu.client.ChatEventManager - Caching history for chatId -2: 16 messages
2025-12-27 14:00:02.461 [Global-Listener] INFO  org.example.zalu.client.ClientCache - Client cache saved to disk.
2025-12-27 14:00:02.538 [Global-Listener] INFO  o.e.zalu.client.ChatEventManager - Caching history for chatId 17: 19 messages
2025-12-27 14:00:02.642 [Global-Listener] INFO  org.example.zalu.client.ClientCache - Client cache saved to disk.
2025-12-27 14:00:02.664 [Global-Listener] INFO  o.e.zalu.client.ChatEventManager - Caching history for chatId 22: 36 messages
2025-12-27 14:00:02.756 [Global-Listener] INFO  org.example.zalu.client.ClientCache - Client cache saved to disk.
2025-12-27 14:00:02.760 [Global-Listener] INFO  o.e.zalu.client.ChatEventManager - Caching history for chatId -1: 7 messages
2025-12-27 14:00:02.868 [Global-Listener] INFO  org.example.zalu.client.ClientCache - Client cache saved to disk.
2025-12-27 14:00:02.871 [Global-Listener] INFO  o.e.zalu.client.ChatEventManager - Caching history for chatId 2: 28 messages
2025-12-27 14:00:02.989 [Global-Listener] INFO  org.example.zalu.client.ClientCache - Client cache saved to disk.
2025-12-27 14:00:02.991 [Global-Listener] INFO  o.e.zalu.client.ChatEventManager - Caching history for chatId -2: 16 messages
2025-12-27 14:00:03.084 [Global-Listener] INFO  org.example.zalu.client.ClientCache - Client cache saved to disk.
2025-12-27 14:00:03.084 [Global-Listener] INFO  o.e.zalu.client.ChatEventManager - Received string message: USER_AVATAR|2|0
2025-12-27 14:00:03.084 [Global-Listener] INFO  o.e.zalu.client.ChatEventManager - Received string message: USER_AVATAR|17|0
2025-12-27 14:00:03.086 [Global-Listener] INFO  o.e.zalu.client.ChatEventManager - Received string message: USER_AVATAR|22|0
2025-12-27 14:00:03.086 [Global-Listener] INFO  o.e.zalu.client.ChatEventManager - Received string message: USER_AVATAR|23|0
2025-12-27 14:00:03.087 [Global-Listener] INFO  o.e.zalu.client.ChatEventManager - Received string message: USER_AVATAR|24|0
2025-12-27 14:00:03.087 [Global-Listener] INFO  o.e.zalu.client.ChatEventManager - Received string message: USER_AVATAR|25|1377614
2025-12-27 14:00:03.105 [Global-Listener] INFO  o.e.zalu.client.ChatEventManager - Received byte data: 1377614 bytes
2025-12-27 14:00:03.156 [Global-Listener] INFO  o.e.zalu.client.ChatEventManager - Caching history for chatId 17: 19 messages
2025-12-27 14:00:03.259 [Global-Listener] INFO  org.example.zalu.client.ClientCache - Client cache saved to disk.
2025-12-27 14:00:03.264 [Global-Listener] INFO  o.e.zalu.client.ChatEventManager - Caching history for chatId 22: 36 messages
2025-12-27 14:00:03.344 [Global-Listener] INFO  org.example.zalu.client.ClientCache - Client cache saved to disk.
2025-12-27 14:00:03.346 [Global-Listener] INFO  o.e.zalu.client.ChatEventManager - Caching history for chatId -1: 7 messages
2025-12-27 14:00:03.439 [Global-Listener] INFO  org.example.zalu.client.ClientCache - Client cache saved to disk.
2025-12-27 14:00:03.446 [Global-Listener] INFO  o.e.zalu.client.ChatEventManager - Caching history for chatId 2: 28 messages
2025-12-27 14:00:03.528 [Global-Listener] INFO  org.example.zalu.client.ClientCache - Client cache saved to disk.
2025-12-27 14:00:03.530 [Global-Listener] INFO  o.e.zalu.client.ChatEventManager - Caching history for chatId -2: 16 messages
2025-12-27 14:00:03.622 [Global-Listener] INFO  org.example.zalu.client.ClientCache - Client cache saved to disk.
2025-12-27 14:00:03.730 [Global-Listener] INFO  o.e.zalu.client.ChatEventManager - Caching history for chatId 17: 19 messages
2025-12-27 14:00:03.806 [Global-Listener] INFO  org.example.zalu.client.ClientCache - Client cache saved to disk.
2025-12-27 14:00:03.833 [Global-Listener] INFO  o.e.zalu.client.ChatEventManager - Caching history for chatId 22: 36 messages
2025-12-27 14:00:03.925 [Global-Listener] INFO  org.example.zalu.client.ClientCache - Client cache saved to disk.
2025-12-27 14:00:03.927 [Global-Listener] INFO  o.e.zalu.client.ChatEventManager - Caching history for chatId -1: 7 messages
2025-12-27 14:00:03.992 [Global-Listener] INFO  org.example.zalu.client.ClientCache - Client cache saved to disk.
2025-12-27 14:00:03.997 [Global-Listener] INFO  o.e.zalu.client.ChatEventManager - Caching history for chatId 2: 28 messages
2025-12-27 14:00:04.092 [Global-Listener] INFO  org.example.zalu.client.ClientCache - Client cache saved to disk.
2025-12-27 14:00:04.094 [Global-Listener] INFO  o.e.zalu.client.ChatEventManager - Caching history for chatId -2: 16 messages
2025-12-27 14:00:04.194 [Global-Listener] INFO  org.example.zalu.client.ClientCache - Client cache saved to disk.
2025-12-27 14:00:05.298 [JavaFX Application Thread] INFO  o.e.zalu.controller.MainController - Selection changed to: Đoàn Trọng Mỹ (isWelcomeMode: true)
2025-12-27 14:00:05.359 [JavaFX Application Thread] INFO  o.e.zalu.controller.MainController - Loading chat for: Đoàn Trọng Mỹ
2025-12-27 14:00:05.359 [JavaFX Application Thread] INFO  o.e.zalu.controller.MainController - Reloading chat for: Đoàn Trọng Mỹ
2025-12-27 14:00:05.360 [JavaFX Application Thread] INFO  o.e.zalu.controller.MainController - Using cached messages for friend 17: 19 messages
2025-12-27 14:00:05.364 [pool-2-thread-1] INFO  org.example.zalu.client.ChatClient - Gửi: GET_PINNED_MESSAGES|1|17|false
2025-12-27 14:00:05.675 [pool-2-thread-1] INFO  org.example.zalu.client.ChatClient - Gửi: MARK_AS_READ|1|17
2025-12-27 14:00:05.677 [pool-2-thread-1] INFO  org.example.zalu.client.ChatClient - Gửi: GET_CONVERSATION|1|17
2025-12-27 14:00:05.977 [Global-Listener] INFO  o.e.zalu.client.ChatEventManager - Caching history for chatId 17: 19 messages
2025-12-27 14:00:06.030 [JavaFX Application Thread] INFO  o.e.zalu.controller.MainController - Selection changed to: Nguyễn Danh Linh (isWelcomeMode: false)
2025-12-27 14:00:06.030 [JavaFX Application Thread] INFO  o.e.zalu.controller.MainController - Loading chat for: Nguyễn Danh Linh
2025-12-27 14:00:06.031 [JavaFX Application Thread] INFO  o.e.zalu.controller.MainController - Reloading chat for: Nguyễn Danh Linh
2025-12-27 14:00:06.031 [JavaFX Application Thread] INFO  o.e.zalu.controller.MainController - Using cached messages for friend 22: 36 messages
2025-12-27 14:00:06.034 [pool-2-thread-1] INFO  org.example.zalu.client.ChatClient - Gửi: GET_PINNED_MESSAGES|1|22|false
2025-12-27 14:00:06.068 [Global-Listener] INFO  org.example.zalu.client.ClientCache - Client cache saved to disk.
2025-12-27 14:00:06.283 [pool-2-thread-1] INFO  org.example.zalu.client.ChatClient - Gửi: MARK_AS_READ|1|22
2025-12-27 14:00:06.283 [pool-2-thread-1] INFO  org.example.zalu.client.ChatClient - Gửi: GET_CONVERSATION|1|22
2025-12-27 14:00:06.284 [JavaFX Application Thread] INFO  o.e.zalu.controller.MainController - Reloading chat for: Nguyễn Danh Linh
2025-12-27 14:00:06.285 [JavaFX Application Thread] INFO  o.e.zalu.controller.MainController - Using cached messages for friend 22: 36 messages
2025-12-27 14:00:06.286 [pool-2-thread-1] INFO  org.example.zalu.client.ChatClient - Gửi: GET_CONVERSATION|1|22
2025-12-27 14:00:06.407 [Global-Listener] INFO  o.e.zalu.client.ChatEventManager - Caching history for chatId 22: 36 messages
2025-12-27 14:00:06.496 [Global-Listener] INFO  org.example.zalu.client.ClientCache - Client cache saved to disk.
2025-12-27 14:00:06.507 [Global-Listener] INFO  o.e.zalu.client.ChatEventManager - Caching history for chatId 22: 36 messages
2025-12-27 14:00:06.600 [Global-Listener] INFO  org.example.zalu.client.ClientCache - Client cache saved to disk.
2025-12-27 14:00:07.854 [JavaFX Application Thread] INFO  o.e.zalu.controller.MainController - Selection changed to: all star (isWelcomeMode: false)
2025-12-27 14:00:07.856 [JavaFX Application Thread] INFO  o.e.zalu.controller.MainController - Loading chat for: all star
2025-12-27 14:00:07.857 [JavaFX Application Thread] INFO  o.e.zalu.controller.MainController - Reloading chat for: all star
2025-12-27 14:00:07.857 [JavaFX Application Thread] INFO  o.e.zalu.controller.MainController - Using cached messages for group 1: 7 messages
2025-12-27 14:00:07.860 [pool-2-thread-1] INFO  org.example.zalu.client.ChatClient - Gửi: GET_GROUP_MEMBERS|1
2025-12-27 14:00:07.861 [pool-2-thread-1] INFO  org.example.zalu.client.ChatClient - Gửi: GET_PINNED_MESSAGES|1|1|true
2025-12-27 14:00:07.878 [pool-2-thread-1] INFO  org.example.zalu.client.ChatClient - Gửi: MARK_AS_READ|1|1|GROUP
2025-12-27 14:00:07.880 [pool-2-thread-1] INFO  org.example.zalu.client.ChatClient - Gửi: GET_GROUP_CONVERSATION|1|1
2025-12-27 14:00:07.887 [Global-Listener] INFO  o.e.zalu.client.ChatEventManager - Received List<User>: 3 users (search results or user info)
2025-12-27 14:00:07.921 [Global-Listener] INFO  o.e.zalu.client.ChatEventManager - Caching history for chatId -1: 7 messages
2025-12-27 14:00:08.028 [Global-Listener] INFO  org.example.zalu.client.ClientCache - Client cache saved to disk.
2025-12-27 14:00:08.462 [JavaFX Application Thread] INFO  o.e.zalu.controller.MainController - Selection changed to: Nguyễn Thành Đạt (isWelcomeMode: false)
2025-12-27 14:00:08.464 [JavaFX Application Thread] INFO  o.e.zalu.controller.MainController - Loading chat for: Nguyễn Thành Đạt
2025-12-27 14:00:08.464 [JavaFX Application Thread] INFO  o.e.zalu.controller.MainController - Reloading chat for: Nguyễn Thành Đạt
2025-12-27 14:00:08.464 [JavaFX Application Thread] INFO  o.e.zalu.controller.MainController - Using cached messages for friend 2: 28 messages
2025-12-27 14:00:08.470 [pool-2-thread-1] INFO  org.example.zalu.client.ChatClient - Gửi: GET_PINNED_MESSAGES|1|2|false
2025-12-27 14:00:08.519 [pool-2-thread-1] INFO  org.example.zalu.client.ChatClient - Gửi: MARK_AS_READ|1|2
2025-12-27 14:00:08.520 [pool-2-thread-1] INFO  org.example.zalu.client.ChatClient - Gửi: GET_CONVERSATION|1|2
2025-12-27 14:00:08.548 [Global-Listener] INFO  o.e.zalu.client.ChatEventManager - Caching history for chatId 2: 28 messages
2025-12-27 14:00:08.651 [Global-Listener] INFO  org.example.zalu.client.ClientCache - Client cache saved to disk.
2025-12-27 14:00:10.883 [JavaFX Application Thread] INFO  o.e.zalu.controller.MainController - Logout triggered for userId: 1
2025-12-27 14:00:11.722 [JavaFX Application Thread] INFO  org.example.zalu.client.ChatClient - Đã gửi LOGOUT tới server
2025-12-27 14:00:11.723 [Thread-7] INFO  o.example.zalu.server.ClientHandler - User 1 đăng xuất chủ động
2025-12-27 14:00:11.725 [Global-Listener] INFO  o.e.zalu.client.ChatEventManager - Received string message: LOGOUT_OK
2025-12-27 14:00:11.727 [Global-Listener] WARN  o.e.zalu.client.ChatEventManager - Unknown event type: java.lang.String
2025-12-27 14:00:11.925 [JavaFX Application Thread] INFO  org.example.zalu.client.ChatClient - Đã ngắt kết nối sạch sẽ – không reconnect tự động
2025-12-27 14:00:11.925 [Thread-7] INFO  o.example.zalu.server.ClientHandler - Server: Client 1 đã đóng kết nối (EOF)
2025-12-27 14:00:11.925 [JavaFX Application Thread] INFO  o.e.zalu.controller.MainController - Resetting data flags for logout...
2025-12-27 14:00:11.926 [Thread-7] INFO  o.example.zalu.server.ClientHandler - User 1 đã thoát
2025-12-27 14:00:11.929 [JavaFX Application Thread] INFO  o.e.zalu.controller.MainController - Data flags reset completed
2025-12-27 14:00:11.942 [JavaFX Application Thread] INFO  o.e.z.c.auth.LoginController - === Khởi động Auto-Discovery ===
2025-12-27 14:00:11.945 [ServerDiscovery-Thread] INFO  o.e.z.c.auth.LoginController - Bắt đầu quá trình tìm kiếm server tự động...
2025-12-27 14:00:11.946 [ServerDiscovery-Thread] INFO  o.e.z.client.ServerDiscoveryClient - === Bắt đầu tìm kiếm Server trong mạng LAN ===
2025-12-27 14:00:11.947 [ServerDiscovery-Thread] INFO  o.e.z.client.ServerDiscoveryClient - Discovery Port: 8888
2025-12-27 14:00:11.947 [ServerDiscovery-Thread] INFO  o.e.z.client.ServerDiscoveryClient - Timeout: 3000ms
2025-12-27 14:00:11.949 [ServerDiscovery-Thread] INFO  o.e.z.client.ServerDiscoveryClient - ✓ UDP Socket đã khởi tạo
2025-12-27 14:00:11.950 [ServerDiscovery-Thread] INFO  o.e.z.client.ServerDiscoveryClient - ✓ Broadcast mode: ENABLED
2025-12-27 14:00:11.951 [ServerDiscovery-Thread] INFO  o.e.z.client.ServerDiscoveryClient - ✓ Timeout: 3000ms
2025-12-27 14:00:11.953 [ServerDiscovery-Thread] INFO  o.e.z.client.ServerDiscoveryClient - >>> [Broadcast #1] Sent to 255.255.255.255:8888
2025-12-27 14:00:11.953 [Discovery-Listener] INFO  o.e.z.server.ServerDiscoveryListener - >>> [Request #3] Discovery request từ 10.219.179.108:60529
2025-12-27 14:00:11.954 [ServerDiscovery-Thread] INFO  o.e.z.client.ServerDiscoveryClient - Đang quét các network interfaces...
2025-12-27 14:00:11.956 [Discovery-Listener] INFO  o.e.z.server.ServerDiscoveryListener - <<< [Response #3] Đã gửi response tới 10.219.179.108:60529 - TCP Port: 5000
2025-12-27 14:00:11.962 [ServerDiscovery-Thread] INFO  o.e.z.client.ServerDiscoveryClient -   [Interface #1] WAN Miniport (IP)-WFP Native MAC Layer LightWeight Filter-0000 - ACTIVE
2025-12-27 14:00:11.963 [ServerDiscovery-Thread] INFO  o.e.z.client.ServerDiscoveryClient -   [Interface #2] WAN Miniport (IP)-QoS Packet Scheduler-0000 - ACTIVE
2025-12-27 14:00:11.964 [ServerDiscovery-Thread] INFO  o.e.z.client.ServerDiscoveryClient -   [Interface #3] WAN Miniport (IPv6)-WFP Native MAC Layer LightWeight Filter-0000 - ACTIVE
2025-12-27 14:00:11.964 [ServerDiscovery-Thread] INFO  o.e.z.client.ServerDiscoveryClient -   [Interface #4] WAN Miniport (IPv6)-QoS Packet Scheduler-0000 - ACTIVE
2025-12-27 14:00:11.964 [ServerDiscovery-Thread] INFO  o.e.z.client.ServerDiscoveryClient -   [Interface #5] WAN Miniport (Network Monitor)-WFP Native MAC Layer LightWeight Filter-0000 - ACTIVE
2025-12-27 14:00:11.966 [ServerDiscovery-Thread] INFO  o.e.z.client.ServerDiscoveryClient -   [Interface #6] WAN Miniport (Network Monitor)-QoS Packet Scheduler-0000 - ACTIVE
2025-12-27 14:00:11.967 [ServerDiscovery-Thread] INFO  o.e.z.client.ServerDiscoveryClient -   [Interface #8] WAN Miniport (IP) - ACTIVE
2025-12-27 14:00:11.967 [ServerDiscovery-Thread] INFO  o.e.z.client.ServerDiscoveryClient -   [Interface #9] WAN Miniport (IPv6) - ACTIVE
2025-12-27 14:00:11.968 [ServerDiscovery-Thread] INFO  o.e.z.client.ServerDiscoveryClient -   [Interface #10] WAN Miniport (Network Monitor) - ACTIVE
2025-12-27 14:00:11.970 [ServerDiscovery-Thread] INFO  o.e.z.client.ServerDiscoveryClient -   [Interface #14] Intel(R) Wi-Fi 6E AX211 160MHz-WFP Native MAC Layer LightWeight Filter-0000 - ACTIVE
2025-12-27 14:00:11.971 [ServerDiscovery-Thread] INFO  o.e.z.client.ServerDiscoveryClient -   [Interface #15] Intel(R) Wi-Fi 6E AX211 160MHz-Virtual WiFi Filter Driver-0000 - ACTIVE
2025-12-27 14:00:11.972 [ServerDiscovery-Thread] INFO  o.e.z.client.ServerDiscoveryClient -   [Interface #16] Intel(R) Wi-Fi 6E AX211 160MHz-Native WiFi Filter Driver-0000 - ACTIVE
2025-12-27 14:00:11.975 [ServerDiscovery-Thread] INFO  o.e.z.client.ServerDiscoveryClient -   [Interface #17] Intel(R) Wi-Fi 6E AX211 160MHz-QoS Packet Scheduler-0000 - ACTIVE
2025-12-27 14:00:11.976 [ServerDiscovery-Thread] INFO  o.e.z.client.ServerDiscoveryClient -   [Interface #18] Intel(R) Wi-Fi 6E AX211 160MHz-WFP 802.3 MAC Layer LightWeight Filter-0000 - ACTIVE
2025-12-27 14:00:11.979 [ServerDiscovery-Thread] INFO  o.e.z.client.ServerDiscoveryClient -   [Interface #27] Intel(R) Wi-Fi 6E AX211 160MHz - ACTIVE
2025-12-27 14:00:11.982 [ServerDiscovery-Thread] INFO  o.e.z.client.ServerDiscoveryClient -     >>> [Broadcast #2] Sent to 10.219.179.255 (Intel(R) Wi-Fi 6E AX211 160MHz)
2025-12-27 14:00:11.980 [Discovery-Listener] INFO  o.e.z.server.ServerDiscoveryListener - >>> [Request #4] Discovery request từ 10.219.179.108:60529
2025-12-27 14:00:11.983 [Discovery-Listener] INFO  o.e.z.server.ServerDiscoveryListener - <<< [Response #4] Đã gửi response tới 10.219.179.108:60529 - TCP Port: 5000
2025-12-27 14:00:11.985 [ServerDiscovery-Thread] INFO  o.e.z.client.ServerDiscoveryClient - ✓ Đã quét 36 network interfaces
2025-12-27 14:00:11.986 [ServerDiscovery-Thread] INFO  o.e.z.client.ServerDiscoveryClient - === Tổng số broadcast packets gửi đi: 2 ===
2025-12-27 14:00:11.986 [ServerDiscovery-Thread] INFO  o.e.z.client.ServerDiscoveryClient - Đang chờ nhận phản hồi từ server (timeout: 3000ms)...
2025-12-27 14:00:11.986 [ServerDiscovery-Thread] INFO  o.e.z.client.ServerDiscoveryClient - <<< Nhận phản hồi từ 10.219.179.108:8888 (0ms)
2025-12-27 14:00:11.988 [ServerDiscovery-Thread] INFO  o.e.z.client.ServerDiscoveryClient - === ✓ TÌM THẤY SERVER ===
2025-12-27 14:00:11.988 [ServerDiscovery-Thread] INFO  o.e.z.client.ServerDiscoveryClient - Server Address: 10.219.179.108
2025-12-27 14:00:11.989 [ServerDiscovery-Thread] INFO  o.e.z.client.ServerDiscoveryClient - TCP Port: 5000
2025-12-27 14:00:11.989 [ServerDiscovery-Thread] INFO  o.e.z.client.ServerDiscoveryClient - Response Time: 0ms
2025-12-27 14:00:12.220 [JavaFX Application Thread] INFO  o.e.zalu.controller.MainController - Logout successful
2025-12-27 14:00:12.223 [JavaFX Application Thread] ERROR org.example.zalu.ZaluApplication - ⚠ LỖI KHÔNG MONG MUỐN (UNCAUGHT EXCEPTION): Cannot invoke "java.util.function.Consumer.accept(Object)" because "org.example.zalu.client.ChatEventManager.broadcastCallback" is null
java.lang.NullPointerException: Cannot invoke "java.util.function.Consumer.accept(Object)" because "org.example.zalu.client.ChatEventManager.broadcastCallback" is null
	at org.example.zalu@1.0-SNAPSHOT/org.example.zalu.client.ChatEventManager.lambda$processEvent$43(ChatEventManager.java:797)
	at javafx.graphics@21/com.sun.javafx.application.PlatformImpl.lambda$runLater$10(PlatformImpl.java:456)
	at java.base/java.security.AccessController.doPrivileged(AccessController.java:400)
	at javafx.graphics@21/com.sun.javafx.application.PlatformImpl.lambda$runLater$11(PlatformImpl.java:455)
	at javafx.graphics@21/com.sun.glass.ui.InvokeLaterDispatcher$Future.run(InvokeLaterDispatcher.java:95)
	at javafx.graphics@21/com.sun.glass.ui.win.WinApplication._runLoop(Native Method)
	at javafx.graphics@21/com.sun.glass.ui.win.WinApplication.lambda$runLoop$3(WinApplication.java:185)
	at java.base/java.lang.Thread.run(Thread.java:1583)
2025-12-27 14:00:12.233 [JavaFX Application Thread] INFO  o.e.z.c.auth.LoginController - === ✓ Auto-Discovery Thành Công ===
2025-12-27 14:00:12.234 [JavaFX Application Thread] INFO  o.e.z.c.auth.LoginController - Server được tìm thấy: 10.219.179.108:5000
2025-12-27 14:00:12.234 [JavaFX Application Thread] INFO  o.e.z.c.auth.LoginController - Thời gian tìm kiếm: 44ms
2025-12-27 14:00:12.234 [JavaFX Application Thread] INFO  org.example.zalu.client.ChatClient - Đã cập nhật cấu hình server: 10.219.179.108:5000
2025-12-27 14:00:12.234 [JavaFX Application Thread] INFO  org.example.zalu.client.ChatClient - Đã ngắt kết nối sạch sẽ – không reconnect tự động
2025-12-27 14:00:12.235 [JavaFX Application Thread] INFO  o.e.z.c.auth.LoginController - Đã cấu hình ChatClient với server: 10.219.179.108:5000
2025-12-27 14:00:12.236 [JavaFX Application Thread] INFO  o.e.z.c.auth.LoginController - === Kết thúc Auto-Discovery ===
2025-12-27 14:00:17.576 [JavaFX Application Thread] INFO  org.example.zalu.client.ChatClient - Chưa kết nối server, đang thử kết nối...
2025-12-27 14:00:17.576 [JavaFX Application Thread] INFO  org.example.zalu.client.ChatClient - === Đang kết nối đến Server ===
2025-12-27 14:00:17.576 [JavaFX Application Thread] INFO  org.example.zalu.client.ChatClient - Server Address: 10.219.179.108
2025-12-27 14:00:17.576 [JavaFX Application Thread] INFO  org.example.zalu.client.ChatClient - Server Port: 5000
2025-12-27 14:00:17.577 [Thread-5] INFO  org.example.zalu.server.ChatServer - ✅ Client mới kết nối: /10.219.179.108
2025-12-27 14:00:17.580 [JavaFX Application Thread] INFO  org.example.zalu.client.ChatClient - === ✓ Kết nối thành công ===
2025-12-27 14:00:17.580 [JavaFX Application Thread] INFO  org.example.zalu.client.ChatClient - Connected to: 10.219.179.108:5000
2025-12-27 14:00:17.580 [JavaFX Application Thread] INFO  org.example.zalu.client.ChatClient - Socket timeout: 120s
2025-12-27 14:00:17.580 [JavaFX Application Thread] INFO  org.example.zalu.client.ChatClient - Buffer size: 2MB
2025-12-27 14:00:17.581 [Global-Listener] INFO  org.example.zalu.client.ChatClient - Global listener đã khởi động
2025-12-27 14:00:17.682 [pool-2-thread-1] INFO  org.example.zalu.client.ChatClient - Gửi: LOGIN_REQUEST|mydt|123456
2025-12-27 14:00:17.682 [Thread-8] INFO  o.example.zalu.server.ClientHandler - Server: Xử lý LOGIN_REQUEST: LOGIN_REQUEST|mydt|123456
2025-12-27 14:00:17.883 [Thread-8] INFO  o.example.zalu.server.ClientHandler - Server: Login thành công, gửi LOGIN_RESPONSE cho user 17
2025-12-27 14:00:17.886 [Global-Listener] INFO  o.e.zalu.client.ChatEventManager - Received string message: LOGIN_RESPONSE|SUCCESS|17
2025-12-27 14:00:17.886 [Global-Listener] INFO  o.e.zalu.client.ChatEventManager - ChatEventManager: Current userId set to 17
2025-12-27 14:00:17.888 [JavaFX Application Thread] INFO  o.e.z.c.auth.LoginController - Login successful for user: mydt
2025-12-27 14:00:17.890 [Global-Listener] INFO  o.e.zalu.client.ChatEventManager - Received List<Integer> #1: [1] (friends, pending, or online users?)
2025-12-27 14:00:17.898 [JavaFX Application Thread] INFO  o.e.zalu.controller.MainController - DAOs and Managers initialized
2025-12-27 14:00:17.900 [Global-Listener] INFO  o.e.zalu.client.ChatEventManager - Received 20 messages total, grouped into 2 conversations
2025-12-27 14:00:17.914 [Thread-8] INFO  o.example.zalu.server.ClientHandler - ✓ mydt (ID: 17) đăng nhập thành công
2025-12-27 14:00:17.954 [JavaFX Application Thread] INFO  o.e.zalu.controller.MainController - Sub-controllers loaded for the first time
2025-12-27 14:00:17.963 [JavaFX Application Thread] INFO  o.e.zalu.controller.MainController - Welcome view (welcome-view.fxml) displayed successfully
2025-12-27 14:00:17.963 [JavaFX Application Thread] INFO  o.e.zalu.controller.MainController - MainController stage set
2025-12-27 14:00:17.964 [JavaFX Application Thread] INFO  o.e.zalu.controller.MainController - MainController currentUserId set to: 17
2025-12-27 14:00:17.964 [JavaFX Application Thread] INFO  o.e.zalu.controller.ChatListManager - Refreshing friend list for userId: 17
2025-12-27 14:00:17.965 [pool-2-thread-1] INFO  org.example.zalu.client.ChatClient - Gửi: GET_FRIENDS_LIST_FULL|17
2025-12-27 14:00:17.965 [pool-2-thread-1] INFO  org.example.zalu.client.ChatClient - Gửi: GET_GROUPS|17
2025-12-27 14:00:17.966 [pool-2-thread-1] INFO  org.example.zalu.client.ChatClient - Gửi: GET_USER_BY_ID|17
2025-12-27 14:00:18.015 [Global-Listener] INFO  org.example.zalu.client.ClientCache - Client cache saved to disk.
2025-12-27 14:00:18.072 [Global-Listener] INFO  org.example.zalu.client.ClientCache - Client cache saved to disk.
2025-12-27 14:00:18.074 [Global-Listener] INFO  o.e.zalu.client.ChatEventManager - Received List<Integer> #2: [17] (friends, pending, or online users?)
2025-12-27 14:00:18.074 [Global-Listener] WARN  o.e.zalu.client.ChatEventManager - Unknown event type: java.util.HashMap
2025-12-27 14:00:18.113 [JavaFX Application Thread] INFO  o.e.zalu.controller.MainController - DAOs and Managers initialized
2025-12-27 14:00:18.133 [JavaFX Application Thread] INFO  o.e.zalu.controller.MainController - Sub-controllers loaded for the first time
2025-12-27 14:00:18.136 [JavaFX Application Thread] INFO  o.e.zalu.controller.MainController - Welcome view (welcome-view.fxml) displayed successfully
2025-12-27 14:00:18.136 [JavaFX Application Thread] INFO  o.e.zalu.controller.MainController - MainController stage set
2025-12-27 14:00:18.136 [JavaFX Application Thread] INFO  o.e.zalu.controller.MainController - MainController currentUserId set to: 17
2025-12-27 14:00:18.136 [JavaFX Application Thread] INFO  o.e.zalu.controller.ChatListManager - Refreshing friend list for userId: 17
2025-12-27 14:00:18.137 [pool-2-thread-1] INFO  org.example.zalu.client.ChatClient - Gửi: GET_FRIENDS_LIST_FULL|17
2025-12-27 14:00:18.138 [pool-2-thread-1] INFO  org.example.zalu.client.ChatClient - Gửi: GET_GROUPS|17
2025-12-27 14:00:18.138 [pool-2-thread-1] INFO  org.example.zalu.client.ChatClient - Gửi: GET_USER_BY_ID|17
2025-12-27 14:00:18.177 [JavaFX Application Thread] INFO  o.e.zalu.client.ChatEventManager - ✓ Đăng nhập thành công! UserID = 17
2025-12-27 14:00:18.182 [JavaFX Application Thread] INFO  o.e.zalu.controller.MainController - onMessagesReceived: 20 messages
2025-12-27 14:00:18.183 [pool-2-thread-1] INFO  org.example.zalu.client.ChatClient - Gửi: GET_FRIENDS_LIST_FULL|17
2025-12-27 14:00:18.186 [JavaFX Application Thread] INFO  o.e.zalu.controller.ChatListManager - Received online users list: 1 users
2025-12-27 14:00:18.186 [JavaFX Application Thread] INFO  o.e.zalu.controller.ChatListManager - Received full friend list: 1 friends
2025-12-27 14:00:18.186 [pool-2-thread-1] INFO  org.example.zalu.client.ChatClient - Gửi: GET_USER_AVATAR|1
2025-12-27 14:00:18.187 [JavaFX Application Thread] INFO  o.e.zalu.controller.ChatListManager - Pre-fetched top 1 conversations in background
2025-12-27 14:00:18.187 [pool-2-thread-1] INFO  org.example.zalu.client.ChatClient - Gửi: GET_CONVERSATION|17|1
2025-12-27 14:00:18.187 [JavaFX Application Thread] INFO  o.e.zalu.controller.ChatListManager - Friend list refreshed with 1 friends and 0 groups
2025-12-27 14:00:18.191 [JavaFX Application Thread] INFO  o.e.zalu.controller.ChatListManager - Received full friend list: 1 friends
2025-12-27 14:00:18.191 [pool-2-thread-1] INFO  org.example.zalu.client.ChatClient - Gửi: GET_USER_AVATAR|1
2025-12-27 14:00:18.191 [JavaFX Application Thread] INFO  o.e.zalu.controller.ChatListManager - Pre-fetched top 1 conversations in background
2025-12-27 14:00:18.191 [pool-2-thread-1] INFO  org.example.zalu.client.ChatClient - Gửi: GET_CONVERSATION|17|1
2025-12-27 14:00:18.191 [JavaFX Application Thread] INFO  o.e.zalu.controller.ChatListManager - Friend list refreshed with 1 friends and 0 groups
2025-12-27 14:00:18.196 [Global-Listener] INFO  o.e.zalu.client.ChatEventManager - Received string message: USER_AVATAR|1|77699
2025-12-27 14:00:18.197 [Global-Listener] INFO  o.e.zalu.client.ChatEventManager - Received byte data: 77699 bytes
2025-12-27 14:00:18.231 [JavaFX Application Thread] INFO  o.e.zalu.controller.ChatListManager - Received full friend list: 1 friends
2025-12-27 14:00:18.235 [JavaFX Application Thread] INFO  o.e.zalu.controller.ChatListManager - Pre-fetched top 1 conversations in background
2025-12-27 14:00:18.236 [pool-2-thread-1] INFO  org.example.zalu.client.ChatClient - Gửi: GET_CONVERSATION|17|1
2025-12-27 14:00:18.236 [JavaFX Application Thread] INFO  o.e.zalu.controller.ChatListManager - Friend list refreshed with 1 friends and 0 groups
2025-12-27 14:00:18.488 [Global-Listener] INFO  o.e.zalu.client.ChatEventManager - Caching history for chatId 1: 19 messages
2025-12-27 14:00:18.575 [Global-Listener] INFO  org.example.zalu.client.ClientCache - Client cache saved to disk.
2025-12-27 14:00:18.576 [Global-Listener] INFO  o.e.zalu.client.ChatEventManager - Received string message: USER_AVATAR|1|77699
2025-12-27 14:00:18.577 [Global-Listener] INFO  o.e.zalu.client.ChatEventManager - Received byte data: 77699 bytes
2025-12-27 14:00:18.796 [Global-Listener] INFO  o.e.zalu.client.ChatEventManager - Caching history for chatId 1: 19 messages
2025-12-27 14:00:18.881 [Global-Listener] INFO  org.example.zalu.client.ClientCache - Client cache saved to disk.
2025-12-27 14:00:19.026 [Global-Listener] INFO  o.e.zalu.client.ChatEventManager - Caching history for chatId 1: 19 messages
2025-12-27 14:00:19.108 [Global-Listener] INFO  org.example.zalu.client.ClientCache - Client cache saved to disk.
2025-12-27 14:00:19.151 [JavaFX Application Thread] INFO  o.e.zalu.controller.MainController - Selection changed to: Lê Quang Huy (isWelcomeMode: true)
2025-12-27 14:00:19.199 [JavaFX Application Thread] INFO  o.e.zalu.controller.MainController - Loading chat for: Lê Quang Huy
2025-12-27 14:00:19.200 [JavaFX Application Thread] INFO  o.e.zalu.controller.MainController - Reloading chat for: Lê Quang Huy
2025-12-27 14:00:19.201 [JavaFX Application Thread] INFO  o.e.zalu.controller.MainController - Using cached messages for friend 1: 19 messages
2025-12-27 14:00:19.206 [pool-2-thread-1] INFO  org.example.zalu.client.ChatClient - Gửi: GET_PINNED_MESSAGES|17|1|false
2025-12-27 14:00:19.286 [pool-2-thread-1] INFO  org.example.zalu.client.ChatClient - Gửi: MARK_AS_READ|17|1
2025-12-27 14:00:19.286 [pool-2-thread-1] INFO  org.example.zalu.client.ChatClient - Gửi: GET_CONVERSATION|17|1
2025-12-27 14:00:19.542 [Global-Listener] INFO  o.e.zalu.client.ChatEventManager - Caching history for chatId 1: 19 messages
2025-12-27 14:00:19.616 [Global-Listener] INFO  org.example.zalu.client.ClientCache - Client cache saved to disk.
2025-12-27 14:00:21.332 [JavaFX Application Thread] INFO  o.e.zalu.controller.MainController - Reloading chat for: Lê Quang Huy
2025-12-27 14:00:21.332 [JavaFX Application Thread] INFO  o.e.zalu.controller.MainController - Using cached messages for friend 1: 19 messages
2025-12-27 14:00:21.333 [pool-2-thread-1] INFO  org.example.zalu.client.ChatClient - Gửi: GET_CONVERSATION|17|1
2025-12-27 14:00:21.677 [Global-Listener] INFO  o.e.zalu.client.ChatEventManager - Caching history for chatId 1: 19 messages
2025-12-27 14:00:21.803 [Global-Listener] INFO  org.example.zalu.client.ClientCache - Client cache saved to disk.
2025-12-27 14:00:23.319 [JavaFX Application Thread] INFO  o.e.zalu.controller.MainController - Reloading chat for: Lê Quang Huy
2025-12-27 14:00:23.319 [JavaFX Application Thread] INFO  o.e.zalu.controller.MainController - Using cached messages for friend 1: 19 messages
2025-12-27 14:00:23.319 [pool-2-thread-1] INFO  org.example.zalu.client.ChatClient - Gửi: GET_CONVERSATION|17|1
2025-12-27 14:00:23.625 [Global-Listener] INFO  o.e.zalu.client.ChatEventManager - Caching history for chatId 1: 19 messages
2025-12-27 14:00:23.717 [Global-Listener] INFO  org.example.zalu.client.ClientCache - Client cache saved to disk.
2025-12-27 14:00:37.552 [pool-2-thread-1] INFO  org.example.zalu.client.ChatClient - Gửi: SEND_MESSAGE|1|17|👍|TEMP_ID|ed747479-073f-42fa-b348-f3fc584a1498
2025-12-27 14:00:37.556 [JavaFX Application Thread] INFO  o.example.zalu.util.ui.ChatRenderer - Rendering text msg: '👍' (length: 2, own: true)
2025-12-27 14:00:37.609 [Global-Listener] INFO  o.e.zalu.client.ChatEventManager - Received string message: NEW_MESSAGE|17|1|👍|TEMP_ID|ed747479-073f-42fa-b348-f3fc584a1498
2025-12-27 14:00:37.611 [Global-Listener] WARN  o.e.zalu.client.ChatEventManager - Unknown event type: java.lang.String
2025-12-27 14:00:37.612 [JavaFX Application Thread] INFO  o.e.zalu.controller.MainController - onMessagesReceived: 1 messages
2025-12-27 14:00:37.614 [Global-Listener] INFO  o.e.zalu.client.ChatEventManager - Received string message: MESSAGE_SENT|OK|147|ed747479-073f-42fa-b348-f3fc584a1498
2025-12-27 14:00:37.616 [Global-Listener] WARN  o.e.zalu.client.ChatEventManager - Unknown event type: java.lang.String
2025-12-27 14:00:37.653 [JavaFX Application Thread] INFO  o.e.zalu.controller.MainController - Received MESSAGE_SENT|OK, message confirmed by server
2025-12-27 14:00:37.665 [JavaFX Application Thread] WARN  o.e.z.c.chat.MessageListController - tempId not found in pendingMessageNodes: tempId=ed747479-073f-42fa-b348-f3fc584a1498
2025-12-27 14:00:53.317 [pool-2-thread-1] INFO  org.example.zalu.client.ChatClient - Gửi: GET_FRIEND_REQUESTS_INFO|17
2025-12-27 14:00:53.321 [JavaFX Application Thread] INFO  o.e.zalu.controller.MainController - Opened Friend Requests view
2025-12-27 14:00:54.998 [JavaFX Application Thread] INFO  o.e.zalu.controller.MainController - Welcome view (welcome-view.fxml) displayed successfully
2025-12-27 14:00:54.999 [JavaFX Application Thread] INFO  o.e.zalu.controller.ChatListManager - Refreshing friend list for userId: 17
2025-12-27 14:00:54.999 [pool-2-thread-1] INFO  org.example.zalu.client.ChatClient - Gửi: GET_FRIENDS_LIST_FULL|17
2025-12-27 14:00:54.999 [pool-2-thread-1] INFO  org.example.zalu.client.ChatClient - Gửi: GET_GROUPS|17
2025-12-27 14:00:55.017 [JavaFX Application Thread] INFO  o.e.zalu.controller.ChatListManager - Received full friend list: 1 friends
2025-12-27 14:00:55.022 [JavaFX Application Thread] INFO  o.e.zalu.controller.ChatListManager - Pre-fetched top 1 conversations in background
2025-12-27 14:00:55.022 [pool-2-thread-1] INFO  org.example.zalu.client.ChatClient - Gửi: GET_CONVERSATION|17|1
2025-12-27 14:00:55.022 [JavaFX Application Thread] INFO  o.e.zalu.controller.ChatListManager - Friend list refreshed with 1 friends and 0 groups
2025-12-27 14:00:55.475 [Global-Listener] INFO  o.e.zalu.client.ChatEventManager - Caching history for chatId 1: 20 messages
2025-12-27 14:00:55.554 [Global-Listener] INFO  org.example.zalu.client.ClientCache - Client cache saved to disk.
2025-12-27 14:00:55.559 [pool-2-thread-1] INFO  org.example.zalu.client.ChatClient - Gửi: GET_PINNED_MESSAGES|17|1|false
2025-12-27 14:00:55.633 [pool-2-thread-1] INFO  org.example.zalu.client.ChatClient - Gửi: MARK_AS_READ|17|1
2025-12-27 14:00:57.458 [JavaFX Application Thread] INFO  o.e.zalu.controller.MainController - Logout triggered for userId: 17
2025-12-27 14:00:58.854 [JavaFX Application Thread] INFO  org.example.zalu.client.ChatClient - Đã gửi LOGOUT tới server
2025-12-27 14:00:58.854 [Thread-8] INFO  o.example.zalu.server.ClientHandler - User 17 đăng xuất chủ động
2025-12-27 14:00:58.856 [Global-Listener] INFO  o.e.zalu.client.ChatEventManager - Received string message: LOGOUT_OK
2025-12-27 14:00:58.856 [Global-Listener] WARN  o.e.zalu.client.ChatEventManager - Unknown event type: java.lang.String
2025-12-27 14:00:59.055 [JavaFX Application Thread] INFO  org.example.zalu.client.ChatClient - Đã ngắt kết nối sạch sẽ – không reconnect tự động
2025-12-27 14:00:59.055 [JavaFX Application Thread] INFO  o.e.zalu.controller.MainController - Resetting data flags for logout...
2025-12-27 14:00:59.055 [Thread-8] INFO  o.example.zalu.server.ClientHandler - Server: Client 17 đã đóng kết nối (EOF)
2025-12-27 14:00:59.056 [JavaFX Application Thread] INFO  o.e.zalu.controller.MainController - Data flags reset completed
2025-12-27 14:00:59.056 [Thread-8] INFO  o.example.zalu.server.ClientHandler - User 17 đã thoát
2025-12-27 14:00:59.062 [JavaFX Application Thread] INFO  o.e.z.c.auth.LoginController - === Khởi động Auto-Discovery ===
2025-12-27 14:00:59.064 [ServerDiscovery-Thread] INFO  o.e.z.c.auth.LoginController - Bắt đầu quá trình tìm kiếm server tự động...
2025-12-27 14:00:59.064 [ServerDiscovery-Thread] INFO  o.e.z.client.ServerDiscoveryClient - === Bắt đầu tìm kiếm Server trong mạng LAN ===
2025-12-27 14:00:59.065 [ServerDiscovery-Thread] INFO  o.e.z.client.ServerDiscoveryClient - Discovery Port: 8888
2025-12-27 14:00:59.065 [ServerDiscovery-Thread] INFO  o.e.z.client.ServerDiscoveryClient - Timeout: 3000ms
2025-12-27 14:00:59.066 [ServerDiscovery-Thread] INFO  o.e.z.client.ServerDiscoveryClient - ✓ UDP Socket đã khởi tạo
2025-12-27 14:00:59.066 [ServerDiscovery-Thread] INFO  o.e.z.client.ServerDiscoveryClient - ✓ Broadcast mode: ENABLED
2025-12-27 14:00:59.068 [ServerDiscovery-Thread] INFO  o.e.z.client.ServerDiscoveryClient - ✓ Timeout: 3000ms
2025-12-27 14:00:59.069 [ServerDiscovery-Thread] INFO  o.e.z.client.ServerDiscoveryClient - >>> [Broadcast #1] Sent to 255.255.255.255:8888
2025-12-27 14:00:59.070 [ServerDiscovery-Thread] INFO  o.e.z.client.ServerDiscoveryClient - Đang quét các network interfaces...
2025-12-27 14:00:59.069 [Discovery-Listener] INFO  o.e.z.server.ServerDiscoveryListener - >>> [Request #5] Discovery request từ 10.219.179.108:56057
2025-12-27 14:00:59.071 [Discovery-Listener] INFO  o.e.z.server.ServerDiscoveryListener - <<< [Response #5] Đã gửi response tới 10.219.179.108:56057 - TCP Port: 5000
2025-12-27 14:00:59.074 [ServerDiscovery-Thread] INFO  o.e.z.client.ServerDiscoveryClient -   [Interface #1] WAN Miniport (IP)-WFP Native MAC Layer LightWeight Filter-0000 - ACTIVE
2025-12-27 14:00:59.074 [ServerDiscovery-Thread] INFO  o.e.z.client.ServerDiscoveryClient -   [Interface #2] WAN Miniport (IP)-QoS Packet Scheduler-0000 - ACTIVE
2025-12-27 14:00:59.075 [ServerDiscovery-Thread] INFO  o.e.z.client.ServerDiscoveryClient -   [Interface #3] WAN Miniport (IPv6)-WFP Native MAC Layer LightWeight Filter-0000 - ACTIVE
2025-12-27 14:00:59.076 [ServerDiscovery-Thread] INFO  o.e.z.client.ServerDiscoveryClient -   [Interface #4] WAN Miniport (IPv6)-QoS Packet Scheduler-0000 - ACTIVE
2025-12-27 14:00:59.077 [ServerDiscovery-Thread] INFO  o.e.z.client.ServerDiscoveryClient -   [Interface #5] WAN Miniport (Network Monitor)-WFP Native MAC Layer LightWeight Filter-0000 - ACTIVE
2025-12-27 14:00:59.078 [ServerDiscovery-Thread] INFO  o.e.z.client.ServerDiscoveryClient -   [Interface #6] WAN Miniport (Network Monitor)-QoS Packet Scheduler-0000 - ACTIVE
2025-12-27 14:00:59.080 [ServerDiscovery-Thread] INFO  o.e.z.client.ServerDiscoveryClient -   [Interface #8] WAN Miniport (IP) - ACTIVE
2025-12-27 14:00:59.081 [ServerDiscovery-Thread] INFO  o.e.z.client.ServerDiscoveryClient -   [Interface #9] WAN Miniport (IPv6) - ACTIVE
2025-12-27 14:00:59.082 [ServerDiscovery-Thread] INFO  o.e.z.client.ServerDiscoveryClient -   [Interface #10] WAN Miniport (Network Monitor) - ACTIVE
2025-12-27 14:00:59.084 [ServerDiscovery-Thread] INFO  o.e.z.client.ServerDiscoveryClient -   [Interface #14] Intel(R) Wi-Fi 6E AX211 160MHz-WFP Native MAC Layer LightWeight Filter-0000 - ACTIVE
2025-12-27 14:00:59.085 [ServerDiscovery-Thread] INFO  o.e.z.client.ServerDiscoveryClient -   [Interface #15] Intel(R) Wi-Fi 6E AX211 160MHz-Virtual WiFi Filter Driver-0000 - ACTIVE
2025-12-27 14:00:59.087 [ServerDiscovery-Thread] INFO  o.e.z.client.ServerDiscoveryClient -   [Interface #16] Intel(R) Wi-Fi 6E AX211 160MHz-Native WiFi Filter Driver-0000 - ACTIVE
2025-12-27 14:00:59.088 [ServerDiscovery-Thread] INFO  o.e.z.client.ServerDiscoveryClient -   [Interface #17] Intel(R) Wi-Fi 6E AX211 160MHz-QoS Packet Scheduler-0000 - ACTIVE
2025-12-27 14:00:59.088 [ServerDiscovery-Thread] INFO  o.e.z.client.ServerDiscoveryClient -   [Interface #18] Intel(R) Wi-Fi 6E AX211 160MHz-WFP 802.3 MAC Layer LightWeight Filter-0000 - ACTIVE
2025-12-27 14:00:59.095 [ServerDiscovery-Thread] INFO  o.e.z.client.ServerDiscoveryClient -   [Interface #27] Intel(R) Wi-Fi 6E AX211 160MHz - ACTIVE
2025-12-27 14:00:59.096 [ServerDiscovery-Thread] INFO  o.e.z.client.ServerDiscoveryClient -     >>> [Broadcast #2] Sent to 10.219.179.255 (Intel(R) Wi-Fi 6E AX211 160MHz)
2025-12-27 14:00:59.096 [Discovery-Listener] INFO  o.e.z.server.ServerDiscoveryListener - >>> [Request #6] Discovery request từ 10.219.179.108:56057
2025-12-27 14:00:59.098 [Discovery-Listener] INFO  o.e.z.server.ServerDiscoveryListener - <<< [Response #6] Đã gửi response tới 10.219.179.108:56057 - TCP Port: 5000
2025-12-27 14:00:59.098 [ServerDiscovery-Thread] INFO  o.e.z.client.ServerDiscoveryClient - ✓ Đã quét 36 network interfaces
2025-12-27 14:00:59.099 [ServerDiscovery-Thread] INFO  o.e.z.client.ServerDiscoveryClient - === Tổng số broadcast packets gửi đi: 2 ===
2025-12-27 14:00:59.100 [ServerDiscovery-Thread] INFO  o.e.z.client.ServerDiscoveryClient - Đang chờ nhận phản hồi từ server (timeout: 3000ms)...
2025-12-27 14:00:59.100 [ServerDiscovery-Thread] INFO  o.e.z.client.ServerDiscoveryClient - <<< Nhận phản hồi từ 10.219.179.108:8888 (0ms)
2025-12-27 14:00:59.100 [ServerDiscovery-Thread] INFO  o.e.z.client.ServerDiscoveryClient - === ✓ TÌM THẤY SERVER ===
2025-12-27 14:00:59.102 [ServerDiscovery-Thread] INFO  o.e.z.client.ServerDiscoveryClient - Server Address: 10.219.179.108
2025-12-27 14:00:59.102 [ServerDiscovery-Thread] INFO  o.e.z.client.ServerDiscoveryClient - TCP Port: 5000
2025-12-27 14:00:59.103 [ServerDiscovery-Thread] INFO  o.e.z.client.ServerDiscoveryClient - Response Time: 0ms
2025-12-27 14:00:59.311 [JavaFX Application Thread] INFO  o.e.zalu.controller.MainController - Logout successful
2025-12-27 14:00:59.312 [JavaFX Application Thread] ERROR org.example.zalu.ZaluApplication - ⚠ LỖI KHÔNG MONG MUỐN (UNCAUGHT EXCEPTION): Cannot invoke "java.util.function.Consumer.accept(Object)" because "org.example.zalu.client.ChatEventManager.broadcastCallback" is null
java.lang.NullPointerException: Cannot invoke "java.util.function.Consumer.accept(Object)" because "org.example.zalu.client.ChatEventManager.broadcastCallback" is null
	at org.example.zalu@1.0-SNAPSHOT/org.example.zalu.client.ChatEventManager.lambda$processEvent$43(ChatEventManager.java:797)
	at javafx.graphics@21/com.sun.javafx.application.PlatformImpl.lambda$runLater$10(PlatformImpl.java:456)
	at java.base/java.security.AccessController.doPrivileged(AccessController.java:400)
	at javafx.graphics@21/com.sun.javafx.application.PlatformImpl.lambda$runLater$11(PlatformImpl.java:455)
	at javafx.graphics@21/com.sun.glass.ui.InvokeLaterDispatcher$Future.run(InvokeLaterDispatcher.java:95)
	at javafx.graphics@21/com.sun.glass.ui.win.WinApplication._runLoop(Native Method)
	at javafx.graphics@21/com.sun.glass.ui.win.WinApplication.lambda$runLoop$3(WinApplication.java:185)
	at java.base/java.lang.Thread.run(Thread.java:1583)
2025-12-27 14:00:59.315 [JavaFX Application Thread] INFO  o.e.z.c.auth.LoginController - === ✓ Auto-Discovery Thành Công ===
2025-12-27 14:00:59.315 [JavaFX Application Thread] INFO  o.e.z.c.auth.LoginController - Server được tìm thấy: 10.219.179.108:5000
2025-12-27 14:00:59.315 [JavaFX Application Thread] INFO  o.e.z.c.auth.LoginController - Thời gian tìm kiếm: 39ms
2025-12-27 14:00:59.315 [JavaFX Application Thread] INFO  org.example.zalu.client.ChatClient - Đã cập nhật cấu hình server: 10.219.179.108:5000
2025-12-27 14:00:59.316 [JavaFX Application Thread] INFO  org.example.zalu.client.ChatClient - Đã ngắt kết nối sạch sẽ – không reconnect tự động
2025-12-27 14:00:59.316 [JavaFX Application Thread] INFO  o.e.z.c.auth.LoginController - Đã cấu hình ChatClient với server: 10.219.179.108:5000
2025-12-27 14:00:59.317 [JavaFX Application Thread] INFO  o.e.z.c.auth.LoginController - === Kết thúc Auto-Discovery ===
2025-12-27 14:05:06.672 [main] INFO  org.example.zalu.server.ChatServer - ⚠ BỎ QUA KIỂM TRA LICENSE (yêu cầu bảo mật đã tắt cho bản dev).
2025-12-27 14:05:06.695 [main] INFO  org.example.zalu.server.ChatServer - ✓ Tất cả DAO đã khởi tạo thành công với HikariCP!
2025-12-27 14:05:06.697 [main] INFO  org.example.zalu.server.ChatServer - === Kiểm tra cấu hình MySQL ===
2025-12-27 14:05:07.132 [main] INFO  o.e.z.u.database.MySQLConfigHelper - MySQL max_allowed_packet hiện tại: 16777216 bytes (16 MB)
2025-12-27 14:05:07.134 [main] INFO  o.e.z.u.database.MySQLConfigHelper - ✓ max_allowed_packet đã đủ lớn (16 MB)
2025-12-27 14:05:07.146 [main] INFO  org.example.zalu.server.ChatServer - ================================

2025-12-27 14:05:17.011 [JavaFX Application Thread] INFO  org.example.zalu.ZaluApplication - === Khởi động Zalu Client ===
2025-12-27 14:05:17.014 [JavaFX Application Thread] INFO  org.example.zalu.ZaluApplication - ⚠ License check đã bị vô hiệu hóa – dùng cho môi trường phát triển.
2025-12-27 14:05:17.014 [JavaFX Application Thread] INFO  org.example.zalu.ZaluApplication - ℹ Sẽ tìm kiếm server tự động qua UDP Discovery...
2025-12-27 14:05:17.319 [JavaFX Application Thread] INFO  o.e.z.c.auth.LoginController - === Khởi động Auto-Discovery ===
2025-12-27 14:05:17.321 [ServerDiscovery-Thread] INFO  o.e.z.c.auth.LoginController - Bắt đầu quá trình tìm kiếm server tự động...
2025-12-27 14:05:17.324 [ServerDiscovery-Thread] INFO  o.e.z.client.ServerDiscoveryClient - === Bắt đầu tìm kiếm Server trong mạng LAN ===
2025-12-27 14:05:17.325 [ServerDiscovery-Thread] INFO  o.e.z.client.ServerDiscoveryClient - Discovery Port: 8888
2025-12-27 14:05:17.327 [ServerDiscovery-Thread] INFO  o.e.z.client.ServerDiscoveryClient - Timeout: 3000ms
2025-12-27 14:05:17.346 [ServerDiscovery-Thread] INFO  o.e.z.client.ServerDiscoveryClient - ✓ UDP Socket đã khởi tạo
2025-12-27 14:05:17.347 [ServerDiscovery-Thread] INFO  o.e.z.client.ServerDiscoveryClient - ✓ Broadcast mode: ENABLED
2025-12-27 14:05:17.348 [ServerDiscovery-Thread] INFO  o.e.z.client.ServerDiscoveryClient - ✓ Timeout: 3000ms
2025-12-27 14:05:17.350 [ServerDiscovery-Thread] INFO  o.e.z.client.ServerDiscoveryClient - >>> [Broadcast #1] Sent to 255.255.255.255:8888
2025-12-27 14:05:17.350 [ServerDiscovery-Thread] INFO  o.e.z.client.ServerDiscoveryClient - Đang quét các network interfaces...
2025-12-27 14:05:17.357 [ServerDiscovery-Thread] INFO  o.e.z.client.ServerDiscoveryClient -   [Interface #1] WAN Miniport (IP)-WFP Native MAC Layer LightWeight Filter-0000 - ACTIVE
2025-12-27 14:05:17.357 [ServerDiscovery-Thread] INFO  o.e.z.client.ServerDiscoveryClient -   [Interface #2] WAN Miniport (IP)-QoS Packet Scheduler-0000 - ACTIVE
2025-12-27 14:05:17.357 [ServerDiscovery-Thread] INFO  o.e.z.client.ServerDiscoveryClient -   [Interface #3] WAN Miniport (IPv6)-WFP Native MAC Layer LightWeight Filter-0000 - ACTIVE
2025-12-27 14:05:17.358 [ServerDiscovery-Thread] INFO  o.e.z.client.ServerDiscoveryClient -   [Interface #4] WAN Miniport (IPv6)-QoS Packet Scheduler-0000 - ACTIVE
2025-12-27 14:05:17.359 [ServerDiscovery-Thread] INFO  o.e.z.client.ServerDiscoveryClient -   [Interface #5] WAN Miniport (Network Monitor)-WFP Native MAC Layer LightWeight Filter-0000 - ACTIVE
2025-12-27 14:05:17.359 [ServerDiscovery-Thread] INFO  o.e.z.client.ServerDiscoveryClient -   [Interface #6] WAN Miniport (Network Monitor)-QoS Packet Scheduler-0000 - ACTIVE
2025-12-27 14:05:17.360 [ServerDiscovery-Thread] INFO  o.e.z.client.ServerDiscoveryClient -   [Interface #8] WAN Miniport (IP) - ACTIVE
2025-12-27 14:05:17.361 [ServerDiscovery-Thread] INFO  o.e.z.client.ServerDiscoveryClient -   [Interface #9] WAN Miniport (IPv6) - ACTIVE
2025-12-27 14:05:17.362 [ServerDiscovery-Thread] INFO  o.e.z.client.ServerDiscoveryClient -   [Interface #10] WAN Miniport (Network Monitor) - ACTIVE
2025-12-27 14:05:17.363 [ServerDiscovery-Thread] INFO  o.e.z.client.ServerDiscoveryClient -   [Interface #14] Intel(R) Wi-Fi 6E AX211 160MHz-WFP Native MAC Layer LightWeight Filter-0000 - ACTIVE
2025-12-27 14:05:17.364 [ServerDiscovery-Thread] INFO  o.e.z.client.ServerDiscoveryClient -   [Interface #15] Intel(R) Wi-Fi 6E AX211 160MHz-Virtual WiFi Filter Driver-0000 - ACTIVE
2025-12-27 14:05:17.365 [ServerDiscovery-Thread] INFO  o.e.z.client.ServerDiscoveryClient -   [Interface #16] Intel(R) Wi-Fi 6E AX211 160MHz-Native WiFi Filter Driver-0000 - ACTIVE
2025-12-27 14:05:17.366 [ServerDiscovery-Thread] INFO  o.e.z.client.ServerDiscoveryClient -   [Interface #17] Intel(R) Wi-Fi 6E AX211 160MHz-QoS Packet Scheduler-0000 - ACTIVE
2025-12-27 14:05:17.367 [ServerDiscovery-Thread] INFO  o.e.z.client.ServerDiscoveryClient -   [Interface #18] Intel(R) Wi-Fi 6E AX211 160MHz-WFP 802.3 MAC Layer LightWeight Filter-0000 - ACTIVE
2025-12-27 14:05:17.369 [ServerDiscovery-Thread] INFO  o.e.z.client.ServerDiscoveryClient -   [Interface #27] Intel(R) Wi-Fi 6E AX211 160MHz - ACTIVE
2025-12-27 14:05:17.371 [ServerDiscovery-Thread] INFO  o.e.z.client.ServerDiscoveryClient -     >>> [Broadcast #2] Sent to 10.219.179.255 (Intel(R) Wi-Fi 6E AX211 160MHz)
2025-12-27 14:05:17.372 [ServerDiscovery-Thread] INFO  o.e.z.client.ServerDiscoveryClient - ✓ Đã quét 36 network interfaces
2025-12-27 14:05:17.374 [ServerDiscovery-Thread] INFO  o.e.z.client.ServerDiscoveryClient - === Tổng số broadcast packets gửi đi: 2 ===
2025-12-27 14:05:17.374 [ServerDiscovery-Thread] INFO  o.e.z.client.ServerDiscoveryClient - Đang chờ nhận phản hồi từ server (timeout: 3000ms)...
2025-12-27 14:05:17.914 [JavaFX Application Thread] INFO  org.example.zalu.ZaluApplication - ✓ Zalu Client đã khởi động thành công!
2025-12-27 14:05:17.914 [JavaFX Application Thread] INFO  org.example.zalu.ZaluApplication -    Kích thước cố định: 1200.0 x 777.0
2025-12-27 14:05:17.915 [JavaFX Application Thread] INFO  org.example.zalu.ZaluApplication -    UDP Auto-Discovery: ENABLED
2025-12-27 14:05:19.541 [Thread-5] INFO  org.example.zalu.server.ChatServer - 🚀 Zalu Server đang chạy trên port 5000
2025-12-27 14:05:19.548 [Discovery-Listener] INFO  o.e.z.server.ServerDiscoveryListener - === UDP Discovery Listener Starting ===
2025-12-27 14:05:19.550 [Discovery-Listener] INFO  o.e.z.server.ServerDiscoveryListener - TCP Port to advertise: 5000
2025-12-27 14:05:19.550 [Discovery-Listener] INFO  o.e.z.server.ServerDiscoveryListener - UDP Discovery Port: 8888
2025-12-27 14:05:19.559 [Discovery-Listener] INFO  o.e.z.server.ServerDiscoveryListener - ✓ Server Discovery đang lắng nghe UDP trên port 8888
2025-12-27 14:05:19.559 [Discovery-Listener] INFO  o.e.z.server.ServerDiscoveryListener - ✓ Broadcast mode: ENABLED
2025-12-27 14:05:19.561 [Discovery-Listener] INFO  o.e.z.server.ServerDiscoveryListener - ✓ Sẵn sàng nhận discovery requests từ clients...
2025-12-27 14:05:20.377 [ServerDiscovery-Thread] WARN  o.e.z.client.ServerDiscoveryClient - === ✗ KHÔNG TÌM THẤY SERVER ===
2025-12-27 14:05:20.382 [ServerDiscovery-Thread] WARN  o.e.z.client.ServerDiscoveryClient - Không nhận được phản hồi sau 3000ms
2025-12-27 14:05:20.387 [ServerDiscovery-Thread] WARN  o.e.z.client.ServerDiscoveryClient - Đảm bảo server đang chạy và cùng mạng LAN
2025-12-27 14:05:20.399 [ServerDiscovery-Thread] INFO  o.e.z.client.ServerDiscoveryClient - === Kết thúc tìm kiếm Server ===
2025-12-27 14:05:20.414 [JavaFX Application Thread] WARN  o.e.z.c.auth.LoginController - === ✗ Auto-Discovery Thất Bại ===
2025-12-27 14:05:20.437 [JavaFX Application Thread] WARN  o.e.z.c.auth.LoginController - Không tìm thấy server sau 3088ms
2025-12-27 14:05:20.450 [JavaFX Application Thread] WARN  o.e.z.c.auth.LoginController - Sẽ sử dụng cấu hình mặc định (localhost)
2025-12-27 14:05:20.458 [JavaFX Application Thread] INFO  o.e.z.c.auth.LoginController - === Kết thúc Auto-Discovery ===
2025-12-27 14:05:26.235 [JavaFX Application Thread] INFO  org.example.zalu.client.ChatClient - ✓ Đã đọc cấu hình từ server.properties: localhost:5000
2025-12-27 14:05:26.236 [JavaFX Application Thread] INFO  org.example.zalu.client.ChatClient - ℹ Sử dụng IP mặc định: localhost (để kết nối từ máy khác, cấu hình trong server.properties hoặc dùng -Dserver.address=IP)
2025-12-27 14:05:26.238 [JavaFX Application Thread] INFO  org.example.zalu.client.ChatClient - Chưa kết nối server, đang thử kết nối...
2025-12-27 14:05:26.240 [JavaFX Application Thread] INFO  org.example.zalu.client.ChatClient - === Đang kết nối đến Server ===
2025-12-27 14:05:26.241 [JavaFX Application Thread] INFO  org.example.zalu.client.ChatClient - Server Address: localhost
2025-12-27 14:05:26.241 [JavaFX Application Thread] INFO  org.example.zalu.client.ChatClient - Server Port: 5000
2025-12-27 14:05:26.261 [Thread-5] INFO  org.example.zalu.server.ChatServer - ✅ Client mới kết nối: /127.0.0.1
2025-12-27 14:05:26.277 [JavaFX Application Thread] INFO  org.example.zalu.client.ChatClient - === ✓ Kết nối thành công ===
2025-12-27 14:05:26.277 [JavaFX Application Thread] INFO  org.example.zalu.client.ChatClient - Connected to: localhost:5000
2025-12-27 14:05:26.277 [JavaFX Application Thread] INFO  org.example.zalu.client.ChatClient - Socket timeout: 120s
2025-12-27 14:05:26.279 [JavaFX Application Thread] INFO  org.example.zalu.client.ChatClient - Buffer size: 2MB
2025-12-27 14:05:26.279 [Global-Listener] INFO  org.example.zalu.client.ChatClient - Global listener đã khởi động
2025-12-27 14:05:26.397 [pool-2-thread-1] INFO  org.example.zalu.client.ChatClient - Gửi: LOGIN_REQUEST|hylee|123456
2025-12-27 14:05:26.397 [Thread-7] INFO  o.example.zalu.server.ClientHandler - Server: Xử lý LOGIN_REQUEST: LOGIN_REQUEST|hylee|123456
2025-12-27 14:05:26.633 [Thread-7] INFO  o.example.zalu.server.ClientHandler - Server: Login thành công, gửi LOGIN_RESPONSE cho user 1
2025-12-27 14:05:26.687 [Global-Listener] INFO  o.e.zalu.client.ChatEventManager - Received string message: LOGIN_RESPONSE|SUCCESS|1
2025-12-27 14:05:26.692 [Global-Listener] INFO  o.e.zalu.client.ChatEventManager - ChatEventManager: Current userId set to 1
2025-12-27 14:05:26.702 [JavaFX Application Thread] INFO  o.e.z.c.auth.LoginController - Login successful for user: hylee
2025-12-27 14:05:26.729 [Global-Listener] INFO  o.e.zalu.client.ChatEventManager - Received List<Integer> #1: [2, 17, 22, 23, 24, 25] (friends, pending, or online users?)
2025-12-27 14:05:26.796 [JavaFX Application Thread] INFO  o.e.zalu.controller.MainController - DAOs and Managers initialized
2025-12-27 14:05:26.904 [Global-Listener] INFO  o.e.zalu.client.ChatEventManager - Received 131 messages total, grouped into 8 conversations
2025-12-27 14:05:26.988 [JavaFX Application Thread] INFO  o.e.zalu.controller.MainController - Sub-controllers loaded for the first time
2025-12-27 14:05:27.004 [JavaFX Application Thread] INFO  o.e.zalu.controller.MainController - Welcome view (welcome-view.fxml) displayed successfully
2025-12-27 14:05:27.004 [JavaFX Application Thread] INFO  o.e.zalu.controller.MainController - MainController stage set
2025-12-27 14:05:27.004 [JavaFX Application Thread] INFO  o.e.zalu.controller.MainController - MainController currentUserId set to: 1
2025-12-27 14:05:27.006 [JavaFX Application Thread] INFO  o.e.zalu.controller.ChatListManager - Refreshing friend list for userId: 1
2025-12-27 14:05:27.007 [Global-Listener] INFO  org.example.zalu.client.ClientCache - Client cache loaded from disk: 7 users, 9 conversations
2025-12-27 14:05:27.007 [pool-2-thread-1] INFO  org.example.zalu.client.ChatClient - Gửi: GET_FRIENDS_LIST_FULL|1
2025-12-27 14:05:27.009 [pool-2-thread-1] INFO  org.example.zalu.client.ChatClient - Gửi: GET_GROUPS|1
2025-12-27 14:05:27.009 [pool-2-thread-1] INFO  org.example.zalu.client.ChatClient - Gửi: GET_USER_BY_ID|1
2025-12-27 14:05:27.026 [Thread-7] INFO  o.example.zalu.server.ClientHandler - ✓ hylee (ID: 1) đăng nhập thành công
2025-12-27 14:05:27.125 [Global-Listener] INFO  org.example.zalu.client.ClientCache - Client cache saved to disk.
2025-12-27 14:05:27.227 [Global-Listener] INFO  org.example.zalu.client.ClientCache - Client cache saved to disk.
2025-12-27 14:05:27.283 [Global-Listener] INFO  org.example.zalu.client.ClientCache - Client cache saved to disk.
2025-12-27 14:05:27.323 [JavaFX Application Thread] INFO  o.e.zalu.controller.MainController - DAOs and Managers initialized
2025-12-27 14:05:27.334 [Global-Listener] INFO  org.example.zalu.client.ClientCache - Client cache saved to disk.
2025-12-27 14:05:27.364 [JavaFX Application Thread] INFO  o.e.zalu.controller.MainController - Sub-controllers loaded for the first time
2025-12-27 14:05:27.369 [JavaFX Application Thread] INFO  o.e.zalu.controller.MainController - Welcome view (welcome-view.fxml) displayed successfully
2025-12-27 14:05:27.369 [JavaFX Application Thread] INFO  o.e.zalu.controller.MainController - MainController stage set
2025-12-27 14:05:27.370 [JavaFX Application Thread] INFO  o.e.zalu.controller.MainController - MainController currentUserId set to: 1
2025-12-27 14:05:27.370 [JavaFX Application Thread] INFO  o.e.zalu.controller.ChatListManager - Refreshing friend list for userId: 1
2025-12-27 14:05:27.370 [pool-2-thread-1] INFO  org.example.zalu.client.ChatClient - Gửi: GET_FRIENDS_LIST_FULL|1
2025-12-27 14:05:27.371 [pool-2-thread-1] INFO  org.example.zalu.client.ChatClient - Gửi: GET_GROUPS|1
2025-12-27 14:05:27.372 [pool-2-thread-1] INFO  org.example.zalu.client.ChatClient - Gửi: GET_USER_BY_ID|1
2025-12-27 14:05:27.381 [Global-Listener] INFO  org.example.zalu.client.ClientCache - Client cache saved to disk.
2025-12-27 14:05:27.417 [Global-Listener] INFO  org.example.zalu.client.ClientCache - Client cache saved to disk.
2025-12-27 14:05:27.446 [JavaFX Application Thread] INFO  o.e.zalu.client.ChatEventManager - ✓ Đăng nhập thành công! UserID = 1
2025-12-27 14:05:27.457 [Global-Listener] INFO  org.example.zalu.client.ClientCache - Client cache saved to disk.
2025-12-27 14:05:27.495 [Global-Listener] INFO  org.example.zalu.client.ClientCache - Client cache saved to disk.
2025-12-27 14:05:27.498 [JavaFX Application Thread] INFO  o.e.zalu.controller.MainController - onMessagesReceived: 131 messages
2025-12-27 14:05:27.499 [Global-Listener] INFO  o.e.zalu.client.ChatEventManager - Received List<GroupInfo>: 2 groups
2025-12-27 14:05:27.501 [Global-Listener] INFO  o.e.zalu.client.ChatEventManager - Received List<Integer> #2: [1] (friends, pending, or online users?)
2025-12-27 14:05:27.501 [Global-Listener] INFO  o.e.zalu.client.ChatEventManager - Received unread count map: 1 entries
2025-12-27 14:05:27.506 [Global-Listener] INFO  o.e.zalu.client.ChatEventManager - Received List<GroupInfo>: 2 groups
2025-12-27 14:05:27.507 [JavaFX Application Thread] INFO  o.e.zalu.controller.ChatListManager - Received groups update: 2 groups
2025-12-27 14:05:27.508 [Global-Listener] INFO  o.e.zalu.client.ChatEventManager - Received List<GroupInfo>: 2 groups
2025-12-27 14:05:27.513 [JavaFX Application Thread] INFO  o.e.zalu.controller.ChatListManager - Pre-fetched top 2 conversations in background
2025-12-27 14:05:27.513 [pool-2-thread-1] INFO  org.example.zalu.client.ChatClient - Gửi: GET_GROUP_CONVERSATION|1|1
2025-12-27 14:05:27.513 [JavaFX Application Thread] INFO  o.e.zalu.controller.ChatListManager - Friend list refreshed with 0 friends and 2 groups
2025-12-27 14:05:27.514 [pool-2-thread-1] INFO  org.example.zalu.client.ChatClient - Gửi: GET_GROUP_CONVERSATION|1|2
2025-12-27 14:05:27.514 [JavaFX Application Thread] INFO  o.e.zalu.controller.ChatListManager - Received online users list: 1 users
2025-12-27 14:05:27.516 [JavaFX Application Thread] INFO  o.e.zalu.controller.ChatListManager - Received unread count map: 1 entries
2025-12-27 14:05:27.551 [Global-Listener] INFO  o.e.zalu.client.ChatEventManager - Caching history for chatId -1: 7 messages
2025-12-27 14:05:27.596 [Global-Listener] INFO  org.example.zalu.client.ClientCache - Client cache saved to disk.
2025-12-27 14:05:27.600 [Global-Listener] INFO  o.e.zalu.client.ChatEventManager - Caching history for chatId -2: 16 messages
2025-12-27 14:05:27.608 [JavaFX Application Thread] INFO  o.e.zalu.controller.ChatListManager - Received full friend list: 6 friends
2025-12-27 14:05:27.609 [pool-2-thread-1] INFO  org.example.zalu.client.ChatClient - Gửi: GET_USER_AVATAR|2
2025-12-27 14:05:27.610 [pool-2-thread-1] INFO  org.example.zalu.client.ChatClient - Gửi: GET_USER_AVATAR|17
2025-12-27 14:05:27.611 [pool-2-thread-1] INFO  org.example.zalu.client.ChatClient - Gửi: GET_USER_AVATAR|22
2025-12-27 14:05:27.612 [pool-2-thread-1] INFO  org.example.zalu.client.ChatClient - Gửi: GET_USER_AVATAR|23
2025-12-27 14:05:27.612 [pool-2-thread-1] INFO  org.example.zalu.client.ChatClient - Gửi: GET_USER_AVATAR|24
2025-12-27 14:05:27.613 [pool-2-thread-1] INFO  org.example.zalu.client.ChatClient - Gửi: GET_USER_AVATAR|25
2025-12-27 14:05:27.638 [Global-Listener] INFO  org.example.zalu.client.ClientCache - Client cache saved to disk.
2025-12-27 14:05:27.639 [Global-Listener] INFO  o.e.zalu.client.ChatEventManager - Received string message: USER_AVATAR|2|0
2025-12-27 14:05:27.640 [Global-Listener] INFO  o.e.zalu.client.ChatEventManager - Received string message: USER_AVATAR|17|0
2025-12-27 14:05:27.641 [Global-Listener] INFO  o.e.zalu.client.ChatEventManager - Received string message: USER_AVATAR|22|0
2025-12-27 14:05:27.641 [Global-Listener] INFO  o.e.zalu.client.ChatEventManager - Received string message: USER_AVATAR|23|0
2025-12-27 14:05:27.641 [Global-Listener] INFO  o.e.zalu.client.ChatEventManager - Received string message: USER_AVATAR|24|0
2025-12-27 14:05:27.672 [JavaFX Application Thread] INFO  o.e.zalu.controller.ChatListManager - Pre-fetched top 5 conversations in background
2025-12-27 14:05:27.672 [pool-2-thread-1] INFO  org.example.zalu.client.ChatClient - Gửi: GET_CONVERSATION|1|17
2025-12-27 14:05:27.673 [JavaFX Application Thread] INFO  o.e.zalu.controller.ChatListManager - Friend list refreshed with 6 friends and 2 groups
2025-12-27 14:05:27.673 [pool-2-thread-1] INFO  org.example.zalu.client.ChatClient - Gửi: GET_CONVERSATION|1|22
2025-12-27 14:05:27.673 [pool-2-thread-1] INFO  org.example.zalu.client.ChatClient - Gửi: GET_GROUP_CONVERSATION|1|1
2025-12-27 14:05:27.674 [pool-2-thread-1] INFO  org.example.zalu.client.ChatClient - Gửi: GET_CONVERSATION|1|2
2025-12-27 14:05:27.674 [JavaFX Application Thread] INFO  o.e.zalu.controller.ChatListManager - Received groups update: 2 groups
2025-12-27 14:05:27.674 [pool-2-thread-1] INFO  org.example.zalu.client.ChatClient - Gửi: GET_GROUP_CONVERSATION|1|2
2025-12-27 14:05:27.675 [Global-Listener] INFO  o.e.zalu.client.ChatEventManager - Received string message: USER_AVATAR|25|1377614
2025-12-27 14:05:27.694 [JavaFX Application Thread] INFO  o.e.zalu.controller.ChatListManager - Pre-fetched top 5 conversations in background
2025-12-27 14:05:27.694 [pool-2-thread-1] INFO  org.example.zalu.client.ChatClient - Gửi: GET_CONVERSATION|1|17
2025-12-27 14:05:27.694 [JavaFX Application Thread] INFO  o.e.zalu.controller.ChatListManager - Friend list refreshed with 6 friends and 2 groups
2025-12-27 14:05:27.695 [pool-2-thread-1] INFO  org.example.zalu.client.ChatClient - Gửi: GET_CONVERSATION|1|22
2025-12-27 14:05:27.696 [pool-2-thread-1] INFO  org.example.zalu.client.ChatClient - Gửi: GET_GROUP_CONVERSATION|1|1
2025-12-27 14:05:27.696 [pool-2-thread-1] INFO  org.example.zalu.client.ChatClient - Gửi: GET_CONVERSATION|1|2
2025-12-27 14:05:27.696 [pool-2-thread-1] INFO  org.example.zalu.client.ChatClient - Gửi: GET_GROUP_CONVERSATION|1|2
2025-12-27 14:05:27.712 [JavaFX Application Thread] INFO  o.e.zalu.controller.ChatListManager - Received full friend list: 6 friends
2025-12-27 14:05:27.713 [pool-2-thread-1] INFO  org.example.zalu.client.ChatClient - Gửi: GET_USER_AVATAR|2
2025-12-27 14:05:27.714 [pool-2-thread-1] INFO  org.example.zalu.client.ChatClient - Gửi: GET_USER_AVATAR|17
2025-12-27 14:05:27.714 [pool-2-thread-1] INFO  org.example.zalu.client.ChatClient - Gửi: GET_USER_AVATAR|22
2025-12-27 14:05:27.714 [pool-2-thread-1] INFO  org.example.zalu.client.ChatClient - Gửi: GET_USER_AVATAR|23
2025-12-27 14:05:27.714 [pool-2-thread-1] INFO  org.example.zalu.client.ChatClient - Gửi: GET_USER_AVATAR|24
2025-12-27 14:05:27.716 [pool-2-thread-1] INFO  org.example.zalu.client.ChatClient - Gửi: GET_USER_AVATAR|25
2025-12-27 14:05:27.719 [Global-Listener] INFO  o.e.zalu.client.ChatEventManager - Received byte data: 1377614 bytes
2025-12-27 14:05:27.733 [JavaFX Application Thread] INFO  o.e.zalu.controller.ChatListManager - Pre-fetched top 5 conversations in background
2025-12-27 14:05:27.733 [pool-2-thread-1] INFO  org.example.zalu.client.ChatClient - Gửi: GET_CONVERSATION|1|17
2025-12-27 14:05:27.733 [JavaFX Application Thread] INFO  o.e.zalu.controller.ChatListManager - Friend list refreshed with 6 friends and 2 groups
2025-12-27 14:05:27.733 [pool-2-thread-1] INFO  org.example.zalu.client.ChatClient - Gửi: GET_CONVERSATION|1|22
2025-12-27 14:05:27.735 [pool-2-thread-1] INFO  org.example.zalu.client.ChatClient - Gửi: GET_GROUP_CONVERSATION|1|1
2025-12-27 14:05:27.735 [pool-2-thread-1] INFO  org.example.zalu.client.ChatClient - Gửi: GET_CONVERSATION|1|2
2025-12-27 14:05:27.735 [JavaFX Application Thread] INFO  o.e.zalu.controller.ChatListManager - Received groups update: 2 groups
2025-12-27 14:05:27.735 [pool-2-thread-1] INFO  org.example.zalu.client.ChatClient - Gửi: GET_GROUP_CONVERSATION|1|2
2025-12-27 14:05:27.754 [JavaFX Application Thread] INFO  o.e.zalu.controller.ChatListManager - Pre-fetched top 5 conversations in background
2025-12-27 14:05:27.754 [pool-2-thread-1] INFO  org.example.zalu.client.ChatClient - Gửi: GET_CONVERSATION|1|17
2025-12-27 14:05:27.754 [JavaFX Application Thread] INFO  o.e.zalu.controller.ChatListManager - Friend list refreshed with 6 friends and 2 groups
2025-12-27 14:05:27.756 [pool-2-thread-1] INFO  org.example.zalu.client.ChatClient - Gửi: GET_CONVERSATION|1|22
2025-12-27 14:05:27.756 [pool-2-thread-1] INFO  org.example.zalu.client.ChatClient - Gửi: GET_GROUP_CONVERSATION|1|1
2025-12-27 14:05:27.757 [pool-2-thread-1] INFO  org.example.zalu.client.ChatClient - Gửi: GET_CONVERSATION|1|2
2025-12-27 14:05:27.757 [pool-2-thread-1] INFO  org.example.zalu.client.ChatClient - Gửi: GET_GROUP_CONVERSATION|1|2
2025-12-27 14:05:28.044 [Global-Listener] INFO  o.e.zalu.client.ChatEventManager - Caching history for chatId 17: 20 messages
2025-12-27 14:05:28.114 [Global-Listener] INFO  org.example.zalu.client.ClientCache - Client cache saved to disk.
2025-12-27 14:05:28.170 [Global-Listener] INFO  o.e.zalu.client.ChatEventManager - Caching history for chatId 22: 36 messages
2025-12-27 14:05:28.282 [Global-Listener] INFO  org.example.zalu.client.ClientCache - Client cache saved to disk.
2025-12-27 14:05:28.284 [Global-Listener] INFO  o.e.zalu.client.ChatEventManager - Caching history for chatId -1: 7 messages
2025-12-27 14:05:28.375 [Global-Listener] INFO  org.example.zalu.client.ClientCache - Client cache saved to disk.
2025-12-27 14:05:28.377 [Global-Listener] INFO  o.e.zalu.client.ChatEventManager - Caching history for chatId 2: 28 messages
2025-12-27 14:05:28.478 [Global-Listener] INFO  org.example.zalu.client.ClientCache - Client cache saved to disk.
2025-12-27 14:05:28.480 [Global-Listener] INFO  o.e.zalu.client.ChatEventManager - Caching history for chatId -2: 16 messages
2025-12-27 14:05:28.568 [Global-Listener] INFO  org.example.zalu.client.ClientCache - Client cache saved to disk.
2025-12-27 14:05:28.648 [Global-Listener] INFO  o.e.zalu.client.ChatEventManager - Caching history for chatId 17: 20 messages
2025-12-27 14:05:28.725 [Global-Listener] INFO  org.example.zalu.client.ClientCache - Client cache saved to disk.
2025-12-27 14:05:28.735 [Global-Listener] INFO  o.e.zalu.client.ChatEventManager - Caching history for chatId 22: 36 messages
2025-12-27 14:05:28.838 [Global-Listener] INFO  org.example.zalu.client.ClientCache - Client cache saved to disk.
2025-12-27 14:05:28.840 [Global-Listener] INFO  o.e.zalu.client.ChatEventManager - Caching history for chatId -1: 7 messages
2025-12-27 14:05:28.985 [Global-Listener] INFO  org.example.zalu.client.ClientCache - Client cache saved to disk.
2025-12-27 14:05:28.991 [Global-Listener] INFO  o.e.zalu.client.ChatEventManager - Caching history for chatId 2: 28 messages
2025-12-27 14:05:29.084 [Global-Listener] INFO  org.example.zalu.client.ClientCache - Client cache saved to disk.
2025-12-27 14:05:29.086 [Global-Listener] INFO  o.e.zalu.client.ChatEventManager - Caching history for chatId -2: 16 messages
2025-12-27 14:05:29.176 [Global-Listener] INFO  org.example.zalu.client.ClientCache - Client cache saved to disk.
2025-12-27 14:05:29.177 [Global-Listener] INFO  o.e.zalu.client.ChatEventManager - Received string message: USER_AVATAR|2|0
2025-12-27 14:05:29.177 [Global-Listener] INFO  o.e.zalu.client.ChatEventManager - Received string message: USER_AVATAR|17|0
2025-12-27 14:05:29.177 [Global-Listener] INFO  o.e.zalu.client.ChatEventManager - Received string message: USER_AVATAR|22|0
2025-12-27 14:05:29.178 [Global-Listener] INFO  o.e.zalu.client.ChatEventManager - Received string message: USER_AVATAR|23|0
2025-12-27 14:05:29.178 [Global-Listener] INFO  o.e.zalu.client.ChatEventManager - Received string message: USER_AVATAR|24|0
2025-12-27 14:05:29.178 [Global-Listener] INFO  o.e.zalu.client.ChatEventManager - Received string message: USER_AVATAR|25|1377614
2025-12-27 14:05:29.182 [Global-Listener] INFO  o.e.zalu.client.ChatEventManager - Received byte data: 1377614 bytes
2025-12-27 14:05:29.242 [Global-Listener] INFO  o.e.zalu.client.ChatEventManager - Caching history for chatId 17: 20 messages
2025-12-27 14:05:29.316 [Global-Listener] INFO  org.example.zalu.client.ClientCache - Client cache saved to disk.
2025-12-27 14:05:29.323 [Global-Listener] INFO  o.e.zalu.client.ChatEventManager - Caching history for chatId 22: 36 messages
2025-12-27 14:05:29.404 [Global-Listener] INFO  org.example.zalu.client.ClientCache - Client cache saved to disk.
2025-12-27 14:05:29.406 [Global-Listener] INFO  o.e.zalu.client.ChatEventManager - Caching history for chatId -1: 7 messages
2025-12-27 14:05:29.485 [Global-Listener] INFO  org.example.zalu.client.ClientCache - Client cache saved to disk.
2025-12-27 14:05:29.488 [Global-Listener] INFO  o.e.zalu.client.ChatEventManager - Caching history for chatId 2: 28 messages
2025-12-27 14:05:29.570 [Global-Listener] INFO  org.example.zalu.client.ClientCache - Client cache saved to disk.
2025-12-27 14:05:29.572 [Global-Listener] INFO  o.e.zalu.client.ChatEventManager - Caching history for chatId -2: 16 messages
2025-12-27 14:05:29.647 [Global-Listener] INFO  org.example.zalu.client.ClientCache - Client cache saved to disk.
2025-12-27 14:05:29.711 [Global-Listener] INFO  o.e.zalu.client.ChatEventManager - Caching history for chatId 17: 20 messages
2025-12-27 14:05:29.807 [Global-Listener] INFO  org.example.zalu.client.ClientCache - Client cache saved to disk.
2025-12-27 14:05:29.819 [Global-Listener] INFO  o.e.zalu.client.ChatEventManager - Caching history for chatId 22: 36 messages
2025-12-27 14:05:29.874 [JavaFX Application Thread] INFO  o.e.zalu.controller.MainController - Logout triggered for userId: 1
2025-12-27 14:05:29.894 [Global-Listener] INFO  org.example.zalu.client.ClientCache - Client cache saved to disk.
2025-12-27 14:05:29.897 [Global-Listener] INFO  o.e.zalu.client.ChatEventManager - Caching history for chatId -1: 7 messages
2025-12-27 14:05:30.012 [Global-Listener] INFO  org.example.zalu.client.ClientCache - Client cache saved to disk.
2025-12-27 14:05:30.013 [Global-Listener] INFO  o.e.zalu.client.ChatEventManager - Caching history for chatId 2: 28 messages
2025-12-27 14:05:30.086 [Global-Listener] INFO  org.example.zalu.client.ClientCache - Client cache saved to disk.
2025-12-27 14:05:30.088 [Global-Listener] INFO  o.e.zalu.client.ChatEventManager - Caching history for chatId -2: 16 messages
2025-12-27 14:05:30.161 [Global-Listener] INFO  org.example.zalu.client.ClientCache - Client cache saved to disk.
2025-12-27 14:05:30.997 [JavaFX Application Thread] INFO  org.example.zalu.client.ChatClient - Đã gửi LOGOUT tới server
2025-12-27 14:05:30.997 [Thread-7] INFO  o.example.zalu.server.ClientHandler - User 1 đăng xuất chủ động
2025-12-27 14:05:30.999 [Global-Listener] INFO  o.e.zalu.client.ChatEventManager - Received string message: LOGOUT_OK
2025-12-27 14:05:31.000 [Global-Listener] WARN  o.e.zalu.client.ChatEventManager - Unknown event type: java.lang.String
2025-12-27 14:05:31.199 [JavaFX Application Thread] INFO  org.example.zalu.client.ChatClient - Đã ngắt kết nối sạch sẽ – không reconnect tự động
2025-12-27 14:05:31.199 [Thread-7] INFO  o.example.zalu.server.ClientHandler - Server: Client 1 đã đóng kết nối (EOF)
2025-12-27 14:05:31.200 [JavaFX Application Thread] INFO  o.e.zalu.controller.MainController - Resetting data flags for logout...
2025-12-27 14:05:31.200 [Thread-7] INFO  o.example.zalu.server.ClientHandler - User 1 đã thoát
2025-12-27 14:05:31.203 [JavaFX Application Thread] INFO  o.e.zalu.controller.MainController - Data flags reset completed
2025-12-27 14:05:31.212 [JavaFX Application Thread] INFO  o.e.z.c.auth.LoginController - === Khởi động Auto-Discovery ===
2025-12-27 14:05:31.215 [ServerDiscovery-Thread] INFO  o.e.z.c.auth.LoginController - Bắt đầu quá trình tìm kiếm server tự động...
2025-12-27 14:05:31.215 [ServerDiscovery-Thread] INFO  o.e.z.client.ServerDiscoveryClient - === Bắt đầu tìm kiếm Server trong mạng LAN ===
2025-12-27 14:05:31.216 [ServerDiscovery-Thread] INFO  o.e.z.client.ServerDiscoveryClient - Discovery Port: 8888
2025-12-27 14:05:31.216 [ServerDiscovery-Thread] INFO  o.e.z.client.ServerDiscoveryClient - Timeout: 3000ms
2025-12-27 14:05:31.216 [ServerDiscovery-Thread] INFO  o.e.z.client.ServerDiscoveryClient - ✓ UDP Socket đã khởi tạo
2025-12-27 14:05:31.218 [ServerDiscovery-Thread] INFO  o.e.z.client.ServerDiscoveryClient - ✓ Broadcast mode: ENABLED
2025-12-27 14:05:31.218 [ServerDiscovery-Thread] INFO  o.e.z.client.ServerDiscoveryClient - ✓ Timeout: 3000ms
2025-12-27 14:05:31.220 [ServerDiscovery-Thread] INFO  o.e.z.client.ServerDiscoveryClient - >>> [Broadcast #1] Sent to 255.255.255.255:8888
2025-12-27 14:05:31.220 [ServerDiscovery-Thread] INFO  o.e.z.client.ServerDiscoveryClient - Đang quét các network interfaces...
2025-12-27 14:05:31.220 [Discovery-Listener] INFO  o.e.z.server.ServerDiscoveryListener - >>> [Request #1] Discovery request từ 10.219.179.108:63451
2025-12-27 14:05:31.223 [Discovery-Listener] INFO  o.e.z.server.ServerDiscoveryListener - <<< [Response #1] Đã gửi response tới 10.219.179.108:63451 - TCP Port: 5000
2025-12-27 14:05:31.223 [ServerDiscovery-Thread] INFO  o.e.z.client.ServerDiscoveryClient -   [Interface #1] WAN Miniport (IP)-WFP Native MAC Layer LightWeight Filter-0000 - ACTIVE
2025-12-27 14:05:31.223 [ServerDiscovery-Thread] INFO  o.e.z.client.ServerDiscoveryClient -   [Interface #2] WAN Miniport (IP)-QoS Packet Scheduler-0000 - ACTIVE
2025-12-27 14:05:31.225 [ServerDiscovery-Thread] INFO  o.e.z.client.ServerDiscoveryClient -   [Interface #3] WAN Miniport (IPv6)-WFP Native MAC Layer LightWeight Filter-0000 - ACTIVE
2025-12-27 14:05:31.225 [ServerDiscovery-Thread] INFO  o.e.z.client.ServerDiscoveryClient -   [Interface #4] WAN Miniport (IPv6)-QoS Packet Scheduler-0000 - ACTIVE
2025-12-27 14:05:31.226 [ServerDiscovery-Thread] INFO  o.e.z.client.ServerDiscoveryClient -   [Interface #5] WAN Miniport (Network Monitor)-WFP Native MAC Layer LightWeight Filter-0000 - ACTIVE
2025-12-27 14:05:31.226 [ServerDiscovery-Thread] INFO  o.e.z.client.ServerDiscoveryClient -   [Interface #6] WAN Miniport (Network Monitor)-QoS Packet Scheduler-0000 - ACTIVE
2025-12-27 14:05:31.227 [ServerDiscovery-Thread] INFO  o.e.z.client.ServerDiscoveryClient -   [Interface #8] WAN Miniport (IP) - ACTIVE
2025-12-27 14:05:31.227 [ServerDiscovery-Thread] INFO  o.e.z.client.ServerDiscoveryClient -   [Interface #9] WAN Miniport (IPv6) - ACTIVE
2025-12-27 14:05:31.227 [ServerDiscovery-Thread] INFO  o.e.z.client.ServerDiscoveryClient -   [Interface #10] WAN Miniport (Network Monitor) - ACTIVE
2025-12-27 14:05:31.228 [ServerDiscovery-Thread] INFO  o.e.z.client.ServerDiscoveryClient -   [Interface #14] Intel(R) Wi-Fi 6E AX211 160MHz-WFP Native MAC Layer LightWeight Filter-0000 - ACTIVE
2025-12-27 14:05:31.230 [ServerDiscovery-Thread] INFO  o.e.z.client.ServerDiscoveryClient -   [Interface #15] Intel(R) Wi-Fi 6E AX211 160MHz-Virtual WiFi Filter Driver-0000 - ACTIVE
2025-12-27 14:05:31.232 [ServerDiscovery-Thread] INFO  o.e.z.client.ServerDiscoveryClient -   [Interface #16] Intel(R) Wi-Fi 6E AX211 160MHz-Native WiFi Filter Driver-0000 - ACTIVE
2025-12-27 14:05:31.232 [ServerDiscovery-Thread] INFO  o.e.z.client.ServerDiscoveryClient -   [Interface #17] Intel(R) Wi-Fi 6E AX211 160MHz-QoS Packet Scheduler-0000 - ACTIVE
2025-12-27 14:05:31.233 [ServerDiscovery-Thread] INFO  o.e.z.client.ServerDiscoveryClient -   [Interface #18] Intel(R) Wi-Fi 6E AX211 160MHz-WFP 802.3 MAC Layer LightWeight Filter-0000 - ACTIVE
2025-12-27 14:05:31.238 [ServerDiscovery-Thread] INFO  o.e.z.client.ServerDiscoveryClient -   [Interface #27] Intel(R) Wi-Fi 6E AX211 160MHz - ACTIVE
2025-12-27 14:05:31.240 [ServerDiscovery-Thread] INFO  o.e.z.client.ServerDiscoveryClient -     >>> [Broadcast #2] Sent to 10.219.179.255 (Intel(R) Wi-Fi 6E AX211 160MHz)
2025-12-27 14:05:31.240 [Discovery-Listener] INFO  o.e.z.server.ServerDiscoveryListener - >>> [Request #2] Discovery request từ 10.219.179.108:63451
2025-12-27 14:05:31.241 [Discovery-Listener] INFO  o.e.z.server.ServerDiscoveryListener - <<< [Response #2] Đã gửi response tới 10.219.179.108:63451 - TCP Port: 5000
2025-12-27 14:05:31.242 [ServerDiscovery-Thread] INFO  o.e.z.client.ServerDiscoveryClient - ✓ Đã quét 36 network interfaces
2025-12-27 14:05:31.244 [ServerDiscovery-Thread] INFO  o.e.z.client.ServerDiscoveryClient - === Tổng số broadcast packets gửi đi: 2 ===
2025-12-27 14:05:31.244 [ServerDiscovery-Thread] INFO  o.e.z.client.ServerDiscoveryClient - Đang chờ nhận phản hồi từ server (timeout: 3000ms)...
2025-12-27 14:05:31.244 [ServerDiscovery-Thread] INFO  o.e.z.client.ServerDiscoveryClient - <<< Nhận phản hồi từ 10.219.179.108:8888 (0ms)
2025-12-27 14:05:31.244 [ServerDiscovery-Thread] INFO  o.e.z.client.ServerDiscoveryClient - === ✓ TÌM THẤY SERVER ===
2025-12-27 14:05:31.244 [ServerDiscovery-Thread] INFO  o.e.z.client.ServerDiscoveryClient - Server Address: 10.219.179.108
2025-12-27 14:05:31.246 [ServerDiscovery-Thread] INFO  o.e.z.client.ServerDiscoveryClient - TCP Port: 5000
2025-12-27 14:05:31.246 [ServerDiscovery-Thread] INFO  o.e.z.client.ServerDiscoveryClient - Response Time: 0ms
2025-12-27 14:05:31.412 [JavaFX Application Thread] INFO  o.e.zalu.controller.MainController - Logout successful
2025-12-27 14:05:31.415 [JavaFX Application Thread] ERROR org.example.zalu.ZaluApplication - ⚠ LỖI KHÔNG MONG MUỐN (UNCAUGHT EXCEPTION): Cannot invoke "java.util.function.Consumer.accept(Object)" because "org.example.zalu.client.ChatEventManager.broadcastCallback" is null
java.lang.NullPointerException: Cannot invoke "java.util.function.Consumer.accept(Object)" because "org.example.zalu.client.ChatEventManager.broadcastCallback" is null
	at org.example.zalu@1.0-SNAPSHOT/org.example.zalu.client.ChatEventManager.lambda$processEvent$43(ChatEventManager.java:797)
	at javafx.graphics@21/com.sun.javafx.application.PlatformImpl.lambda$runLater$10(PlatformImpl.java:456)
	at java.base/java.security.AccessController.doPrivileged(AccessController.java:400)
	at javafx.graphics@21/com.sun.javafx.application.PlatformImpl.lambda$runLater$11(PlatformImpl.java:455)
	at javafx.graphics@21/com.sun.glass.ui.InvokeLaterDispatcher$Future.run(InvokeLaterDispatcher.java:95)
	at javafx.graphics@21/com.sun.glass.ui.win.WinApplication._runLoop(Native Method)
	at javafx.graphics@21/com.sun.glass.ui.win.WinApplication.lambda$runLoop$3(WinApplication.java:185)
	at java.base/java.lang.Thread.run(Thread.java:1583)
2025-12-27 14:05:31.421 [JavaFX Application Thread] INFO  o.e.z.c.auth.LoginController - === ✓ Auto-Discovery Thành Công ===
2025-12-27 14:05:31.422 [JavaFX Application Thread] INFO  o.e.z.c.auth.LoginController - Server được tìm thấy: 10.219.179.108:5000
2025-12-27 14:05:31.422 [JavaFX Application Thread] INFO  o.e.z.c.auth.LoginController - Thời gian tìm kiếm: 32ms
2025-12-27 14:05:31.422 [JavaFX Application Thread] INFO  org.example.zalu.client.ChatClient - Đã cập nhật cấu hình server: 10.219.179.108:5000
2025-12-27 14:05:31.423 [JavaFX Application Thread] INFO  org.example.zalu.client.ChatClient - Đã ngắt kết nối sạch sẽ – không reconnect tự động
2025-12-27 14:05:31.424 [JavaFX Application Thread] INFO  o.e.z.c.auth.LoginController - Đã cấu hình ChatClient với server: 10.219.179.108:5000
2025-12-27 14:05:31.424 [JavaFX Application Thread] INFO  o.e.z.c.auth.LoginController - === Kết thúc Auto-Discovery ===
2025-12-27 14:05:37.808 [JavaFX Application Thread] INFO  org.example.zalu.client.ChatClient - Chưa kết nối server, đang thử kết nối...
2025-12-27 14:05:37.809 [JavaFX Application Thread] INFO  org.example.zalu.client.ChatClient - === Đang kết nối đến Server ===
2025-12-27 14:05:37.809 [JavaFX Application Thread] INFO  org.example.zalu.client.ChatClient - Server Address: 10.219.179.108
2025-12-27 14:05:37.809 [JavaFX Application Thread] INFO  org.example.zalu.client.ChatClient - Server Port: 5000
2025-12-27 14:05:37.811 [Thread-5] INFO  org.example.zalu.server.ChatServer - ✅ Client mới kết nối: /10.219.179.108
2025-12-27 14:05:37.814 [JavaFX Application Thread] INFO  org.example.zalu.client.ChatClient - === ✓ Kết nối thành công ===
2025-12-27 14:05:37.814 [JavaFX Application Thread] INFO  org.example.zalu.client.ChatClient - Connected to: 10.219.179.108:5000
2025-12-27 14:05:37.814 [JavaFX Application Thread] INFO  org.example.zalu.client.ChatClient - Socket timeout: 120s
2025-12-27 14:05:37.816 [JavaFX Application Thread] INFO  org.example.zalu.client.ChatClient - Buffer size: 2MB
2025-12-27 14:05:37.816 [Global-Listener] INFO  org.example.zalu.client.ChatClient - Global listener đã khởi động
2025-12-27 14:05:37.918 [pool-2-thread-1] INFO  org.example.zalu.client.ChatClient - Gửi: LOGIN_REQUEST|mydt|123456
2025-12-27 14:05:37.918 [Thread-8] INFO  o.example.zalu.server.ClientHandler - Server: Xử lý LOGIN_REQUEST: LOGIN_REQUEST|mydt|123456
2025-12-27 14:05:38.090 [Thread-8] INFO  o.example.zalu.server.ClientHandler - Server: Login thành công, gửi LOGIN_RESPONSE cho user 17
2025-12-27 14:05:38.092 [Global-Listener] INFO  o.e.zalu.client.ChatEventManager - Received string message: LOGIN_RESPONSE|SUCCESS|17
2025-12-27 14:05:38.093 [Global-Listener] INFO  o.e.zalu.client.ChatEventManager - ChatEventManager: Current userId set to 17
2025-12-27 14:05:38.096 [Global-Listener] INFO  o.e.zalu.client.ChatEventManager - Received List<Integer> #1: [1] (friends, pending, or online users?)
2025-12-27 14:05:38.099 [JavaFX Application Thread] INFO  o.e.z.c.auth.LoginController - Login successful for user: mydt
2025-12-27 14:05:38.116 [JavaFX Application Thread] INFO  o.e.zalu.controller.MainController - DAOs and Managers initialized
2025-12-27 14:05:38.124 [Global-Listener] INFO  o.e.zalu.client.ChatEventManager - Received 21 messages total, grouped into 2 conversations
2025-12-27 14:05:38.153 [JavaFX Application Thread] INFO  o.e.zalu.controller.MainController - Sub-controllers loaded for the first time
2025-12-27 14:05:38.183 [JavaFX Application Thread] INFO  o.e.zalu.controller.MainController - Welcome view (welcome-view.fxml) displayed successfully
2025-12-27 14:05:38.189 [JavaFX Application Thread] INFO  o.e.zalu.controller.MainController - MainController stage set
2025-12-27 14:05:38.190 [JavaFX Application Thread] INFO  o.e.zalu.controller.MainController - MainController currentUserId set to: 17
2025-12-27 14:05:38.192 [Thread-8] INFO  o.example.zalu.server.ClientHandler - ✓ mydt (ID: 17) đăng nhập thành công
2025-12-27 14:05:38.194 [JavaFX Application Thread] INFO  o.e.zalu.controller.ChatListManager - Refreshing friend list for userId: 17
2025-12-27 14:05:38.195 [pool-2-thread-1] INFO  org.example.zalu.client.ChatClient - Gửi: GET_FRIENDS_LIST_FULL|17
2025-12-27 14:05:38.211 [pool-2-thread-1] INFO  org.example.zalu.client.ChatClient - Gửi: GET_GROUPS|17
2025-12-27 14:05:38.211 [pool-2-thread-1] INFO  org.example.zalu.client.ChatClient - Gửi: GET_USER_BY_ID|17
2025-12-27 14:05:38.242 [Global-Listener] INFO  org.example.zalu.client.ClientCache - Client cache saved to disk.
2025-12-27 14:05:38.304 [Global-Listener] INFO  org.example.zalu.client.ClientCache - Client cache saved to disk.
2025-12-27 14:05:38.306 [Global-Listener] INFO  o.e.zalu.client.ChatEventManager - Received List<Integer> #2: [17] (friends, pending, or online users?)
2025-12-27 14:05:38.309 [Global-Listener] WARN  o.e.zalu.client.ChatEventManager - Unknown event type: java.util.HashMap
2025-12-27 14:05:38.318 [JavaFX Application Thread] INFO  o.e.zalu.controller.MainController - DAOs and Managers initialized
2025-12-27 14:05:38.369 [JavaFX Application Thread] INFO  o.e.zalu.controller.MainController - Sub-controllers loaded for the first time
2025-12-27 14:05:38.373 [JavaFX Application Thread] INFO  o.e.zalu.controller.MainController - Welcome view (welcome-view.fxml) displayed successfully
2025-12-27 14:05:38.374 [JavaFX Application Thread] INFO  o.e.zalu.controller.MainController - MainController stage set
2025-12-27 14:05:38.375 [JavaFX Application Thread] INFO  o.e.zalu.controller.MainController - MainController currentUserId set to: 17
2025-12-27 14:05:38.375 [JavaFX Application Thread] INFO  o.e.zalu.controller.ChatListManager - Refreshing friend list for userId: 17
2025-12-27 14:05:38.376 [pool-2-thread-1] INFO  org.example.zalu.client.ChatClient - Gửi: GET_FRIENDS_LIST_FULL|17
2025-12-27 14:05:38.377 [pool-2-thread-1] INFO  org.example.zalu.client.ChatClient - Gửi: GET_GROUPS|17
2025-12-27 14:05:38.377 [pool-2-thread-1] INFO  org.example.zalu.client.ChatClient - Gửi: GET_USER_BY_ID|17
2025-12-27 14:05:38.444 [JavaFX Application Thread] INFO  o.e.zalu.client.ChatEventManager - ✓ Đăng nhập thành công! UserID = 17
2025-12-27 14:05:38.450 [JavaFX Application Thread] INFO  o.e.zalu.controller.MainController - onMessagesReceived: 21 messages
2025-12-27 14:05:38.454 [pool-2-thread-1] INFO  org.example.zalu.client.ChatClient - Gửi: GET_FRIENDS_LIST_FULL|17
2025-12-27 14:05:38.455 [JavaFX Application Thread] INFO  o.e.zalu.controller.ChatListManager - Received online users list: 1 users
2025-12-27 14:05:38.459 [JavaFX Application Thread] INFO  o.e.zalu.controller.ChatListManager - Received full friend list: 1 friends
2025-12-27 14:05:38.465 [pool-2-thread-1] INFO  org.example.zalu.client.ChatClient - Gửi: GET_USER_AVATAR|1
2025-12-27 14:05:38.467 [JavaFX Application Thread] INFO  o.e.zalu.controller.ChatListManager - Pre-fetched top 1 conversations in background
2025-12-27 14:05:38.474 [pool-2-thread-1] INFO  org.example.zalu.client.ChatClient - Gửi: GET_CONVERSATION|17|1
2025-12-27 14:05:38.476 [JavaFX Application Thread] INFO  o.e.zalu.controller.ChatListManager - Friend list refreshed with 1 friends and 0 groups
2025-12-27 14:05:38.482 [Global-Listener] INFO  o.e.zalu.client.ChatEventManager - Received string message: USER_AVATAR|1|77699
2025-12-27 14:05:38.483 [Global-Listener] INFO  o.e.zalu.client.ChatEventManager - Received byte data: 77699 bytes
2025-12-27 14:05:38.496 [JavaFX Application Thread] INFO  o.e.zalu.controller.ChatListManager - Received full friend list: 1 friends
2025-12-27 14:05:38.502 [JavaFX Application Thread] INFO  o.e.zalu.controller.ChatListManager - Pre-fetched top 1 conversations in background
2025-12-27 14:05:38.503 [pool-2-thread-1] INFO  org.example.zalu.client.ChatClient - Gửi: GET_CONVERSATION|17|1
2025-12-27 14:05:38.505 [JavaFX Application Thread] INFO  o.e.zalu.controller.ChatListManager - Friend list refreshed with 1 friends and 0 groups
2025-12-27 14:05:38.564 [JavaFX Application Thread] INFO  o.e.zalu.controller.ChatListManager - Received full friend list: 1 friends
2025-12-27 14:05:38.570 [JavaFX Application Thread] INFO  o.e.zalu.controller.ChatListManager - Pre-fetched top 1 conversations in background
2025-12-27 14:05:38.570 [JavaFX Application Thread] INFO  o.e.zalu.controller.ChatListManager - Friend list refreshed with 1 friends and 0 groups
2025-12-27 14:05:38.570 [pool-2-thread-1] INFO  org.example.zalu.client.ChatClient - Gửi: GET_CONVERSATION|17|1
2025-12-27 14:05:38.831 [Global-Listener] INFO  o.e.zalu.client.ChatEventManager - Caching history for chatId 1: 20 messages
2025-12-27 14:05:38.904 [Global-Listener] INFO  org.example.zalu.client.ClientCache - Client cache saved to disk.
2025-12-27 14:05:39.162 [Global-Listener] INFO  o.e.zalu.client.ChatEventManager - Caching history for chatId 1: 20 messages
2025-12-27 14:05:39.267 [Global-Listener] INFO  org.example.zalu.client.ClientCache - Client cache saved to disk.
2025-12-27 14:05:39.430 [Global-Listener] INFO  o.e.zalu.client.ChatEventManager - Caching history for chatId 1: 20 messages
2025-12-27 14:05:39.553 [Global-Listener] INFO  org.example.zalu.client.ClientCache - Client cache saved to disk.
2025-12-27 14:05:40.866 [JavaFX Application Thread] INFO  o.e.zalu.controller.MainController - Selection changed to: Lê Quang Huy (isWelcomeMode: true)
2025-12-27 14:05:40.903 [JavaFX Application Thread] INFO  o.e.zalu.controller.MainController - Loading chat for: Lê Quang Huy
2025-12-27 14:05:40.903 [JavaFX Application Thread] INFO  o.e.zalu.controller.MainController - Reloading chat for: Lê Quang Huy
2025-12-27 14:05:40.905 [JavaFX Application Thread] INFO  o.e.zalu.controller.MainController - Using cached messages for friend 1: 20 messages
2025-12-27 14:05:40.911 [pool-2-thread-1] INFO  org.example.zalu.client.ChatClient - Gửi: GET_PINNED_MESSAGES|17|1|false
2025-12-27 14:05:41.238 [pool-2-thread-1] INFO  org.example.zalu.client.ChatClient - Gửi: MARK_AS_READ|17|1
2025-12-27 14:05:41.239 [pool-2-thread-1] INFO  org.example.zalu.client.ChatClient - Gửi: GET_CONVERSATION|17|1
2025-12-27 14:05:41.477 [Global-Listener] INFO  o.e.zalu.client.ChatEventManager - Caching history for chatId 1: 20 messages
2025-12-27 14:05:41.580 [Global-Listener] INFO  org.example.zalu.client.ClientCache - Client cache saved to disk.
2025-12-27 14:05:44.231 [JavaFX Application Thread] INFO  o.e.zalu.controller.MainController - Reloading chat for: Lê Quang Huy
2025-12-27 14:05:44.231 [JavaFX Application Thread] INFO  o.e.zalu.controller.MainController - Using cached messages for friend 1: 20 messages
2025-12-27 14:05:44.232 [pool-2-thread-1] INFO  org.example.zalu.client.ChatClient - Gửi: GET_CONVERSATION|17|1
2025-12-27 14:05:44.451 [Global-Listener] INFO  o.e.zalu.client.ChatEventManager - Caching history for chatId 1: 20 messages
2025-12-27 14:05:44.536 [Global-Listener] INFO  org.example.zalu.client.ClientCache - Client cache saved to disk.
2025-12-27 14:07:44.596 [Global-Listener] WARN  org.example.zalu.client.ChatClient - Mất kết nối bất ngờ → thử reconnect...
2025-12-27 14:07:44.733 [JavaFX Application Thread] INFO  org.example.zalu.client.ChatClient - Đang thử kết nối lại...
2025-12-27 14:07:44.744 [JavaFX Application Thread] INFO  org.example.zalu.client.ChatClient - === Đang kết nối đến Server ===
2025-12-27 14:07:44.745 [JavaFX Application Thread] INFO  org.example.zalu.client.ChatClient - Server Address: 10.219.179.108
2025-12-27 14:07:44.748 [JavaFX Application Thread] INFO  org.example.zalu.client.ChatClient - Server Port: 5000
2025-12-27 14:07:44.741 [Thread-8] INFO  o.example.zalu.server.ClientHandler - Server: Client 17 đã đóng kết nối (EOF)
2025-12-27 14:07:44.758 [Thread-8] INFO  o.example.zalu.server.ClientHandler - User 17 đã thoát
2025-12-27 14:07:44.772 [Thread-5] INFO  org.example.zalu.server.ChatServer - ✅ Client mới kết nối: /10.219.179.108
2025-12-27 14:07:44.781 [JavaFX Application Thread] INFO  org.example.zalu.client.ChatClient - === ✓ Kết nối thành công ===
2025-12-27 14:07:44.781 [JavaFX Application Thread] INFO  org.example.zalu.client.ChatClient - Connected to: 10.219.179.108:5000
2025-12-27 14:07:44.786 [JavaFX Application Thread] INFO  org.example.zalu.client.ChatClient - Socket timeout: 120s
2025-12-27 14:07:44.786 [JavaFX Application Thread] INFO  org.example.zalu.client.ChatClient - Buffer size: 2MB
2025-12-27 14:07:44.786 [JavaFX Application Thread] INFO  org.example.zalu.client.ChatClient - ✓ Kết nối lại thành công sau 1 lần thử!
2025-12-27 14:07:44.799 [Global-Listener] INFO  org.example.zalu.client.ChatClient - Global listener đã khởi động
2025-12-27 14:07:44.809 [JavaFX Application Thread] INFO  org.example.zalu.client.ChatClient - Đã gửi yêu cầu khôi phục session cho userId=17
2025-12-27 14:07:44.830 [Thread-9] INFO  o.example.zalu.server.ClientHandler - Khôi phục session thành công cho userId 17
2025-12-27 14:07:44.830 [Global-Listener] INFO  o.e.zalu.client.ChatEventManager - Received string message: RESUME_SESSION|OK
2025-12-27 14:07:44.836 [Global-Listener] INFO  o.e.zalu.client.ChatEventManager - ✓ Khôi phục session thành công, yêu cầu tải lại nhóm
2025-12-27 14:07:44.840 [Global-Listener] INFO  o.e.zalu.client.ChatEventManager - Received string message: FRIENDS_UPDATE
2025-12-27 14:07:44.840 [Global-Listener] WARN  o.e.zalu.client.ChatEventManager - Unknown event type: java.lang.String
2025-12-27 14:07:44.844 [Global-Listener] INFO  o.e.zalu.client.ChatEventManager - Received string message: GROUPS_UPDATE
2025-12-27 14:07:44.845 [pool-2-thread-1] INFO  org.example.zalu.client.ChatClient - Gửi: GET_GROUPS|17
2025-12-27 14:07:44.845 [Global-Listener] WARN  o.e.zalu.client.ChatEventManager - Unknown event type: java.lang.String
2025-12-27 14:07:44.849 [pool-2-thread-1] INFO  org.example.zalu.client.ChatClient - Gửi: GET_GROUPS|17
2025-12-27 14:08:57.238 [Thread-9] INFO  o.example.zalu.server.ClientHandler - Server: Client 17 đã đóng kết nối (Socket): Connection reset
2025-12-27 14:08:57.254 [Thread-9] INFO  o.example.zalu.server.ClientHandler - User 17 đã thoát
2025-12-27 14:08:59.539 [JavaFX Application Thread] INFO  org.example.zalu.ZaluApplication - === Khởi động Zalu Client ===
2025-12-27 14:08:59.540 [JavaFX Application Thread] INFO  org.example.zalu.ZaluApplication - ⚠ License check đã bị vô hiệu hóa – dùng cho môi trường phát triển.
2025-12-27 14:08:59.542 [JavaFX Application Thread] INFO  org.example.zalu.ZaluApplication - ℹ Sẽ tìm kiếm server tự động qua UDP Discovery...
2025-12-27 14:08:59.916 [JavaFX Application Thread] INFO  o.e.z.c.auth.LoginController - === Khởi động Auto-Discovery ===
2025-12-27 14:08:59.919 [ServerDiscovery-Thread] INFO  o.e.z.c.auth.LoginController - Bắt đầu quá trình tìm kiếm server tự động...
2025-12-27 14:08:59.921 [ServerDiscovery-Thread] INFO  o.e.z.client.ServerDiscoveryClient - === Bắt đầu tìm kiếm Server trong mạng LAN ===
2025-12-27 14:08:59.921 [ServerDiscovery-Thread] INFO  o.e.z.client.ServerDiscoveryClient - Discovery Port: 8888
2025-12-27 14:08:59.923 [ServerDiscovery-Thread] INFO  o.e.z.client.ServerDiscoveryClient - Timeout: 3000ms
2025-12-27 14:08:59.936 [ServerDiscovery-Thread] INFO  o.e.z.client.ServerDiscoveryClient - ✓ UDP Socket đã khởi tạo
2025-12-27 14:08:59.938 [ServerDiscovery-Thread] INFO  o.e.z.client.ServerDiscoveryClient - ✓ Broadcast mode: ENABLED
2025-12-27 14:08:59.938 [ServerDiscovery-Thread] INFO  o.e.z.client.ServerDiscoveryClient - ✓ Timeout: 3000ms
2025-12-27 14:08:59.939 [ServerDiscovery-Thread] INFO  o.e.z.client.ServerDiscoveryClient - >>> [Broadcast #1] Sent to 255.255.255.255:8888
2025-12-27 14:08:59.941 [ServerDiscovery-Thread] INFO  o.e.z.client.ServerDiscoveryClient - Đang quét các network interfaces...
2025-12-27 14:08:59.948 [ServerDiscovery-Thread] INFO  o.e.z.client.ServerDiscoveryClient -   [Interface #1] WAN Miniport (IP)-WFP Native MAC Layer LightWeight Filter-0000 - ACTIVE
2025-12-27 14:08:59.949 [ServerDiscovery-Thread] INFO  o.e.z.client.ServerDiscoveryClient -   [Interface #2] WAN Miniport (IP)-QoS Packet Scheduler-0000 - ACTIVE
2025-12-27 14:08:59.949 [ServerDiscovery-Thread] INFO  o.e.z.client.ServerDiscoveryClient -   [Interface #3] WAN Miniport (IPv6)-WFP Native MAC Layer LightWeight Filter-0000 - ACTIVE
2025-12-27 14:08:59.949 [ServerDiscovery-Thread] INFO  o.e.z.client.ServerDiscoveryClient -   [Interface #4] WAN Miniport (IPv6)-QoS Packet Scheduler-0000 - ACTIVE
2025-12-27 14:08:59.949 [ServerDiscovery-Thread] INFO  o.e.z.client.ServerDiscoveryClient -   [Interface #5] WAN Miniport (Network Monitor)-WFP Native MAC Layer LightWeight Filter-0000 - ACTIVE
2025-12-27 14:08:59.951 [ServerDiscovery-Thread] INFO  o.e.z.client.ServerDiscoveryClient -   [Interface #6] WAN Miniport (Network Monitor)-QoS Packet Scheduler-0000 - ACTIVE
2025-12-27 14:08:59.951 [ServerDiscovery-Thread] INFO  o.e.z.client.ServerDiscoveryClient -   [Interface #8] WAN Miniport (IP) - ACTIVE
2025-12-27 14:08:59.951 [Discovery-Listener] INFO  o.e.z.server.ServerDiscoveryListener - >>> [Request #3] Discovery request từ 10.219.179.108:58465
2025-12-27 14:08:59.952 [ServerDiscovery-Thread] INFO  o.e.z.client.ServerDiscoveryClient -   [Interface #9] WAN Miniport (IPv6) - ACTIVE
2025-12-27 14:08:59.953 [ServerDiscovery-Thread] INFO  o.e.z.client.ServerDiscoveryClient -   [Interface #10] WAN Miniport (Network Monitor) - ACTIVE
2025-12-27 14:08:59.954 [ServerDiscovery-Thread] INFO  o.e.z.client.ServerDiscoveryClient -   [Interface #14] Intel(R) Wi-Fi 6E AX211 160MHz-WFP Native MAC Layer LightWeight Filter-0000 - ACTIVE
2025-12-27 14:08:59.954 [Discovery-Listener] INFO  o.e.z.server.ServerDiscoveryListener - <<< [Response #3] Đã gửi response tới 10.219.179.108:58465 - TCP Port: 5000
2025-12-27 14:08:59.955 [ServerDiscovery-Thread] INFO  o.e.z.client.ServerDiscoveryClient -   [Interface #15] Intel(R) Wi-Fi 6E AX211 160MHz-Virtual WiFi Filter Driver-0000 - ACTIVE
2025-12-27 14:08:59.956 [ServerDiscovery-Thread] INFO  o.e.z.client.ServerDiscoveryClient -   [Interface #16] Intel(R) Wi-Fi 6E AX211 160MHz-Native WiFi Filter Driver-0000 - ACTIVE
2025-12-27 14:08:59.958 [ServerDiscovery-Thread] INFO  o.e.z.client.ServerDiscoveryClient -   [Interface #17] Intel(R) Wi-Fi 6E AX211 160MHz-QoS Packet Scheduler-0000 - ACTIVE
2025-12-27 14:08:59.959 [ServerDiscovery-Thread] INFO  o.e.z.client.ServerDiscoveryClient -   [Interface #18] Intel(R) Wi-Fi 6E AX211 160MHz-WFP 802.3 MAC Layer LightWeight Filter-0000 - ACTIVE
2025-12-27 14:08:59.962 [ServerDiscovery-Thread] INFO  o.e.z.client.ServerDiscoveryClient -   [Interface #27] Intel(R) Wi-Fi 6E AX211 160MHz - ACTIVE
2025-12-27 14:08:59.963 [ServerDiscovery-Thread] INFO  o.e.z.client.ServerDiscoveryClient -     >>> [Broadcast #2] Sent to 10.219.179.255 (Intel(R) Wi-Fi 6E AX211 160MHz)
2025-12-27 14:08:59.963 [Discovery-Listener] INFO  o.e.z.server.ServerDiscoveryListener - >>> [Request #4] Discovery request từ 10.219.179.108:58465
2025-12-27 14:08:59.964 [Discovery-Listener] INFO  o.e.z.server.ServerDiscoveryListener - <<< [Response #4] Đã gửi response tới 10.219.179.108:58465 - TCP Port: 5000
2025-12-27 14:08:59.964 [ServerDiscovery-Thread] INFO  o.e.z.client.ServerDiscoveryClient - ✓ Đã quét 36 network interfaces
2025-12-27 14:08:59.964 [ServerDiscovery-Thread] INFO  o.e.z.client.ServerDiscoveryClient - === Tổng số broadcast packets gửi đi: 2 ===
2025-12-27 14:08:59.966 [ServerDiscovery-Thread] INFO  o.e.z.client.ServerDiscoveryClient - Đang chờ nhận phản hồi từ server (timeout: 3000ms)...
2025-12-27 14:08:59.968 [ServerDiscovery-Thread] INFO  o.e.z.client.ServerDiscoveryClient - <<< Nhận phản hồi từ 10.219.179.108:8888 (2ms)
2025-12-27 14:08:59.970 [ServerDiscovery-Thread] INFO  o.e.z.client.ServerDiscoveryClient - === ✓ TÌM THẤY SERVER ===
2025-12-27 14:08:59.970 [ServerDiscovery-Thread] INFO  o.e.z.client.ServerDiscoveryClient - Server Address: 10.219.179.108
2025-12-27 14:08:59.970 [ServerDiscovery-Thread] INFO  o.e.z.client.ServerDiscoveryClient - TCP Port: 5000
2025-12-27 14:08:59.971 [ServerDiscovery-Thread] INFO  o.e.z.client.ServerDiscoveryClient - Response Time: 2ms
2025-12-27 14:09:00.558 [JavaFX Application Thread] INFO  org.example.zalu.ZaluApplication - ✓ Zalu Client đã khởi động thành công!
2025-12-27 14:09:00.559 [JavaFX Application Thread] INFO  org.example.zalu.ZaluApplication -    Kích thước cố định: 1200.0 x 777.0
2025-12-27 14:09:00.559 [JavaFX Application Thread] INFO  org.example.zalu.ZaluApplication -    UDP Auto-Discovery: ENABLED
2025-12-27 14:09:00.561 [JavaFX Application Thread] INFO  o.e.z.c.auth.LoginController - === ✓ Auto-Discovery Thành Công ===
2025-12-27 14:09:00.561 [JavaFX Application Thread] INFO  o.e.z.c.auth.LoginController - Server được tìm thấy: 10.219.179.108:5000
2025-12-27 14:09:00.561 [JavaFX Application Thread] INFO  o.e.z.c.auth.LoginController - Thời gian tìm kiếm: 51ms
2025-12-27 14:09:00.564 [JavaFX Application Thread] INFO  org.example.zalu.client.ChatClient - ✓ Đã đọc cấu hình từ server.properties: localhost:5000
2025-12-27 14:09:00.564 [JavaFX Application Thread] INFO  org.example.zalu.client.ChatClient - ℹ Sử dụng IP mặc định: localhost (để kết nối từ máy khác, cấu hình trong server.properties hoặc dùng -Dserver.address=IP)
2025-12-27 14:09:00.565 [JavaFX Application Thread] INFO  org.example.zalu.client.ChatClient - Đã cập nhật cấu hình server: 10.219.179.108:5000
2025-12-27 14:09:00.565 [JavaFX Application Thread] INFO  org.example.zalu.client.ChatClient - Đã ngắt kết nối sạch sẽ – không reconnect tự động
2025-12-27 14:09:00.567 [JavaFX Application Thread] INFO  o.e.z.c.auth.LoginController - Đã cấu hình ChatClient với server: 10.219.179.108:5000
2025-12-27 14:09:00.568 [JavaFX Application Thread] INFO  o.e.z.c.auth.LoginController - === Kết thúc Auto-Discovery ===
2025-12-27 14:09:05.468 [JavaFX Application Thread] INFO  org.example.zalu.client.ChatClient - Chưa kết nối server, đang thử kết nối...
2025-12-27 14:09:05.469 [JavaFX Application Thread] INFO  org.example.zalu.client.ChatClient - === Đang kết nối đến Server ===
2025-12-27 14:09:05.469 [JavaFX Application Thread] INFO  org.example.zalu.client.ChatClient - Server Address: 10.219.179.108
2025-12-27 14:09:05.469 [JavaFX Application Thread] INFO  org.example.zalu.client.ChatClient - Server Port: 5000
2025-12-27 14:09:05.482 [Thread-5] INFO  org.example.zalu.server.ChatServer - ✅ Client mới kết nối: /10.219.179.108
2025-12-27 14:09:05.494 [JavaFX Application Thread] INFO  org.example.zalu.client.ChatClient - === ✓ Kết nối thành công ===
2025-12-27 14:09:05.494 [JavaFX Application Thread] INFO  org.example.zalu.client.ChatClient - Connected to: 10.219.179.108:5000
2025-12-27 14:09:05.495 [JavaFX Application Thread] INFO  org.example.zalu.client.ChatClient - Socket timeout: 120s
2025-12-27 14:09:05.496 [JavaFX Application Thread] INFO  org.example.zalu.client.ChatClient - Buffer size: 2MB
2025-12-27 14:09:05.496 [Global-Listener] INFO  org.example.zalu.client.ChatClient - Global listener đã khởi động
2025-12-27 14:09:05.620 [pool-2-thread-1] INFO  org.example.zalu.client.ChatClient - Gửi: LOGIN_REQUEST|mydt|123456
2025-12-27 14:09:05.622 [Thread-10] INFO  o.example.zalu.server.ClientHandler - Server: Xử lý LOGIN_REQUEST: LOGIN_REQUEST|mydt|123456
2025-12-27 14:09:05.802 [Thread-10] INFO  o.example.zalu.server.ClientHandler - Server: Login thành công, gửi LOGIN_RESPONSE cho user 17
2025-12-27 14:09:05.810 [Global-Listener] INFO  o.e.zalu.client.ChatEventManager - Received string message: LOGIN_RESPONSE|SUCCESS|17
2025-12-27 14:09:05.811 [Global-Listener] INFO  o.e.zalu.client.ChatEventManager - ChatEventManager: Current userId set to 17
2025-12-27 14:09:05.814 [JavaFX Application Thread] INFO  o.e.z.c.auth.LoginController - Login successful for user: mydt
2025-12-27 14:09:05.822 [Global-Listener] INFO  o.e.zalu.client.ChatEventManager - Received List<Integer> #1: [1] (friends, pending, or online users?)
2025-12-27 14:09:05.863 [Global-Listener] INFO  o.e.zalu.client.ChatEventManager - Received 21 messages total, grouped into 2 conversations
2025-12-27 14:09:05.901 [Thread-10] INFO  o.example.zalu.server.ClientHandler - ✓ mydt (ID: 17) đăng nhập thành công
2025-12-27 14:09:05.918 [JavaFX Application Thread] INFO  o.e.zalu.controller.MainController - DAOs and Managers initialized
2025-12-27 14:09:05.958 [Global-Listener] INFO  org.example.zalu.client.ClientCache - Client cache loaded from disk: 7 users, 9 conversations
2025-12-27 14:09:06.084 [JavaFX Application Thread] INFO  o.e.zalu.controller.MainController - Sub-controllers loaded for the first time
2025-12-27 14:09:06.096 [Global-Listener] INFO  org.example.zalu.client.ClientCache - Client cache saved to disk.
2025-12-27 14:09:06.097 [JavaFX Application Thread] INFO  o.e.zalu.controller.MainController - Welcome view (welcome-view.fxml) displayed successfully
2025-12-27 14:09:06.098 [JavaFX Application Thread] INFO  o.e.zalu.controller.MainController - MainController stage set
2025-12-27 14:09:06.099 [JavaFX Application Thread] INFO  o.e.zalu.controller.MainController - MainController currentUserId set to: 17
2025-12-27 14:09:06.099 [JavaFX Application Thread] INFO  o.e.zalu.controller.ChatListManager - Refreshing friend list for userId: 17
2025-12-27 14:09:06.100 [pool-2-thread-1] INFO  org.example.zalu.client.ChatClient - Gửi: GET_FRIENDS_LIST_FULL|17
2025-12-27 14:09:06.101 [pool-2-thread-1] INFO  org.example.zalu.client.ChatClient - Gửi: GET_GROUPS|17
2025-12-27 14:09:06.102 [pool-2-thread-1] INFO  org.example.zalu.client.ChatClient - Gửi: GET_USER_BY_ID|17
2025-12-27 14:09:06.153 [Global-Listener] INFO  org.example.zalu.client.ClientCache - Client cache saved to disk.
2025-12-27 14:09:06.154 [Global-Listener] INFO  o.e.zalu.client.ChatEventManager - Received List<Integer> #2: [17] (friends, pending, or online users?)
2025-12-27 14:09:06.156 [Global-Listener] WARN  o.e.zalu.client.ChatEventManager - Unknown event type: java.util.HashMap
2025-12-27 14:09:06.559 [JavaFX Application Thread] INFO  o.e.zalu.controller.MainController - DAOs and Managers initialized
2025-12-27 14:09:06.591 [JavaFX Application Thread] INFO  o.e.zalu.controller.MainController - Sub-controllers loaded for the first time
2025-12-27 14:09:06.594 [JavaFX Application Thread] INFO  o.e.zalu.controller.MainController - Welcome view (welcome-view.fxml) displayed successfully
2025-12-27 14:09:06.596 [JavaFX Application Thread] INFO  o.e.zalu.controller.MainController - MainController stage set
2025-12-27 14:09:06.596 [JavaFX Application Thread] INFO  o.e.zalu.controller.MainController - MainController currentUserId set to: 17
2025-12-27 14:09:06.596 [JavaFX Application Thread] INFO  o.e.zalu.controller.ChatListManager - Refreshing friend list for userId: 17
2025-12-27 14:09:06.596 [pool-2-thread-1] INFO  org.example.zalu.client.ChatClient - Gửi: GET_FRIENDS_LIST_FULL|17
2025-12-27 14:09:06.596 [pool-2-thread-1] INFO  org.example.zalu.client.ChatClient - Gửi: GET_GROUPS|17
2025-12-27 14:09:06.598 [pool-2-thread-1] INFO  org.example.zalu.client.ChatClient - Gửi: GET_USER_BY_ID|17
2025-12-27 14:09:06.666 [JavaFX Application Thread] INFO  o.e.zalu.client.ChatEventManager - ✓ Đăng nhập thành công! UserID = 17
2025-12-27 14:09:06.675 [JavaFX Application Thread] INFO  o.e.zalu.controller.MainController - onMessagesReceived: 21 messages
2025-12-27 14:09:06.679 [pool-2-thread-1] INFO  org.example.zalu.client.ChatClient - Gửi: GET_FRIENDS_LIST_FULL|17
2025-12-27 14:09:06.684 [JavaFX Application Thread] INFO  o.e.zalu.controller.ChatListManager - Received online users list: 1 users
2025-12-27 14:09:06.686 [JavaFX Application Thread] INFO  o.e.zalu.controller.ChatListManager - Received full friend list: 1 friends
2025-12-27 14:09:06.687 [pool-2-thread-1] INFO  org.example.zalu.client.ChatClient - Gửi: GET_USER_AVATAR|1
2025-12-27 14:09:06.691 [JavaFX Application Thread] INFO  o.e.zalu.controller.ChatListManager - Pre-fetched top 1 conversations in background
2025-12-27 14:09:06.691 [pool-2-thread-1] INFO  org.example.zalu.client.ChatClient - Gửi: GET_CONVERSATION|17|1
2025-12-27 14:09:06.691 [JavaFX Application Thread] INFO  o.e.zalu.controller.ChatListManager - Friend list refreshed with 1 friends and 0 groups
2025-12-27 14:09:06.694 [Global-Listener] INFO  o.e.zalu.client.ChatEventManager - Received string message: USER_AVATAR|1|77699
2025-12-27 14:09:06.696 [Global-Listener] INFO  o.e.zalu.client.ChatEventManager - Received byte data: 77699 bytes
2025-12-27 14:09:06.729 [JavaFX Application Thread] INFO  o.e.zalu.controller.ChatListManager - Received full friend list: 1 friends
2025-12-27 14:09:06.730 [JavaFX Application Thread] INFO  o.e.zalu.controller.ChatListManager - Pre-fetched top 1 conversations in background
2025-12-27 14:09:06.730 [pool-2-thread-1] INFO  org.example.zalu.client.ChatClient - Gửi: GET_CONVERSATION|17|1
2025-12-27 14:09:06.730 [JavaFX Application Thread] INFO  o.e.zalu.controller.ChatListManager - Friend list refreshed with 1 friends and 0 groups
2025-12-27 14:09:06.838 [JavaFX Application Thread] INFO  o.e.zalu.controller.ChatListManager - Received full friend list: 1 friends
2025-12-27 14:09:06.847 [JavaFX Application Thread] INFO  o.e.zalu.controller.ChatListManager - Pre-fetched top 1 conversations in background
2025-12-27 14:09:06.847 [pool-2-thread-1] INFO  org.example.zalu.client.ChatClient - Gửi: GET_CONVERSATION|17|1
2025-12-27 14:09:06.847 [JavaFX Application Thread] INFO  o.e.zalu.controller.ChatListManager - Friend list refreshed with 1 friends and 0 groups
2025-12-27 14:09:07.157 [Global-Listener] INFO  o.e.zalu.client.ChatEventManager - Caching history for chatId 1: 20 messages
2025-12-27 14:09:07.237 [Global-Listener] INFO  org.example.zalu.client.ClientCache - Client cache saved to disk.
2025-12-27 14:09:07.391 [Global-Listener] INFO  o.e.zalu.client.ChatEventManager - Caching history for chatId 1: 20 messages
2025-12-27 14:09:07.475 [Global-Listener] INFO  org.example.zalu.client.ClientCache - Client cache saved to disk.
2025-12-27 14:09:07.626 [Global-Listener] INFO  o.e.zalu.client.ChatEventManager - Caching history for chatId 1: 20 messages
2025-12-27 14:09:07.740 [Global-Listener] INFO  org.example.zalu.client.ClientCache - Client cache saved to disk.
2025-12-27 14:09:08.089 [JavaFX Application Thread] INFO  o.e.zalu.controller.MainController - Selection changed to: Lê Quang Huy (isWelcomeMode: true)
2025-12-27 14:09:08.142 [JavaFX Application Thread] INFO  o.e.zalu.controller.MainController - Loading chat for: Lê Quang Huy
2025-12-27 14:09:08.143 [JavaFX Application Thread] INFO  o.e.zalu.controller.MainController - Reloading chat for: Lê Quang Huy
2025-12-27 14:09:08.144 [JavaFX Application Thread] INFO  o.e.zalu.controller.MainController - Using cached messages for friend 1: 20 messages
2025-12-27 14:09:08.151 [pool-2-thread-1] INFO  org.example.zalu.client.ChatClient - Gửi: GET_PINNED_MESSAGES|17|1|false
2025-12-27 14:09:08.495 [pool-2-thread-1] INFO  org.example.zalu.client.ChatClient - Gửi: MARK_AS_READ|17|1
2025-12-27 14:09:08.496 [pool-2-thread-1] INFO  org.example.zalu.client.ChatClient - Gửi: GET_CONVERSATION|17|1
2025-12-27 14:09:08.789 [Global-Listener] INFO  o.e.zalu.client.ChatEventManager - Caching history for chatId 1: 20 messages
2025-12-27 14:09:08.864 [Global-Listener] INFO  org.example.zalu.client.ClientCache - Client cache saved to disk.
2025-12-27 14:11:08.916 [Global-Listener] WARN  org.example.zalu.client.ChatClient - Mất kết nối bất ngờ → thử reconnect...
2025-12-27 14:11:09.036 [JavaFX Application Thread] INFO  org.example.zalu.client.ChatClient - Đang thử kết nối lại...
2025-12-27 14:11:09.049 [JavaFX Application Thread] INFO  org.example.zalu.client.ChatClient - === Đang kết nối đến Server ===
2025-12-27 14:11:09.050 [JavaFX Application Thread] INFO  org.example.zalu.client.ChatClient - Server Address: 10.219.179.108
2025-12-27 14:11:09.053 [JavaFX Application Thread] INFO  org.example.zalu.client.ChatClient - Server Port: 5000
2025-12-27 14:11:09.049 [Thread-10] INFO  o.example.zalu.server.ClientHandler - Server: Client 17 đã đóng kết nối (EOF)
2025-12-27 14:11:09.073 [Thread-5] INFO  org.example.zalu.server.ChatServer - ✅ Client mới kết nối: /10.219.179.108
2025-12-27 14:11:09.075 [Thread-10] INFO  o.example.zalu.server.ClientHandler - User 17 đã thoát
2025-12-27 14:11:09.086 [JavaFX Application Thread] INFO  org.example.zalu.client.ChatClient - === ✓ Kết nối thành công ===
2025-12-27 14:11:09.088 [JavaFX Application Thread] INFO  org.example.zalu.client.ChatClient - Connected to: 10.219.179.108:5000
2025-12-27 14:11:09.088 [JavaFX Application Thread] INFO  org.example.zalu.client.ChatClient - Socket timeout: 120s
2025-12-27 14:11:09.088 [JavaFX Application Thread] INFO  org.example.zalu.client.ChatClient - Buffer size: 2MB
2025-12-27 14:11:09.088 [JavaFX Application Thread] INFO  org.example.zalu.client.ChatClient - ✓ Kết nối lại thành công sau 1 lần thử!
2025-12-27 14:11:09.094 [Global-Listener] INFO  org.example.zalu.client.ChatClient - Global listener đã khởi động
2025-12-27 14:11:09.100 [JavaFX Application Thread] INFO  org.example.zalu.client.ChatClient - Đã gửi yêu cầu khôi phục session cho userId=17
2025-12-27 14:11:09.127 [Thread-11] INFO  o.example.zalu.server.ClientHandler - Khôi phục session thành công cho userId 17
2025-12-27 14:11:09.128 [Global-Listener] INFO  o.e.zalu.client.ChatEventManager - Received string message: RESUME_SESSION|OK
2025-12-27 14:11:09.130 [Global-Listener] INFO  o.e.zalu.client.ChatEventManager - ✓ Khôi phục session thành công, yêu cầu tải lại nhóm
2025-12-27 14:11:09.135 [Global-Listener] INFO  o.e.zalu.client.ChatEventManager - Received string message: FRIENDS_UPDATE
2025-12-27 14:11:09.136 [pool-2-thread-1] INFO  org.example.zalu.client.ChatClient - Gửi: GET_GROUPS|17
2025-12-27 14:11:09.138 [Global-Listener] WARN  o.e.zalu.client.ChatEventManager - Unknown event type: java.lang.String
2025-12-27 14:11:09.141 [Global-Listener] INFO  o.e.zalu.client.ChatEventManager - Received string message: GROUPS_UPDATE
2025-12-27 14:11:09.142 [Global-Listener] WARN  o.e.zalu.client.ChatEventManager - Unknown event type: java.lang.String
2025-12-27 14:11:09.142 [pool-2-thread-1] INFO  org.example.zalu.client.ChatClient - Gửi: GET_GROUPS|17
2025-12-27 14:12:58.521 [Thread-11] INFO  o.example.zalu.server.ClientHandler - Server: Client 17 đã đóng kết nối (Socket): Connection reset
2025-12-27 14:12:58.553 [Thread-11] INFO  o.example.zalu.server.ClientHandler - User 17 đã thoát
2025-12-27 14:13:00.733 [JavaFX Application Thread] INFO  org.example.zalu.ZaluApplication - === Khởi động Zalu Client ===
2025-12-27 14:13:00.738 [JavaFX Application Thread] INFO  org.example.zalu.ZaluApplication - ⚠ License check đã bị vô hiệu hóa – dùng cho môi trường phát triển.
2025-12-27 14:13:00.738 [JavaFX Application Thread] INFO  org.example.zalu.ZaluApplication - ℹ Sẽ tìm kiếm server tự động qua UDP Discovery...
2025-12-27 14:13:01.142 [JavaFX Application Thread] INFO  o.e.z.c.auth.LoginController - === Khởi động Auto-Discovery ===
2025-12-27 14:13:01.144 [ServerDiscovery-Thread] INFO  o.e.z.c.auth.LoginController - Bắt đầu quá trình tìm kiếm server tự động...
2025-12-27 14:13:01.147 [ServerDiscovery-Thread] INFO  o.e.z.client.ServerDiscoveryClient - === Bắt đầu tìm kiếm Server trong mạng LAN ===
2025-12-27 14:13:01.148 [ServerDiscovery-Thread] INFO  o.e.z.client.ServerDiscoveryClient - Discovery Port: 8888
2025-12-27 14:13:01.150 [ServerDiscovery-Thread] INFO  o.e.z.client.ServerDiscoveryClient - Timeout: 3000ms
2025-12-27 14:13:01.171 [ServerDiscovery-Thread] INFO  o.e.z.client.ServerDiscoveryClient - ✓ UDP Socket đã khởi tạo
2025-12-27 14:13:01.171 [ServerDiscovery-Thread] INFO  o.e.z.client.ServerDiscoveryClient - ✓ Broadcast mode: ENABLED
2025-12-27 14:13:01.171 [ServerDiscovery-Thread] INFO  o.e.z.client.ServerDiscoveryClient - ✓ Timeout: 3000ms
2025-12-27 14:13:01.174 [ServerDiscovery-Thread] INFO  o.e.z.client.ServerDiscoveryClient - >>> [Broadcast #1] Sent to 255.255.255.255:8888
2025-12-27 14:13:01.175 [ServerDiscovery-Thread] INFO  o.e.z.client.ServerDiscoveryClient - Đang quét các network interfaces...
2025-12-27 14:13:01.181 [ServerDiscovery-Thread] INFO  o.e.z.client.ServerDiscoveryClient -   [Interface #1] WAN Miniport (IP)-WFP Native MAC Layer LightWeight Filter-0000 - ACTIVE
2025-12-27 14:13:01.182 [ServerDiscovery-Thread] INFO  o.e.z.client.ServerDiscoveryClient -   [Interface #2] WAN Miniport (IP)-QoS Packet Scheduler-0000 - ACTIVE
2025-12-27 14:13:01.182 [ServerDiscovery-Thread] INFO  o.e.z.client.ServerDiscoveryClient -   [Interface #3] WAN Miniport (IPv6)-WFP Native MAC Layer LightWeight Filter-0000 - ACTIVE
2025-12-27 14:13:01.183 [ServerDiscovery-Thread] INFO  o.e.z.client.ServerDiscoveryClient -   [Interface #4] WAN Miniport (IPv6)-QoS Packet Scheduler-0000 - ACTIVE
2025-12-27 14:13:01.183 [ServerDiscovery-Thread] INFO  o.e.z.client.ServerDiscoveryClient -   [Interface #5] WAN Miniport (Network Monitor)-WFP Native MAC Layer LightWeight Filter-0000 - ACTIVE
2025-12-27 14:13:01.183 [ServerDiscovery-Thread] INFO  o.e.z.client.ServerDiscoveryClient -   [Interface #6] WAN Miniport (Network Monitor)-QoS Packet Scheduler-0000 - ACTIVE
2025-12-27 14:13:01.184 [ServerDiscovery-Thread] INFO  o.e.z.client.ServerDiscoveryClient -   [Interface #8] WAN Miniport (IP) - ACTIVE
2025-12-27 14:13:01.184 [ServerDiscovery-Thread] INFO  o.e.z.client.ServerDiscoveryClient -   [Interface #9] WAN Miniport (IPv6) - ACTIVE
2025-12-27 14:13:01.185 [ServerDiscovery-Thread] INFO  o.e.z.client.ServerDiscoveryClient -   [Interface #10] WAN Miniport (Network Monitor) - ACTIVE
2025-12-27 14:13:01.186 [ServerDiscovery-Thread] INFO  o.e.z.client.ServerDiscoveryClient -   [Interface #14] Intel(R) Wi-Fi 6E AX211 160MHz-WFP Native MAC Layer LightWeight Filter-0000 - ACTIVE
2025-12-27 14:13:01.192 [ServerDiscovery-Thread] INFO  o.e.z.client.ServerDiscoveryClient -   [Interface #15] Intel(R) Wi-Fi 6E AX211 160MHz-Virtual WiFi Filter Driver-0000 - ACTIVE
2025-12-27 14:13:01.193 [ServerDiscovery-Thread] INFO  o.e.z.client.ServerDiscoveryClient -   [Interface #16] Intel(R) Wi-Fi 6E AX211 160MHz-Native WiFi Filter Driver-0000 - ACTIVE
2025-12-27 14:13:01.194 [ServerDiscovery-Thread] INFO  o.e.z.client.ServerDiscoveryClient -   [Interface #17] Intel(R) Wi-Fi 6E AX211 160MHz-QoS Packet Scheduler-0000 - ACTIVE
2025-12-27 14:13:01.195 [ServerDiscovery-Thread] INFO  o.e.z.client.ServerDiscoveryClient -   [Interface #18] Intel(R) Wi-Fi 6E AX211 160MHz-WFP 802.3 MAC Layer LightWeight Filter-0000 - ACTIVE
2025-12-27 14:13:01.198 [ServerDiscovery-Thread] INFO  o.e.z.client.ServerDiscoveryClient -   [Interface #27] Intel(R) Wi-Fi 6E AX211 160MHz - ACTIVE
2025-12-27 14:13:01.197 [Discovery-Listener] INFO  o.e.z.server.ServerDiscoveryListener - >>> [Request #5] Discovery request từ 10.219.179.108:57235
2025-12-27 14:13:01.199 [ServerDiscovery-Thread] INFO  o.e.z.client.ServerDiscoveryClient -     >>> [Broadcast #2] Sent to 10.219.179.255 (Intel(R) Wi-Fi 6E AX211 160MHz)
2025-12-27 14:13:01.201 [ServerDiscovery-Thread] INFO  o.e.z.client.ServerDiscoveryClient - ✓ Đã quét 36 network interfaces
2025-12-27 14:13:01.201 [ServerDiscovery-Thread] INFO  o.e.z.client.ServerDiscoveryClient - === Tổng số broadcast packets gửi đi: 2 ===
2025-12-27 14:13:01.201 [ServerDiscovery-Thread] INFO  o.e.z.client.ServerDiscoveryClient - Đang chờ nhận phản hồi từ server (timeout: 3000ms)...
2025-12-27 14:13:01.203 [Discovery-Listener] INFO  o.e.z.server.ServerDiscoveryListener - <<< [Response #5] Đã gửi response tới 10.219.179.108:57235 - TCP Port: 5000
2025-12-27 14:13:01.203 [Discovery-Listener] INFO  o.e.z.server.ServerDiscoveryListener - >>> [Request #6] Discovery request từ 10.219.179.108:57235
2025-12-27 14:13:01.204 [Discovery-Listener] INFO  o.e.z.server.ServerDiscoveryListener - <<< [Response #6] Đã gửi response tới 10.219.179.108:57235 - TCP Port: 5000
2025-12-27 14:13:01.204 [ServerDiscovery-Thread] INFO  o.e.z.client.ServerDiscoveryClient - <<< Nhận phản hồi từ 10.219.179.108:8888 (3ms)
2025-12-27 14:13:01.204 [ServerDiscovery-Thread] INFO  o.e.z.client.ServerDiscoveryClient - === ✓ TÌM THẤY SERVER ===
2025-12-27 14:13:01.205 [ServerDiscovery-Thread] INFO  o.e.z.client.ServerDiscoveryClient - Server Address: 10.219.179.108
2025-12-27 14:13:01.206 [ServerDiscovery-Thread] INFO  o.e.z.client.ServerDiscoveryClient - TCP Port: 5000
2025-12-27 14:13:01.206 [ServerDiscovery-Thread] INFO  o.e.z.client.ServerDiscoveryClient - Response Time: 3ms
2025-12-27 14:13:01.850 [JavaFX Application Thread] INFO  org.example.zalu.ZaluApplication - ✓ Zalu Client đã khởi động thành công!
2025-12-27 14:13:01.850 [JavaFX Application Thread] INFO  org.example.zalu.ZaluApplication -    Kích thước cố định: 1200.0 x 777.0
2025-12-27 14:13:01.850 [JavaFX Application Thread] INFO  org.example.zalu.ZaluApplication -    UDP Auto-Discovery: ENABLED
2025-12-27 14:13:01.851 [JavaFX Application Thread] INFO  o.e.z.c.auth.LoginController - === ✓ Auto-Discovery Thành Công ===
2025-12-27 14:13:01.851 [JavaFX Application Thread] INFO  o.e.z.c.auth.LoginController - Server được tìm thấy: 10.219.179.108:5000
2025-12-27 14:13:01.853 [JavaFX Application Thread] INFO  o.e.z.c.auth.LoginController - Thời gian tìm kiếm: 62ms
2025-12-27 14:13:01.857 [JavaFX Application Thread] INFO  org.example.zalu.client.ChatClient - ✓ Đã đọc cấu hình từ server.properties: localhost:5000
2025-12-27 14:13:01.859 [JavaFX Application Thread] INFO  org.example.zalu.client.ChatClient - ℹ Sử dụng IP mặc định: localhost (để kết nối từ máy khác, cấu hình trong server.properties hoặc dùng -Dserver.address=IP)
2025-12-27 14:13:01.861 [JavaFX Application Thread] INFO  org.example.zalu.client.ChatClient - Đã cập nhật cấu hình server: 10.219.179.108:5000
2025-12-27 14:13:01.862 [JavaFX Application Thread] INFO  org.example.zalu.client.ChatClient - Đã ngắt kết nối sạch sẽ – không reconnect tự động
2025-12-27 14:13:01.864 [JavaFX Application Thread] INFO  o.e.z.c.auth.LoginController - Đã cấu hình ChatClient với server: 10.219.179.108:5000
2025-12-27 14:13:01.864 [JavaFX Application Thread] INFO  o.e.z.c.auth.LoginController - === Kết thúc Auto-Discovery ===
2025-12-27 14:13:07.295 [JavaFX Application Thread] INFO  org.example.zalu.client.ChatClient - Chưa kết nối server, đang thử kết nối...
2025-12-27 14:13:07.295 [JavaFX Application Thread] INFO  org.example.zalu.client.ChatClient - === Đang kết nối đến Server ===
2025-12-27 14:13:07.296 [JavaFX Application Thread] INFO  org.example.zalu.client.ChatClient - Server Address: 10.219.179.108
2025-12-27 14:13:07.296 [JavaFX Application Thread] INFO  org.example.zalu.client.ChatClient - Server Port: 5000
2025-12-27 14:13:07.310 [Thread-5] INFO  org.example.zalu.server.ChatServer - ✅ Client mới kết nối: /10.219.179.108
2025-12-27 14:13:07.330 [JavaFX Application Thread] INFO  org.example.zalu.client.ChatClient - === ✓ Kết nối thành công ===
2025-12-27 14:13:07.331 [JavaFX Application Thread] INFO  org.example.zalu.client.ChatClient - Connected to: 10.219.179.108:5000
2025-12-27 14:13:07.332 [JavaFX Application Thread] INFO  org.example.zalu.client.ChatClient - Socket timeout: 120s
2025-12-27 14:13:07.333 [JavaFX Application Thread] INFO  org.example.zalu.client.ChatClient - Buffer size: 2MB
2025-12-27 14:13:07.336 [Global-Listener] INFO  org.example.zalu.client.ChatClient - Global listener đã khởi động
2025-12-27 14:13:07.472 [pool-2-thread-1] INFO  org.example.zalu.client.ChatClient - Gửi: LOGIN_REQUEST|mydt|123456
2025-12-27 14:13:07.479 [Thread-12] INFO  o.example.zalu.server.ClientHandler - Server: Xử lý LOGIN_REQUEST: LOGIN_REQUEST|mydt|123456
2025-12-27 14:13:07.746 [Thread-12] INFO  o.example.zalu.server.ClientHandler - Server: Login thành công, gửi LOGIN_RESPONSE cho user 17
2025-12-27 14:13:07.755 [Global-Listener] INFO  o.e.zalu.client.ChatEventManager - Received string message: LOGIN_RESPONSE|SUCCESS|17
2025-12-27 14:13:07.756 [Global-Listener] INFO  o.e.zalu.client.ChatEventManager - ChatEventManager: Current userId set to 17
2025-12-27 14:13:07.759 [JavaFX Application Thread] INFO  o.e.z.c.auth.LoginController - Login successful for user: mydt
2025-12-27 14:13:07.766 [Global-Listener] INFO  o.e.zalu.client.ChatEventManager - Received List<Integer> #1: [1] (friends, pending, or online users?)
2025-12-27 14:13:07.820 [Global-Listener] INFO  o.e.zalu.client.ChatEventManager - Received 21 messages total, grouped into 2 conversations
2025-12-27 14:13:07.836 [Thread-12] INFO  o.example.zalu.server.ClientHandler - ✓ mydt (ID: 17) đăng nhập thành công
2025-12-27 14:13:07.862 [JavaFX Application Thread] INFO  o.e.zalu.controller.MainController - DAOs and Managers initialized
2025-12-27 14:13:07.909 [Global-Listener] INFO  org.example.zalu.client.ClientCache - Client cache loaded from disk: 7 users, 9 conversations
2025-12-27 14:13:08.011 [JavaFX Application Thread] INFO  o.e.zalu.controller.MainController - Sub-controllers loaded for the first time
2025-12-27 14:13:08.022 [JavaFX Application Thread] INFO  o.e.zalu.controller.MainController - Welcome view (welcome-view.fxml) displayed successfully
2025-12-27 14:13:08.022 [JavaFX Application Thread] INFO  o.e.zalu.controller.MainController - MainController stage set
2025-12-27 14:13:08.022 [JavaFX Application Thread] INFO  o.e.zalu.controller.MainController - MainController currentUserId set to: 17
2025-12-27 14:13:08.023 [JavaFX Application Thread] INFO  o.e.zalu.controller.ChatListManager - Refreshing friend list for userId: 17
2025-12-27 14:13:08.024 [pool-2-thread-1] INFO  org.example.zalu.client.ChatClient - Gửi: GET_FRIENDS_LIST_FULL|17
2025-12-27 14:13:08.024 [pool-2-thread-1] INFO  org.example.zalu.client.ChatClient - Gửi: GET_GROUPS|17
2025-12-27 14:13:08.025 [pool-2-thread-1] INFO  org.example.zalu.client.ChatClient - Gửi: GET_USER_BY_ID|17
2025-12-27 14:13:08.036 [Global-Listener] INFO  org.example.zalu.client.ClientCache - Client cache saved to disk.
2025-12-27 14:13:08.088 [Global-Listener] INFO  org.example.zalu.client.ClientCache - Client cache saved to disk.
2025-12-27 14:13:08.091 [Global-Listener] INFO  o.e.zalu.client.ChatEventManager - Received List<Integer> #2: [17] (friends, pending, or online users?)
2025-12-27 14:13:08.093 [Global-Listener] WARN  o.e.zalu.client.ChatEventManager - Unknown event type: java.util.HashMap
2025-12-27 14:13:08.404 [JavaFX Application Thread] INFO  o.e.zalu.controller.MainController - DAOs and Managers initialized
2025-12-27 14:13:08.445 [JavaFX Application Thread] INFO  o.e.zalu.controller.MainController - Sub-controllers loaded for the first time
2025-12-27 14:13:08.451 [JavaFX Application Thread] INFO  o.e.zalu.controller.MainController - Welcome view (welcome-view.fxml) displayed successfully
2025-12-27 14:13:08.451 [JavaFX Application Thread] INFO  o.e.zalu.controller.MainController - MainController stage set
2025-12-27 14:13:08.451 [JavaFX Application Thread] INFO  o.e.zalu.controller.MainController - MainController currentUserId set to: 17
2025-12-27 14:13:08.451 [JavaFX Application Thread] INFO  o.e.zalu.controller.ChatListManager - Refreshing friend list for userId: 17
2025-12-27 14:13:08.453 [pool-2-thread-1] INFO  org.example.zalu.client.ChatClient - Gửi: GET_FRIENDS_LIST_FULL|17
2025-12-27 14:13:08.453 [pool-2-thread-1] INFO  org.example.zalu.client.ChatClient - Gửi: GET_GROUPS|17
2025-12-27 14:13:08.453 [pool-2-thread-1] INFO  org.example.zalu.client.ChatClient - Gửi: GET_USER_BY_ID|17
2025-12-27 14:13:08.530 [JavaFX Application Thread] INFO  o.e.zalu.client.ChatEventManager - ✓ Đăng nhập thành công! UserID = 17
2025-12-27 14:13:08.532 [JavaFX Application Thread] INFO  o.e.zalu.controller.MainController - onMessagesReceived: 21 messages
2025-12-27 14:13:08.536 [pool-2-thread-1] INFO  org.example.zalu.client.ChatClient - Gửi: GET_FRIENDS_LIST_FULL|17
2025-12-27 14:13:08.547 [JavaFX Application Thread] INFO  o.e.zalu.controller.ChatListManager - Received online users list: 1 users
2025-12-27 14:13:08.548 [JavaFX Application Thread] INFO  o.e.zalu.controller.ChatListManager - Received full friend list: 1 friends
2025-12-27 14:13:08.549 [pool-2-thread-1] INFO  org.example.zalu.client.ChatClient - Gửi: GET_USER_AVATAR|1
2025-12-27 14:13:08.551 [JavaFX Application Thread] INFO  o.e.zalu.controller.ChatListManager - Pre-fetched top 1 conversations in background
2025-12-27 14:13:08.553 [pool-2-thread-1] INFO  org.example.zalu.client.ChatClient - Gửi: GET_CONVERSATION|17|1
2025-12-27 14:13:08.553 [JavaFX Application Thread] INFO  o.e.zalu.controller.ChatListManager - Friend list refreshed with 1 friends and 0 groups
2025-12-27 14:13:08.559 [Global-Listener] INFO  o.e.zalu.client.ChatEventManager - Received string message: USER_AVATAR|1|77699
2025-12-27 14:13:08.561 [Global-Listener] INFO  o.e.zalu.client.ChatEventManager - Received byte data: 77699 bytes
2025-12-27 14:13:08.591 [JavaFX Application Thread] INFO  o.e.zalu.controller.ChatListManager - Received full friend list: 1 friends
2025-12-27 14:13:08.593 [JavaFX Application Thread] INFO  o.e.zalu.controller.ChatListManager - Pre-fetched top 1 conversations in background
2025-12-27 14:13:08.593 [pool-2-thread-1] INFO  org.example.zalu.client.ChatClient - Gửi: GET_CONVERSATION|17|1
2025-12-27 14:13:08.594 [JavaFX Application Thread] INFO  o.e.zalu.controller.ChatListManager - Friend list refreshed with 1 friends and 0 groups
2025-12-27 14:13:08.681 [JavaFX Application Thread] INFO  o.e.zalu.controller.ChatListManager - Received full friend list: 1 friends
2025-12-27 14:13:08.690 [JavaFX Application Thread] INFO  o.e.zalu.controller.ChatListManager - Pre-fetched top 1 conversations in background
2025-12-27 14:13:08.690 [pool-2-thread-1] INFO  org.example.zalu.client.ChatClient - Gửi: GET_CONVERSATION|17|1
2025-12-27 14:13:08.691 [JavaFX Application Thread] INFO  o.e.zalu.controller.ChatListManager - Friend list refreshed with 1 friends and 0 groups
2025-12-27 14:13:08.968 [Global-Listener] INFO  o.e.zalu.client.ChatEventManager - Caching history for chatId 1: 20 messages
2025-12-27 14:13:09.093 [Global-Listener] INFO  org.example.zalu.client.ClientCache - Client cache saved to disk.
2025-12-27 14:13:09.244 [Global-Listener] INFO  o.e.zalu.client.ChatEventManager - Caching history for chatId 1: 20 messages
2025-12-27 14:13:09.409 [Global-Listener] INFO  org.example.zalu.client.ClientCache - Client cache saved to disk.
2025-12-27 14:13:09.414 [JavaFX Application Thread] INFO  o.e.zalu.controller.MainController - Selection changed to: Lê Quang Huy (isWelcomeMode: true)
2025-12-27 14:13:09.449 [JavaFX Application Thread] INFO  o.e.zalu.controller.MainController - Loading chat for: Lê Quang Huy
2025-12-27 14:13:09.449 [JavaFX Application Thread] INFO  o.e.zalu.controller.MainController - Reloading chat for: Lê Quang Huy
2025-12-27 14:13:09.450 [JavaFX Application Thread] INFO  o.e.zalu.controller.MainController - Using cached messages for friend 1: 20 messages
2025-12-27 14:13:09.455 [pool-2-thread-1] INFO  org.example.zalu.client.ChatClient - Gửi: GET_PINNED_MESSAGES|17|1|false
2025-12-27 14:13:09.521 [Global-Listener] INFO  o.e.zalu.client.ChatEventManager - Caching history for chatId 1: 20 messages
2025-12-27 14:13:09.599 [Global-Listener] INFO  org.example.zalu.client.ClientCache - Client cache saved to disk.
2025-12-27 14:13:09.759 [pool-2-thread-1] INFO  org.example.zalu.client.ChatClient - Gửi: MARK_AS_READ|17|1
2025-12-27 14:13:09.760 [pool-2-thread-1] INFO  org.example.zalu.client.ChatClient - Gửi: GET_CONVERSATION|17|1
2025-12-27 14:13:09.761 [JavaFX Application Thread] INFO  o.e.zalu.controller.MainController - Reloading chat for: Lê Quang Huy
2025-12-27 14:13:09.762 [JavaFX Application Thread] INFO  o.e.zalu.controller.MainController - Using cached messages for friend 1: 20 messages
2025-12-27 14:13:09.762 [pool-2-thread-1] INFO  org.example.zalu.client.ChatClient - Gửi: GET_CONVERSATION|17|1
2025-12-27 14:13:10.075 [Global-Listener] INFO  o.e.zalu.client.ChatEventManager - Caching history for chatId 1: 20 messages
2025-12-27 14:13:10.151 [Global-Listener] INFO  org.example.zalu.client.ClientCache - Client cache saved to disk.
2025-12-27 14:13:10.268 [Global-Listener] INFO  o.e.zalu.client.ChatEventManager - Caching history for chatId 1: 20 messages
2025-12-27 14:13:10.344 [Global-Listener] INFO  org.example.zalu.client.ClientCache - Client cache saved to disk.
2025-12-27 14:15:10.372 [Global-Listener] WARN  org.example.zalu.client.ChatClient - Mất kết nối bất ngờ → thử reconnect...
2025-12-27 14:15:10.424 [JavaFX Application Thread] INFO  org.example.zalu.client.ChatClient - Đang thử kết nối lại...
2025-12-27 14:15:10.496 [JavaFX Application Thread] INFO  org.example.zalu.client.ChatClient - === Đang kết nối đến Server ===
2025-12-27 14:15:10.512 [JavaFX Application Thread] INFO  org.example.zalu.client.ChatClient - Server Address: 10.219.179.108
2025-12-27 14:15:10.526 [JavaFX Application Thread] INFO  org.example.zalu.client.ChatClient - Server Port: 5000
2025-12-27 14:15:10.465 [Thread-12] INFO  o.example.zalu.server.ClientHandler - Server: Client 17 đã đóng kết nối (EOF)
2025-12-27 14:15:10.528 [Thread-12] INFO  o.example.zalu.server.ClientHandler - User 17 đã thoát
2025-12-27 14:15:10.535 [Thread-5] INFO  org.example.zalu.server.ChatServer - ✅ Client mới kết nối: /10.219.179.108
2025-12-27 14:15:10.544 [JavaFX Application Thread] INFO  org.example.zalu.client.ChatClient - === ✓ Kết nối thành công ===
2025-12-27 14:15:10.544 [JavaFX Application Thread] INFO  org.example.zalu.client.ChatClient - Connected to: 10.219.179.108:5000
2025-12-27 14:15:10.544 [JavaFX Application Thread] INFO  org.example.zalu.client.ChatClient - Socket timeout: 120s
2025-12-27 14:15:10.546 [JavaFX Application Thread] INFO  org.example.zalu.client.ChatClient - Buffer size: 2MB
2025-12-27 14:15:10.546 [JavaFX Application Thread] INFO  org.example.zalu.client.ChatClient - ✓ Kết nối lại thành công sau 1 lần thử!
2025-12-27 14:15:10.563 [Global-Listener] INFO  org.example.zalu.client.ChatClient - Global listener đã khởi động
2025-12-27 14:15:10.569 [JavaFX Application Thread] INFO  org.example.zalu.client.ChatClient - Đã gửi yêu cầu khôi phục session cho userId=17
2025-12-27 14:15:10.589 [Thread-13] INFO  o.example.zalu.server.ClientHandler - Khôi phục session thành công cho userId 17
2025-12-27 14:15:10.590 [Global-Listener] INFO  o.e.zalu.client.ChatEventManager - Received string message: RESUME_SESSION|OK
2025-12-27 14:15:10.592 [Global-Listener] INFO  o.e.zalu.client.ChatEventManager - ✓ Khôi phục session thành công, yêu cầu tải lại nhóm
2025-12-27 14:15:10.596 [Global-Listener] INFO  o.e.zalu.client.ChatEventManager - Received string message: FRIENDS_UPDATE
2025-12-27 14:15:10.596 [pool-2-thread-1] INFO  org.example.zalu.client.ChatClient - Gửi: GET_GROUPS|17
2025-12-27 14:15:10.604 [Global-Listener] WARN  o.e.zalu.client.ChatEventManager - Unknown event type: java.lang.String
2025-12-27 14:15:10.606 [Global-Listener] INFO  o.e.zalu.client.ChatEventManager - Received string message: GROUPS_UPDATE
2025-12-27 14:15:10.606 [Global-Listener] WARN  o.e.zalu.client.ChatEventManager - Unknown event type: java.lang.String
2025-12-27 14:15:10.607 [pool-2-thread-1] INFO  org.example.zalu.client.ChatClient - Gửi: GET_GROUPS|17
2025-12-27 14:17:10.647 [Global-Listener] WARN  org.example.zalu.client.ChatClient - Mất kết nối bất ngờ → thử reconnect...
2025-12-27 14:17:10.680 [JavaFX Application Thread] INFO  org.example.zalu.client.ChatClient - Đang thử kết nối lại...
2025-12-27 14:17:10.688 [JavaFX Application Thread] INFO  org.example.zalu.client.ChatClient - === Đang kết nối đến Server ===
2025-12-27 14:17:10.688 [JavaFX Application Thread] INFO  org.example.zalu.client.ChatClient - Server Address: 10.219.179.108
2025-12-27 14:17:10.692 [JavaFX Application Thread] INFO  org.example.zalu.client.ChatClient - Server Port: 5000
2025-12-27 14:17:10.690 [Thread-13] INFO  o.example.zalu.server.ClientHandler - Server: Client 17 đã đóng kết nối (EOF)
2025-12-27 14:17:10.704 [Thread-5] INFO  org.example.zalu.server.ChatServer - ✅ Client mới kết nối: /10.219.179.108
2025-12-27 14:17:10.709 [Thread-13] INFO  o.example.zalu.server.ClientHandler - User 17 đã thoát
2025-12-27 14:17:10.722 [JavaFX Application Thread] INFO  org.example.zalu.client.ChatClient - === ✓ Kết nối thành công ===
2025-12-27 14:17:10.725 [JavaFX Application Thread] INFO  org.example.zalu.client.ChatClient - Connected to: 10.219.179.108:5000
2025-12-27 14:17:10.727 [JavaFX Application Thread] INFO  org.example.zalu.client.ChatClient - Socket timeout: 120s
2025-12-27 14:17:10.728 [JavaFX Application Thread] INFO  org.example.zalu.client.ChatClient - Buffer size: 2MB
2025-12-27 14:17:10.728 [JavaFX Application Thread] INFO  org.example.zalu.client.ChatClient - ✓ Kết nối lại thành công sau 1 lần thử!
2025-12-27 14:17:10.733 [JavaFX Application Thread] INFO  org.example.zalu.client.ChatClient - Đã gửi yêu cầu khôi phục session cho userId=17
2025-12-27 14:17:10.733 [Global-Listener] INFO  org.example.zalu.client.ChatClient - Global listener đã khởi động
2025-12-27 14:17:10.749 [Thread-14] INFO  o.example.zalu.server.ClientHandler - Khôi phục session thành công cho userId 17
2025-12-27 14:17:10.750 [Global-Listener] INFO  o.e.zalu.client.ChatEventManager - Received string message: RESUME_SESSION|OK
2025-12-27 14:17:10.751 [Global-Listener] INFO  o.e.zalu.client.ChatEventManager - ✓ Khôi phục session thành công, yêu cầu tải lại nhóm
2025-12-27 14:17:10.758 [Global-Listener] INFO  o.e.zalu.client.ChatEventManager - Received string message: FRIENDS_UPDATE
2025-12-27 14:17:10.759 [pool-2-thread-1] INFO  org.example.zalu.client.ChatClient - Gửi: GET_GROUPS|17
2025-12-27 14:17:10.761 [Global-Listener] WARN  o.e.zalu.client.ChatEventManager - Unknown event type: java.lang.String
2025-12-27 14:17:10.761 [Global-Listener] INFO  o.e.zalu.client.ChatEventManager - Received string message: GROUPS_UPDATE
2025-12-27 14:17:10.761 [Global-Listener] WARN  o.e.zalu.client.ChatEventManager - Unknown event type: java.lang.String
2025-12-27 14:17:10.764 [pool-2-thread-1] INFO  org.example.zalu.client.ChatClient - Gửi: GET_GROUPS|17
2025-12-27 14:18:54.723 [JavaFX Application Thread] INFO  org.example.zalu.server.ChatServer - Đã gửi KICKED message cho user 17
2025-12-27 14:18:54.723 [Global-Listener] INFO  o.e.zalu.client.ChatEventManager - Received string message: KICKED|Bạn đã bị quản trị viên đá khỏi server
2025-12-27 14:18:54.728 [Global-Listener] WARN  o.e.zalu.client.ChatEventManager - ⚠️ Bị kick khỏi server: Bạn đã bị quản trị viên đá khỏi server
2025-12-27 14:18:54.732 [Thread-14] INFO  o.example.zalu.server.ClientHandler - User 17 đăng xuất chủ động
2025-12-27 14:18:54.732 [Global-Listener] INFO  org.example.zalu.client.ChatClient - Đã gửi LOGOUT tới server
2025-12-27 14:18:54.827 [JavaFX Application Thread] INFO  org.example.zalu.server.ChatServer - Admin đã kick user 17
2025-12-27 14:18:54.949 [Thread-14] INFO  o.example.zalu.server.ClientHandler - Server: Client 17 đã đóng kết nối (EOF)
2025-12-27 14:18:54.949 [Global-Listener] INFO  org.example.zalu.client.ChatClient - Đã ngắt kết nối sạch sẽ – không reconnect tự động
2025-12-27 14:18:54.949 [Thread-14] INFO  o.example.zalu.server.ClientHandler - User 17 đã thoát
2025-12-27 14:19:02.832 [JavaFX Application Thread] INFO  o.e.z.c.auth.LoginController - === Khởi động Auto-Discovery ===
2025-12-27 14:19:02.834 [ServerDiscovery-Thread] INFO  o.e.z.c.auth.LoginController - Bắt đầu quá trình tìm kiếm server tự động...
2025-12-27 14:19:02.835 [ServerDiscovery-Thread] INFO  o.e.z.client.ServerDiscoveryClient - === Bắt đầu tìm kiếm Server trong mạng LAN ===
2025-12-27 14:19:02.835 [ServerDiscovery-Thread] INFO  o.e.z.client.ServerDiscoveryClient - Discovery Port: 8888
2025-12-27 14:19:02.836 [ServerDiscovery-Thread] INFO  o.e.z.client.ServerDiscoveryClient - Timeout: 3000ms
2025-12-27 14:19:02.838 [ServerDiscovery-Thread] INFO  o.e.z.client.ServerDiscoveryClient - ✓ UDP Socket đã khởi tạo
2025-12-27 14:19:02.839 [ServerDiscovery-Thread] INFO  o.e.z.client.ServerDiscoveryClient - ✓ Broadcast mode: ENABLED
2025-12-27 14:19:02.839 [ServerDiscovery-Thread] INFO  o.e.z.client.ServerDiscoveryClient - ✓ Timeout: 3000ms
2025-12-27 14:19:02.841 [ServerDiscovery-Thread] INFO  o.e.z.client.ServerDiscoveryClient - >>> [Broadcast #1] Sent to 255.255.255.255:8888
2025-12-27 14:19:02.842 [ServerDiscovery-Thread] INFO  o.e.z.client.ServerDiscoveryClient - Đang quét các network interfaces...
2025-12-27 14:19:02.842 [Discovery-Listener] INFO  o.e.z.server.ServerDiscoveryListener - >>> [Request #7] Discovery request từ 10.219.179.108:61672
2025-12-27 14:19:02.844 [Discovery-Listener] INFO  o.e.z.server.ServerDiscoveryListener - <<< [Response #7] Đã gửi response tới 10.219.179.108:61672 - TCP Port: 5000
2025-12-27 14:19:02.848 [ServerDiscovery-Thread] INFO  o.e.z.client.ServerDiscoveryClient -   [Interface #1] WAN Miniport (IP)-WFP Native MAC Layer LightWeight Filter-0000 - ACTIVE
2025-12-27 14:19:02.849 [ServerDiscovery-Thread] INFO  o.e.z.client.ServerDiscoveryClient -   [Interface #2] WAN Miniport (IP)-QoS Packet Scheduler-0000 - ACTIVE
2025-12-27 14:19:02.850 [ServerDiscovery-Thread] INFO  o.e.z.client.ServerDiscoveryClient -   [Interface #3] WAN Miniport (IPv6)-WFP Native MAC Layer LightWeight Filter-0000 - ACTIVE
2025-12-27 14:19:02.852 [ServerDiscovery-Thread] INFO  o.e.z.client.ServerDiscoveryClient -   [Interface #4] WAN Miniport (IPv6)-QoS Packet Scheduler-0000 - ACTIVE
2025-12-27 14:19:02.853 [ServerDiscovery-Thread] INFO  o.e.z.client.ServerDiscoveryClient -   [Interface #5] WAN Miniport (Network Monitor)-WFP Native MAC Layer LightWeight Filter-0000 - ACTIVE
2025-12-27 14:19:02.854 [ServerDiscovery-Thread] INFO  o.e.z.client.ServerDiscoveryClient -   [Interface #6] WAN Miniport (Network Monitor)-QoS Packet Scheduler-0000 - ACTIVE
2025-12-27 14:19:02.856 [ServerDiscovery-Thread] INFO  o.e.z.client.ServerDiscoveryClient -   [Interface #8] WAN Miniport (IP) - ACTIVE
2025-12-27 14:19:02.856 [ServerDiscovery-Thread] INFO  o.e.z.client.ServerDiscoveryClient -   [Interface #9] WAN Miniport (IPv6) - ACTIVE
2025-12-27 14:19:02.857 [ServerDiscovery-Thread] INFO  o.e.z.client.ServerDiscoveryClient -   [Interface #10] WAN Miniport (Network Monitor) - ACTIVE
2025-12-27 14:19:02.859 [ServerDiscovery-Thread] INFO  o.e.z.client.ServerDiscoveryClient -   [Interface #14] Intel(R) Wi-Fi 6E AX211 160MHz-WFP Native MAC Layer LightWeight Filter-0000 - ACTIVE
2025-12-27 14:19:02.860 [ServerDiscovery-Thread] INFO  o.e.z.client.ServerDiscoveryClient -   [Interface #15] Intel(R) Wi-Fi 6E AX211 160MHz-Virtual WiFi Filter Driver-0000 - ACTIVE
2025-12-27 14:19:02.861 [ServerDiscovery-Thread] INFO  o.e.z.client.ServerDiscoveryClient -   [Interface #16] Intel(R) Wi-Fi 6E AX211 160MHz-Native WiFi Filter Driver-0000 - ACTIVE
2025-12-27 14:19:02.863 [ServerDiscovery-Thread] INFO  o.e.z.client.ServerDiscoveryClient -   [Interface #17] Intel(R) Wi-Fi 6E AX211 160MHz-QoS Packet Scheduler-0000 - ACTIVE
2025-12-27 14:19:02.866 [ServerDiscovery-Thread] INFO  o.e.z.client.ServerDiscoveryClient -   [Interface #18] Intel(R) Wi-Fi 6E AX211 160MHz-WFP 802.3 MAC Layer LightWeight Filter-0000 - ACTIVE
2025-12-27 14:19:02.872 [ServerDiscovery-Thread] INFO  o.e.z.client.ServerDiscoveryClient -   [Interface #27] Intel(R) Wi-Fi 6E AX211 160MHz - ACTIVE
2025-12-27 14:19:02.874 [Discovery-Listener] INFO  o.e.z.server.ServerDiscoveryListener - >>> [Request #8] Discovery request từ 10.219.179.108:61672
2025-12-27 14:19:02.874 [ServerDiscovery-Thread] INFO  o.e.z.client.ServerDiscoveryClient -     >>> [Broadcast #2] Sent to 10.219.179.255 (Intel(R) Wi-Fi 6E AX211 160MHz)
2025-12-27 14:19:02.876 [Discovery-Listener] INFO  o.e.z.server.ServerDiscoveryListener - <<< [Response #8] Đã gửi response tới 10.219.179.108:61672 - TCP Port: 5000
2025-12-27 14:19:02.878 [ServerDiscovery-Thread] INFO  o.e.z.client.ServerDiscoveryClient - ✓ Đã quét 36 network interfaces
2025-12-27 14:19:02.879 [ServerDiscovery-Thread] INFO  o.e.z.client.ServerDiscoveryClient - === Tổng số broadcast packets gửi đi: 2 ===
2025-12-27 14:19:02.879 [ServerDiscovery-Thread] INFO  o.e.z.client.ServerDiscoveryClient - Đang chờ nhận phản hồi từ server (timeout: 3000ms)...
2025-12-27 14:19:02.881 [ServerDiscovery-Thread] INFO  o.e.z.client.ServerDiscoveryClient - <<< Nhận phản hồi từ 10.219.179.108:8888 (0ms)
2025-12-27 14:19:02.881 [ServerDiscovery-Thread] INFO  o.e.z.client.ServerDiscoveryClient - === ✓ TÌM THẤY SERVER ===
2025-12-27 14:19:02.881 [ServerDiscovery-Thread] INFO  o.e.z.client.ServerDiscoveryClient - Server Address: 10.219.179.108
2025-12-27 14:19:02.882 [ServerDiscovery-Thread] INFO  o.e.z.client.ServerDiscoveryClient - TCP Port: 5000
2025-12-27 14:19:02.883 [ServerDiscovery-Thread] INFO  o.e.z.client.ServerDiscoveryClient - Response Time: 0ms
2025-12-27 14:19:02.884 [JavaFX Application Thread] INFO  o.e.z.c.auth.LoginController - === ✓ Auto-Discovery Thành Công ===
2025-12-27 14:19:02.886 [JavaFX Application Thread] INFO  o.e.z.c.auth.LoginController - Server được tìm thấy: 10.219.179.108:5000
2025-12-27 14:19:02.887 [JavaFX Application Thread] INFO  o.e.z.c.auth.LoginController - Thời gian tìm kiếm: 49ms
2025-12-27 14:19:02.887 [JavaFX Application Thread] INFO  org.example.zalu.client.ChatClient - Đã cập nhật cấu hình server: 10.219.179.108:5000
2025-12-27 14:19:02.889 [JavaFX Application Thread] INFO  org.example.zalu.client.ChatClient - Đã ngắt kết nối sạch sẽ – không reconnect tự động
2025-12-27 14:19:02.889 [JavaFX Application Thread] INFO  o.e.z.c.auth.LoginController - Đã cấu hình ChatClient với server: 10.219.179.108:5000
2025-12-27 14:19:02.890 [JavaFX Application Thread] INFO  o.e.z.c.auth.LoginController - === Kết thúc Auto-Discovery ===
2025-12-27 14:19:20.711 [pool-2-thread-1] WARN  org.example.zalu.client.ChatClient - ✗ Không thể gửi (chưa kết nối): TYPING_STOP|17|1
2025-12-27 14:19:20.712 [pool-2-thread-1] INFO  org.example.zalu.client.ChatClient - Đang thử kết nối lại...
2025-12-27 14:19:20.712 [pool-2-thread-1] INFO  org.example.zalu.client.ChatClient - === Đang kết nối đến Server ===
2025-12-27 14:19:20.712 [pool-2-thread-1] INFO  org.example.zalu.client.ChatClient - Server Address: 10.219.179.108
2025-12-27 14:19:20.712 [pool-2-thread-1] INFO  org.example.zalu.client.ChatClient - Server Port: 5000
2025-12-27 14:19:20.715 [Thread-5] INFO  org.example.zalu.server.ChatServer - ✅ Client mới kết nối: /10.219.179.108
2025-12-27 14:19:20.718 [pool-2-thread-1] INFO  org.example.zalu.client.ChatClient - === ✓ Kết nối thành công ===
2025-12-27 14:19:20.718 [pool-2-thread-1] INFO  org.example.zalu.client.ChatClient - Connected to: 10.219.179.108:5000
2025-12-27 14:19:20.719 [pool-2-thread-1] INFO  org.example.zalu.client.ChatClient - Socket timeout: 120s
2025-12-27 14:19:20.719 [pool-2-thread-1] INFO  org.example.zalu.client.ChatClient - Buffer size: 2MB
2025-12-27 14:19:20.719 [pool-2-thread-1] INFO  org.example.zalu.client.ChatClient - ✓ Kết nối lại thành công sau 1 lần thử!
2025-12-27 14:19:20.722 [pool-2-thread-1] INFO  org.example.zalu.client.ChatClient - Gửi: SEND_FILE|17|1|voice_1766819959011.wav|96000
2025-12-27 14:19:20.723 [pool-2-thread-1] INFO  org.example.zalu.client.ChatClient - Gửi file: 96000 bytes
2025-12-27 14:19:20.726 [JavaFX Application Thread] INFO  o.e.z.controller.chat.ChatController - Sent voice message: voice_1766819959011.wav (93.8 KB)
2025-12-27 14:19:20.727 [pool-2-thread-1] ERROR org.example.zalu.client.ChatClient - Lỗi gửi object: An established connection was aborted by the software in your host machine
java.net.SocketException: An established connection was aborted by the software in your host machine
	at java.base/sun.nio.ch.SocketDispatcher.write0(Native Method)
	at java.base/sun.nio.ch.SocketDispatcher.write(SocketDispatcher.java:54)
	at java.base/sun.nio.ch.NioSocketImpl.tryWrite(NioSocketImpl.java:394)
	at java.base/sun.nio.ch.NioSocketImpl.implWrite(NioSocketImpl.java:410)
	at java.base/sun.nio.ch.NioSocketImpl.write(NioSocketImpl.java:440)
	at java.base/sun.nio.ch.NioSocketImpl$2.write(NioSocketImpl.java:819)
	at java.base/java.net.Socket$SocketOutputStream.write(Socket.java:1195)
	at java.base/java.io.ObjectOutputStream$BlockDataOutputStream.drain(ObjectOutputStream.java:1899)
	at java.base/java.io.ObjectOutputStream$BlockDataOutputStream.writeByte(ObjectOutputStream.java:1937)
	at java.base/java.io.ObjectOutputStream.writeFatalException(ObjectOutputStream.java:1614)
	at java.base/java.io.ObjectOutputStream.writeObject(ObjectOutputStream.java:361)
	at org.example.zalu@1.0-SNAPSHOT/org.example.zalu.client.ChatClient.lambda$sendObject$1(ChatClient.java:197)
	at java.base/java.util.concurrent.Executors$RunnableAdapter.call(Executors.java:572)
	at java.base/java.util.concurrent.FutureTask.run(FutureTask.java:317)
	at java.base/java.util.concurrent.ThreadPoolExecutor.runWorker(ThreadPoolExecutor.java:1144)
	at java.base/java.util.concurrent.ThreadPoolExecutor$Worker.run(ThreadPoolExecutor.java:642)
	at java.base/java.lang.Thread.run(Thread.java:1583)
2025-12-27 14:19:20.734 [pool-2-thread-1] INFO  org.example.zalu.client.ChatClient - Đang thử kết nối lại...
2025-12-27 14:19:20.734 [pool-2-thread-1] INFO  org.example.zalu.client.ChatClient - === Đang kết nối đến Server ===
2025-12-27 14:19:20.736 [pool-2-thread-1] INFO  org.example.zalu.client.ChatClient - Server Address: 10.219.179.108
2025-12-27 14:19:20.736 [pool-2-thread-1] INFO  org.example.zalu.client.ChatClient - Server Port: 5000
2025-12-27 14:19:20.738 [Thread-5] INFO  org.example.zalu.server.ChatServer - ✅ Client mới kết nối: /10.219.179.108
2025-12-27 14:19:20.741 [pool-2-thread-1] INFO  org.example.zalu.client.ChatClient - === ✓ Kết nối thành công ===
2025-12-27 14:19:20.741 [pool-2-thread-1] INFO  org.example.zalu.client.ChatClient - Connected to: 10.219.179.108:5000
2025-12-27 14:19:20.741 [pool-2-thread-1] INFO  org.example.zalu.client.ChatClient - Socket timeout: 120s
2025-12-27 14:19:20.741 [pool-2-thread-1] INFO  org.example.zalu.client.ChatClient - Buffer size: 2MB
2025-12-27 14:19:20.743 [pool-2-thread-1] INFO  org.example.zalu.client.ChatClient - ✓ Kết nối lại thành công sau 1 lần thử!
2025-12-27 14:19:28.548 [JavaFX Application Thread] INFO  o.e.zalu.controller.MainController - Logout triggered for userId: 17
2025-12-27 14:19:29.673 [JavaFX Application Thread] INFO  org.example.zalu.client.ChatClient - Đã gửi LOGOUT tới server
2025-12-27 14:19:29.875 [JavaFX Application Thread] INFO  org.example.zalu.client.ChatClient - Đã ngắt kết nối sạch sẽ – không reconnect tự động
2025-12-27 14:19:29.876 [JavaFX Application Thread] INFO  o.e.zalu.controller.MainController - Resetting data flags for logout...
2025-12-27 14:19:29.880 [JavaFX Application Thread] INFO  o.e.zalu.controller.MainController - Data flags reset completed
2025-12-27 14:19:29.889 [JavaFX Application Thread] INFO  o.e.z.c.auth.LoginController - === Khởi động Auto-Discovery ===
2025-12-27 14:19:29.892 [ServerDiscovery-Thread] INFO  o.e.z.c.auth.LoginController - Bắt đầu quá trình tìm kiếm server tự động...
2025-12-27 14:19:29.893 [ServerDiscovery-Thread] INFO  o.e.z.client.ServerDiscoveryClient - === Bắt đầu tìm kiếm Server trong mạng LAN ===
2025-12-27 14:19:29.894 [ServerDiscovery-Thread] INFO  o.e.z.client.ServerDiscoveryClient - Discovery Port: 8888
2025-12-27 14:19:29.895 [ServerDiscovery-Thread] INFO  o.e.z.client.ServerDiscoveryClient - Timeout: 3000ms
2025-12-27 14:19:29.897 [ServerDiscovery-Thread] INFO  o.e.z.client.ServerDiscoveryClient - ✓ UDP Socket đã khởi tạo
2025-12-27 14:19:29.897 [ServerDiscovery-Thread] INFO  o.e.z.client.ServerDiscoveryClient - ✓ Broadcast mode: ENABLED
2025-12-27 14:19:29.898 [ServerDiscovery-Thread] INFO  o.e.z.client.ServerDiscoveryClient - ✓ Timeout: 3000ms
2025-12-27 14:19:29.899 [ServerDiscovery-Thread] INFO  o.e.z.client.ServerDiscoveryClient - >>> [Broadcast #1] Sent to 255.255.255.255:8888
2025-12-27 14:19:29.901 [ServerDiscovery-Thread] INFO  o.e.z.client.ServerDiscoveryClient - Đang quét các network interfaces...
2025-12-27 14:19:29.901 [Discovery-Listener] INFO  o.e.z.server.ServerDiscoveryListener - >>> [Request #9] Discovery request từ 10.219.179.108:59540
2025-12-27 14:19:29.903 [Discovery-Listener] INFO  o.e.z.server.ServerDiscoveryListener - <<< [Response #9] Đã gửi response tới 10.219.179.108:59540 - TCP Port: 5000
2025-12-27 14:19:29.907 [ServerDiscovery-Thread] INFO  o.e.z.client.ServerDiscoveryClient -   [Interface #1] WAN Miniport (IP)-WFP Native MAC Layer LightWeight Filter-0000 - ACTIVE
2025-12-27 14:19:29.908 [ServerDiscovery-Thread] INFO  o.e.z.client.ServerDiscoveryClient -   [Interface #2] WAN Miniport (IP)-QoS Packet Scheduler-0000 - ACTIVE
2025-12-27 14:19:29.909 [ServerDiscovery-Thread] INFO  o.e.z.client.ServerDiscoveryClient -   [Interface #3] WAN Miniport (IPv6)-WFP Native MAC Layer LightWeight Filter-0000 - ACTIVE
2025-12-27 14:19:29.910 [ServerDiscovery-Thread] INFO  o.e.z.client.ServerDiscoveryClient -   [Interface #4] WAN Miniport (IPv6)-QoS Packet Scheduler-0000 - ACTIVE
2025-12-27 14:19:29.910 [ServerDiscovery-Thread] INFO  o.e.z.client.ServerDiscoveryClient -   [Interface #5] WAN Miniport (Network Monitor)-WFP Native MAC Layer LightWeight Filter-0000 - ACTIVE
2025-12-27 14:19:29.912 [ServerDiscovery-Thread] INFO  o.e.z.client.ServerDiscoveryClient -   [Interface #6] WAN Miniport (Network Monitor)-QoS Packet Scheduler-0000 - ACTIVE
2025-12-27 14:19:29.912 [ServerDiscovery-Thread] INFO  o.e.z.client.ServerDiscoveryClient -   [Interface #8] WAN Miniport (IP) - ACTIVE
2025-12-27 14:19:29.913 [ServerDiscovery-Thread] INFO  o.e.z.client.ServerDiscoveryClient -   [Interface #9] WAN Miniport (IPv6) - ACTIVE
2025-12-27 14:19:29.915 [ServerDiscovery-Thread] INFO  o.e.z.client.ServerDiscoveryClient -   [Interface #10] WAN Miniport (Network Monitor) - ACTIVE
2025-12-27 14:19:29.917 [ServerDiscovery-Thread] INFO  o.e.z.client.ServerDiscoveryClient -   [Interface #14] Intel(R) Wi-Fi 6E AX211 160MHz-WFP Native MAC Layer LightWeight Filter-0000 - ACTIVE
2025-12-27 14:19:29.918 [ServerDiscovery-Thread] INFO  o.e.z.client.ServerDiscoveryClient -   [Interface #15] Intel(R) Wi-Fi 6E AX211 160MHz-Virtual WiFi Filter Driver-0000 - ACTIVE
2025-12-27 14:19:29.920 [ServerDiscovery-Thread] INFO  o.e.z.client.ServerDiscoveryClient -   [Interface #16] Intel(R) Wi-Fi 6E AX211 160MHz-Native WiFi Filter Driver-0000 - ACTIVE
2025-12-27 14:19:29.921 [ServerDiscovery-Thread] INFO  o.e.z.client.ServerDiscoveryClient -   [Interface #17] Intel(R) Wi-Fi 6E AX211 160MHz-QoS Packet Scheduler-0000 - ACTIVE
2025-12-27 14:19:29.922 [ServerDiscovery-Thread] INFO  o.e.z.client.ServerDiscoveryClient -   [Interface #18] Intel(R) Wi-Fi 6E AX211 160MHz-WFP 802.3 MAC Layer LightWeight Filter-0000 - ACTIVE
2025-12-27 14:19:29.928 [ServerDiscovery-Thread] INFO  o.e.z.client.ServerDiscoveryClient -   [Interface #27] Intel(R) Wi-Fi 6E AX211 160MHz - ACTIVE
2025-12-27 14:19:29.930 [ServerDiscovery-Thread] INFO  o.e.z.client.ServerDiscoveryClient -     >>> [Broadcast #2] Sent to 10.219.179.255 (Intel(R) Wi-Fi 6E AX211 160MHz)
2025-12-27 14:19:29.930 [Discovery-Listener] INFO  o.e.z.server.ServerDiscoveryListener - >>> [Request #10] Discovery request từ 10.219.179.108:59540
2025-12-27 14:19:29.932 [Discovery-Listener] INFO  o.e.z.server.ServerDiscoveryListener - <<< [Response #10] Đã gửi response tới 10.219.179.108:59540 - TCP Port: 5000
2025-12-27 14:19:29.933 [ServerDiscovery-Thread] INFO  o.e.z.client.ServerDiscoveryClient - ✓ Đã quét 36 network interfaces
2025-12-27 14:19:29.934 [ServerDiscovery-Thread] INFO  o.e.z.client.ServerDiscoveryClient - === Tổng số broadcast packets gửi đi: 2 ===
2025-12-27 14:19:29.934 [ServerDiscovery-Thread] INFO  o.e.z.client.ServerDiscoveryClient - Đang chờ nhận phản hồi từ server (timeout: 3000ms)...
2025-12-27 14:19:29.935 [ServerDiscovery-Thread] INFO  o.e.z.client.ServerDiscoveryClient - <<< Nhận phản hồi từ 10.219.179.108:8888 (1ms)
2025-12-27 14:19:29.936 [ServerDiscovery-Thread] INFO  o.e.z.client.ServerDiscoveryClient - === ✓ TÌM THẤY SERVER ===
2025-12-27 14:19:29.937 [ServerDiscovery-Thread] INFO  o.e.z.client.ServerDiscoveryClient - Server Address: 10.219.179.108
2025-12-27 14:19:29.938 [ServerDiscovery-Thread] INFO  o.e.z.client.ServerDiscoveryClient - TCP Port: 5000
2025-12-27 14:19:29.938 [ServerDiscovery-Thread] INFO  o.e.z.client.ServerDiscoveryClient - Response Time: 1ms
2025-12-27 14:19:30.226 [JavaFX Application Thread] INFO  o.e.zalu.controller.MainController - Logout successful
2025-12-27 14:19:30.232 [JavaFX Application Thread] INFO  o.e.z.c.auth.LoginController - === ✓ Auto-Discovery Thành Công ===
2025-12-27 14:19:30.232 [JavaFX Application Thread] INFO  o.e.z.c.auth.LoginController - Server được tìm thấy: 10.219.179.108:5000
2025-12-27 14:19:30.233 [JavaFX Application Thread] INFO  o.e.z.c.auth.LoginController - Thời gian tìm kiếm: 46ms
2025-12-27 14:19:30.233 [JavaFX Application Thread] INFO  org.example.zalu.client.ChatClient - Đã cập nhật cấu hình server: 10.219.179.108:5000
2025-12-27 14:19:30.233 [JavaFX Application Thread] INFO  org.example.zalu.client.ChatClient - Đã ngắt kết nối sạch sẽ – không reconnect tự động
2025-12-27 14:19:30.234 [JavaFX Application Thread] INFO  o.e.z.c.auth.LoginController - Đã cấu hình ChatClient với server: 10.219.179.108:5000
2025-12-27 14:19:30.234 [JavaFX Application Thread] INFO  o.e.z.c.auth.LoginController - === Kết thúc Auto-Discovery ===
2025-12-27 14:19:41.093 [JavaFX Application Thread] INFO  org.example.zalu.client.ChatClient - Chưa kết nối server, đang thử kết nối...
2025-12-27 14:19:41.093 [JavaFX Application Thread] INFO  org.example.zalu.client.ChatClient - === Đang kết nối đến Server ===
2025-12-27 14:19:41.094 [JavaFX Application Thread] INFO  org.example.zalu.client.ChatClient - Server Address: 10.219.179.108
2025-12-27 14:19:41.094 [JavaFX Application Thread] INFO  org.example.zalu.client.ChatClient - Server Port: 5000
2025-12-27 14:19:41.096 [Thread-5] INFO  org.example.zalu.server.ChatServer - ✅ Client mới kết nối: /10.219.179.108
2025-12-27 14:19:41.100 [JavaFX Application Thread] INFO  org.example.zalu.client.ChatClient - === ✓ Kết nối thành công ===
2025-12-27 14:19:41.100 [JavaFX Application Thread] INFO  org.example.zalu.client.ChatClient - Connected to: 10.219.179.108:5000
2025-12-27 14:19:41.100 [JavaFX Application Thread] INFO  org.example.zalu.client.ChatClient - Socket timeout: 120s
2025-12-27 14:19:41.102 [JavaFX Application Thread] INFO  org.example.zalu.client.ChatClient - Buffer size: 2MB
2025-12-27 14:19:41.102 [Global-Listener] INFO  org.example.zalu.client.ChatClient - Global listener đã khởi động
2025-12-27 14:19:41.204 [pool-2-thread-1] INFO  org.example.zalu.client.ChatClient - Gửi: LOGIN_REQUEST|mydt|123456
2025-12-27 14:19:41.204 [Thread-17] INFO  o.example.zalu.server.ClientHandler - Server: Xử lý LOGIN_REQUEST: LOGIN_REQUEST|mydt|123456
2025-12-27 14:19:41.419 [Thread-17] INFO  o.example.zalu.server.ClientHandler - Server: Login thành công, gửi LOGIN_RESPONSE cho user 17
2025-12-27 14:19:41.421 [Global-Listener] INFO  o.e.zalu.client.ChatEventManager - Received string message: LOGIN_RESPONSE|SUCCESS|17
2025-12-27 14:19:41.422 [Global-Listener] INFO  o.e.zalu.client.ChatEventManager - ChatEventManager: Current userId set to 17
2025-12-27 14:19:41.424 [JavaFX Application Thread] INFO  o.e.z.c.auth.LoginController - Login successful for user: mydt
2025-12-27 14:19:41.430 [Global-Listener] INFO  o.e.zalu.client.ChatEventManager - Received List<Integer> #1: [1] (friends, pending, or online users?)
2025-12-27 14:19:41.448 [JavaFX Application Thread] INFO  o.e.zalu.controller.MainController - DAOs and Managers initialized
2025-12-27 14:19:41.470 [Global-Listener] INFO  o.e.zalu.client.ChatEventManager - Received 21 messages total, grouped into 2 conversations
2025-12-27 14:19:41.492 [Thread-17] INFO  o.example.zalu.server.ClientHandler - ✓ mydt (ID: 17) đăng nhập thành công
2025-12-27 14:19:41.499 [JavaFX Application Thread] INFO  o.e.zalu.controller.MainController - Sub-controllers loaded for the first time
2025-12-27 14:19:41.502 [JavaFX Application Thread] INFO  o.e.zalu.controller.MainController - Welcome view (welcome-view.fxml) displayed successfully
2025-12-27 14:19:41.502 [JavaFX Application Thread] INFO  o.e.zalu.controller.MainController - MainController stage set
2025-12-27 14:19:41.503 [JavaFX Application Thread] INFO  o.e.zalu.controller.MainController - MainController currentUserId set to: 17
2025-12-27 14:19:41.503 [JavaFX Application Thread] INFO  o.e.zalu.controller.ChatListManager - Refreshing friend list for userId: 17
2025-12-27 14:19:41.504 [pool-2-thread-1] INFO  org.example.zalu.client.ChatClient - Gửi: GET_FRIENDS_LIST_FULL|17
2025-12-27 14:19:41.504 [pool-2-thread-1] INFO  org.example.zalu.client.ChatClient - Gửi: GET_GROUPS|17
2025-12-27 14:19:41.506 [pool-2-thread-1] INFO  org.example.zalu.client.ChatClient - Gửi: GET_USER_BY_ID|17
2025-12-27 14:19:41.632 [Global-Listener] INFO  org.example.zalu.client.ClientCache - Client cache saved to disk.
2025-12-27 14:19:41.638 [JavaFX Application Thread] INFO  o.e.zalu.controller.MainController - DAOs and Managers initialized
2025-12-27 14:19:41.665 [JavaFX Application Thread] INFO  o.e.zalu.controller.MainController - Sub-controllers loaded for the first time
2025-12-27 14:19:41.668 [JavaFX Application Thread] INFO  o.e.zalu.controller.MainController - Welcome view (welcome-view.fxml) displayed successfully
2025-12-27 14:19:41.668 [JavaFX Application Thread] INFO  o.e.zalu.controller.MainController - MainController stage set
2025-12-27 14:19:41.668 [JavaFX Application Thread] INFO  o.e.zalu.controller.MainController - MainController currentUserId set to: 17
2025-12-27 14:19:41.668 [JavaFX Application Thread] INFO  o.e.zalu.controller.ChatListManager - Refreshing friend list for userId: 17
2025-12-27 14:19:41.668 [pool-2-thread-1] INFO  org.example.zalu.client.ChatClient - Gửi: GET_FRIENDS_LIST_FULL|17
2025-12-27 14:19:41.670 [pool-2-thread-1] INFO  org.example.zalu.client.ChatClient - Gửi: GET_GROUPS|17
2025-12-27 14:19:41.670 [pool-2-thread-1] INFO  org.example.zalu.client.ChatClient - Gửi: GET_USER_BY_ID|17
2025-12-27 14:19:41.682 [Global-Listener] INFO  org.example.zalu.client.ClientCache - Client cache saved to disk.
2025-12-27 14:19:41.684 [Global-Listener] INFO  o.e.zalu.client.ChatEventManager - Received List<Integer> #2: [17] (friends, pending, or online users?)
2025-12-27 14:19:41.684 [Global-Listener] WARN  o.e.zalu.client.ChatEventManager - Unknown event type: java.util.HashMap
2025-12-27 14:19:41.704 [JavaFX Application Thread] INFO  o.e.zalu.client.ChatEventManager - ✓ Đăng nhập thành công! UserID = 17
2025-12-27 14:19:41.711 [JavaFX Application Thread] INFO  o.e.zalu.controller.MainController - onMessagesReceived: 21 messages
2025-12-27 14:19:41.712 [pool-2-thread-1] INFO  org.example.zalu.client.ChatClient - Gửi: GET_FRIENDS_LIST_FULL|17
2025-12-27 14:19:41.714 [JavaFX Application Thread] INFO  o.e.zalu.controller.ChatListManager - Received online users list: 1 users
2025-12-27 14:19:41.715 [JavaFX Application Thread] INFO  o.e.zalu.controller.ChatListManager - Received full friend list: 1 friends
2025-12-27 14:19:41.717 [JavaFX Application Thread] INFO  o.e.zalu.controller.ChatListManager - Pre-fetched top 1 conversations in background
2025-12-27 14:19:41.718 [pool-2-thread-1] INFO  org.example.zalu.client.ChatClient - Gửi: GET_CONVERSATION|17|1
2025-12-27 14:19:41.718 [JavaFX Application Thread] INFO  o.e.zalu.controller.ChatListManager - Friend list refreshed with 1 friends and 0 groups
2025-12-27 14:19:41.733 [JavaFX Application Thread] INFO  o.e.zalu.controller.ChatListManager - Received full friend list: 1 friends
2025-12-27 14:19:41.734 [JavaFX Application Thread] INFO  o.e.zalu.controller.ChatListManager - Pre-fetched top 1 conversations in background
2025-12-27 14:19:41.735 [pool-2-thread-1] INFO  org.example.zalu.client.ChatClient - Gửi: GET_CONVERSATION|17|1
2025-12-27 14:19:41.735 [JavaFX Application Thread] INFO  o.e.zalu.controller.ChatListManager - Friend list refreshed with 1 friends and 0 groups
2025-12-27 14:19:41.778 [JavaFX Application Thread] INFO  o.e.zalu.controller.ChatListManager - Received full friend list: 1 friends
2025-12-27 14:19:41.782 [JavaFX Application Thread] INFO  o.e.zalu.controller.ChatListManager - Pre-fetched top 1 conversations in background
2025-12-27 14:19:41.782 [pool-2-thread-1] INFO  org.example.zalu.client.ChatClient - Gửi: GET_CONVERSATION|17|1
2025-12-27 14:19:41.783 [JavaFX Application Thread] INFO  o.e.zalu.controller.ChatListManager - Friend list refreshed with 1 friends and 0 groups
2025-12-27 14:19:42.479 [Global-Listener] INFO  o.e.zalu.client.ChatEventManager - Caching history for chatId 1: 20 messages
2025-12-27 14:19:42.592 [Global-Listener] INFO  org.example.zalu.client.ClientCache - Client cache saved to disk.
2025-12-27 14:19:42.681 [JavaFX Application Thread] INFO  o.e.zalu.controller.MainController - Selection changed to: Lê Quang Huy (isWelcomeMode: true)
2025-12-27 14:19:42.739 [JavaFX Application Thread] INFO  o.e.zalu.controller.MainController - Loading chat for: Lê Quang Huy
2025-12-27 14:19:42.739 [JavaFX Application Thread] INFO  o.e.zalu.controller.MainController - Reloading chat for: Lê Quang Huy
2025-12-27 14:19:42.741 [JavaFX Application Thread] INFO  o.e.zalu.controller.MainController - Using cached messages for friend 1: 20 messages
2025-12-27 14:19:42.748 [pool-2-thread-1] INFO  org.example.zalu.client.ChatClient - Gửi: GET_PINNED_MESSAGES|17|1|false
2025-12-27 14:19:42.876 [pool-2-thread-1] INFO  org.example.zalu.client.ChatClient - Gửi: MARK_AS_READ|17|1
2025-12-27 14:19:42.877 [pool-2-thread-1] INFO  org.example.zalu.client.ChatClient - Gửi: GET_CONVERSATION|17|1
2025-12-27 14:19:42.884 [Global-Listener] INFO  o.e.zalu.client.ChatEventManager - Caching history for chatId 1: 20 messages
2025-12-27 14:19:42.980 [Global-Listener] INFO  org.example.zalu.client.ClientCache - Client cache saved to disk.
2025-12-27 14:19:43.176 [Global-Listener] INFO  o.e.zalu.client.ChatEventManager - Caching history for chatId 1: 20 messages
2025-12-27 14:19:43.252 [Global-Listener] INFO  org.example.zalu.client.ClientCache - Client cache saved to disk.
2025-12-27 14:19:43.600 [Global-Listener] INFO  o.e.zalu.client.ChatEventManager - Caching history for chatId 1: 20 messages
2025-12-27 14:19:43.714 [Global-Listener] INFO  org.example.zalu.client.ClientCache - Client cache saved to disk.
2025-12-27 14:19:46.191 [JavaFX Application Thread] INFO  org.example.zalu.client.ChatClient - Đã gửi LOGOUT tới server
2025-12-27 14:19:46.191 [Thread-17] INFO  o.example.zalu.server.ClientHandler - User 17 đăng xuất chủ động
2025-12-27 14:19:46.193 [Global-Listener] INFO  o.e.zalu.client.ChatEventManager - Received string message: LOGOUT_OK
2025-12-27 14:19:46.193 [Global-Listener] WARN  o.e.zalu.client.ChatEventManager - Unknown event type: java.lang.String
2025-12-27 14:19:46.407 [Thread-17] INFO  o.example.zalu.server.ClientHandler - Server: Client 17 đã đóng kết nối (EOF)
2025-12-27 14:19:46.407 [JavaFX Application Thread] INFO  org.example.zalu.client.ChatClient - Đã ngắt kết nối sạch sẽ – không reconnect tự động
2025-12-27 14:19:46.409 [Thread-17] INFO  o.example.zalu.server.ClientHandler - User 17 đã thoát
2025-12-27 14:19:46.424 [JavaFX Application Thread] INFO  org.example.zalu.ZaluApplication - Ứng dụng Zalu đã tắt hoàn toàn – Hẹn gặp lại!
